Workbook

Sheet README
A1: SIMULATED remote study workbook (teaching material): webcam eye tracking and webcam facial expression analysis
A3: Every number in this workbook is SIMULATED. It was generated by make_simulated_data.py (seed 20276200) in the style of the iMotions
A4: vendor demo (DEMO) Food Waste_webET_FEA_voice: every respondent saw two one minute food waste videos (foodwaste_narrative and
A5: foodwaste_visual) in random order, then an infographic with four tips (15 s), then a questionnaire. Remote Data Collection study built in
A6: iMotions Lab 11.1, run through my.imotions.com, downloaded, and processed in Lab (Post Processing > Affectiva, FEA thresholding at 50).
A7: No real person was recorded.
A9: Each order of the videos is its own study flow: Study flow 1 = narrative first, Study flow 2 = visual first (the Block column).
A11: Sheets:
A12: Session Session data as downloaded (columns A to J, rows 2 to 261); helper columns K to O are live formulas.
A13: Funnel Sessions entering and stopping at each step of the respondent funnel; completion by order (chi square); by device.
A14: Quality Quality table (MODELED layout): accuracy at the two calibrations, eye tracking quality and face quality per slide.
A15: Screening The exclusion rule, one row per completed respondent; the thresholds are in yellow cells and can be changed.
... A30: Companion files: analysis_excel_walkthrough.md (step by step), analysis.R, analysis_output.txt, results_text.md.

Sheet Session
A1: Id | B1: Started | C1: Ended | D1: Eye tracking | E1: Est. face % | F1: Block | G1: Status | H1: Last funnel step (modeled) | I1: Device type (modeled) | J1: Browser (modeled) | K1: Step number | L1: Completed (1 = yes) | M1: Order | N1: Session accuracy (degrees) | O1: Session quality (%)
A2: RESP0001 | B2: 46447.421 | C2: 46447.427 | D2: 1.3, 95% | E2: 99 | F2: Study flow 2 | G2: Processed | H2: Completed | I2: Laptop | J2: Firefox | K2: =IF(H2="Completed",11,VALUE(MID(H2,6,FIND(" ",H2,6)-6))) | L2: =IF(G2="Processed",1,0) | M2: =IF(F2="Study flow 1","Narrative first","Visual first") | N2: =IF(D2="","",VALUE(LEFT(D2,FIND(",",D2)-1))) | O2: =IF(D2="","",VALUE(SUBSTITUTE(MID(D2,FIND(",",D2)+2,10),"%","")))
A3: RESP0002 | B3: 46447.429 | C3: 46447.435 | D3: 2.7, 95% | E3: 98 | F3: Study flow 1 | G3: Processed | H3: Completed | I3: Laptop | J3: Chrome | K3: =IF(H3="Completed",11,VALUE(MID(H3,6,FIND(" ",H3,6)-6))) | L3: =IF(G3="Processed",1,0) | M3: =IF(F3="Study flow 1","Narrative first","Visual first") | N3: =IF(D3="","",VALUE(LEFT(D3,FIND(",",D3)-1))) | O3: =IF(D3="","",VALUE(SUBSTITUTE(MID(D3,FIND(",",D3)+2,10),"%","")))
A4: RESP0003 | B4: 46447.465 | C4: 46447.471 | D4: 1.5, 96% | E4: 86 | F4: Study flow 2 | G4: Processed | H4: Completed | I4: Laptop | J4: Safari | K4: =IF(H4="Completed",11,VALUE(MID(H4,6,FIND(" ",H4,6)-6))) | L4: =IF(G4="Processed",1,0) | M4: =IF(F4="Study flow 1","Narrative first","Visual first") | N4: =IF(D4="","",VALUE(LEFT(D4,FIND(",",D4)-1))) | O4: =IF(D4="","",VALUE(SUBSTITUTE(MID(D4,FIND(",",D4)+2,10),"%","")))
A5: RESP0004 | B5: 46447.49 | C5: 46447.496 | D5: 3.0, 95% | E5: 96 | F5: Study flow 2 | G5: Processed | H5: Completed | I5: Desktop | J5: Safari | K5: =IF(H5="Completed",11,VALUE(MID(H5,6,FIND(" ",H5,6)-6))) | L5: =IF(G5="Processed",1,0) | M5: =IF(F5="Study flow 1","Narrative first","Visual first") | N5: =IF(D5="","",VALUE(LEFT(D5,FIND(",",D5)-1))) | O5: =IF(D5="","",VALUE(SUBSTITUTE(MID(D5,FIND(",",D5)+2,10),"%","")))
A6: RESP0005 | B6: 46447.503 | C6: 46447.509 | D6: 1.1, 99% | E6: 92 | F6: Study flow 2 | G6: Processed | H6: Completed | I6: Laptop | J6: Safari | K6: =IF(H6="Completed",11,VALUE(MID(H6,6,FIND(" ",H6,6)-6))) | L6: =IF(G6="Processed",1,0) | M6: =IF(F6="Study flow 1","Narrative first","Visual first") | N6: =IF(D6="","",VALUE(LEFT(D6,FIND(",",D6)-1))) | O6: =IF(D6="","",VALUE(SUBSTITUTE(MID(D6,FIND(",",D6)+2,10),"%","")))
A7: RESP0006 | B7: 46447.53 | C7: 46447.536 | D7: 1.7, 97% | E7: 99 | F7: Study flow 2 | G7: Processed | H7: Completed | I7: Laptop | J7: Chrome | K7: =IF(H7="Completed",11,VALUE(MID(H7,6,FIND(" ",H7,6)-6))) | L7: =IF(G7="Processed",1,0) | M7: =IF(F7="Study flow 1","Narrative first","Visual first") | N7: =IF(D7="","",VALUE(LEFT(D7,FIND(",",D7)-1))) | O7: =IF(D7="","",VALUE(SUBSTITUTE(MID(D7,FIND(",",D7)+2,10),"%","")))
A8: RESP0007 | B8: 46447.59 | C8: 46447.596 | D8: 1.8, 97% | E8: 96 | F8: Study flow 1 | G8: Processed | H8: Completed | I8: Laptop | J8: Chrome | K8: =IF(H8="Completed",11,VALUE(MID(H8,6,FIND(" ",H8,6)-6))) | L8: =IF(G8="Processed",1,0) | M8: =IF(F8="Study flow 1","Narrative first","Visual first") | N8: =IF(D8="","",VALUE(LEFT(D8,FIND(",",D8)-1))) | O8: =IF(D8="","",VALUE(SUBSTITUTE(MID(D8,FIND(",",D8)+2,10),"%","")))
A9: RESP0008 | B9: 46447.683 | F9: Study flow 1 | G9: Abandoned | H9: STEP 8 Positioning check | I9: Laptop | J9: Edge | K9: =IF(H9="Completed",11,VALUE(MID(H9,6,FIND(" ",H9,6)-6))) | L9: =IF(G9="Processed",1,0) | M9: =IF(F9="Study flow 1","Narrative first","Visual first") | N9: =IF(D9="","",VALUE(LEFT(D9,FIND(",",D9)-1))) | O9: =IF(D9="","",VALUE(SUBSTITUTE(MID(D9,FIND(",",D9)+2,10),"%","")))
A10: RESP0009 | B10: 46447.689 | C10: 46447.695 | D10: 3.1, 94% | E10: 97 | F10: Study flow 1 | G10: Processed | H10: Completed | I10: Laptop | J10: Firefox | K10: =IF(H10="Completed",11,VALUE(MID(H10,6,FIND(" ",H10,6)-6))) | L10: =IF(G10="Processed",1,0) | M10: =IF(F10="Study flow 1","Narrative first","Visual first") | N10: =IF(D10="","",VALUE(LEFT(D10,FIND(",",D10)-1))) | O10: =IF(D10="","",VALUE(SUBSTITUTE(MID(D10,FIND(",",D10)+2,10),"%","")))
A11: RESP0010 | B11: 46447.713 | C11: 46447.718 | D11: 2.3, 97% | E11: 99 | F11: Study flow 1 | G11: Processed | H11: Completed | I11: Laptop | J11: Chrome | K11: =IF(H11="Completed",11,VALUE(MID(H11,6,FIND(" ",H11,6)-6))) | L11: =IF(G11="Processed",1,0) | M11: =IF(F11="Study flow 1","Narrative first","Visual first") | N11: =IF(D11="","",VALUE(LEFT(D11,FIND(",",D11)-1))) | O11: =IF(D11="","",VALUE(SUBSTITUTE(MID(D11,FIND(",",D11)+2,10),"%","")))
A12: RESP0011 | B12: 46447.739 | F12: Study flow 2 | G12: Abandoned | H12: STEP 4 Respondent camera setup | I12: Laptop | J12: Safari | K12: =IF(H12="Completed",11,VALUE(MID(H12,6,FIND(" ",H12,6)-6))) | L12: =IF(G12="Processed",1,0) | M12: =IF(F12="Study flow 1","Narrative first","Visual first") | N12: =IF(D12="","",VALUE(LEFT(D12,FIND(",",D12)-1))) | O12: =IF(D12="","",VALUE(SUBSTITUTE(MID(D12,FIND(",",D12)+2,10),"%","")))
A13: RESP0012 | B13: 46447.747 | C13: 46447.753 | D13: 1.7, 97% | E13: 99 | F13: Study flow 2 | G13: Processed | H13: Completed | I13: Desktop | J13: Chrome | K13: =IF(H13="Completed",11,VALUE(MID(H13,6,FIND(" ",H13,6)-6))) | L13: =IF(G13="Processed",1,0) | M13: =IF(F13="Study flow 1","Narrative first","Visual first") | N13: =IF(D13="","",VALUE(LEFT(D13,FIND(",",D13)-1))) | O13: =IF(D13="","",VALUE(SUBSTITUTE(MID(D13,FIND(",",D13)+2,10),"%","")))
A14: RESP0013 | B14: 46447.761 | C14: 46447.767 | D14: 2.2, 90% | E14: 96 | F14: Study flow 2 | G14: Processed | H14: Completed | I14: Laptop | J14: Chrome | K14: =IF(H14="Completed",11,VALUE(MID(H14,6,FIND(" ",H14,6)-6))) | L14: =IF(G14="Processed",1,0) | M14: =IF(F14="Study flow 1","Narrative first","Visual first") | N14: =IF(D14="","",VALUE(LEFT(D14,FIND(",",D14)-1))) | O14: =IF(D14="","",VALUE(SUBSTITUTE(MID(D14,FIND(",",D14)+2,10),"%","")))
A15: RESP0014 | B15: 46447.764 | C15: 46447.77 | D15: 2.0, 96% | E15: 99 | F15: Study flow 2 | G15: Processed | H15: Completed | I15: Laptop | J15: Chrome | K15: =IF(H15="Completed",11,VALUE(MID(H15,6,FIND(" ",H15,6)-6))) | L15: =IF(G15="Processed",1,0) | M15: =IF(F15="Study flow 1","Narrative first","Visual first") | N15: =IF(D15="","",VALUE(LEFT(D15,FIND(",",D15)-1))) | O15: =IF(D15="","",VALUE(SUBSTITUTE(MID(D15,FIND(",",D15)+2,10),"%","")))
A16: RESP0015 | B16: 46447.769 | C16: 46447.775 | D16: 1.5, 93% | E16: 90 | F16: Study flow 1 | G16: Processed | H16: Completed | I16: Laptop | J16: Safari | K16: =IF(H16="Completed",11,VALUE(MID(H16,6,FIND(" ",H16,6)-6))) | L16: =IF(G16="Processed",1,0) | M16: =IF(F16="Study flow 1","Narrative first","Visual first") | N16: =IF(D16="","",VALUE(LEFT(D16,FIND(",",D16)-1))) | O16: =IF(D16="","",VALUE(SUBSTITUTE(MID(D16,FIND(",",D16)+2,10),"%","")))
A17: RESP0016 | B17: 46447.779 | C17: 46447.785 | D17: 0.7, 97% | E17: 99 | F17: Study flow 2 | G17: Processed | H17: Completed | I17: Desktop | J17: Chrome | K17: =IF(H17="Completed",11,VALUE(MID(H17,6,FIND(" ",H17,6)-6))) | L17: =IF(G17="Processed",1,0) | M17: =IF(F17="Study flow 1","Narrative first","Visual first") | N17: =IF(D17="","",VALUE(LEFT(D17,FIND(",",D17)-1))) | O17: =IF(D17="","",VALUE(SUBSTITUTE(MID(D17,FIND(",",D17)+2,10),"%","")))
A18: RESP0017 | B18: 46447.797 | F18: Study flow 2 | G18: Abandoned | H18: STEP 5 Screen size | I18: Phone | J18: Chrome | K18: =IF(H18="Completed",11,VALUE(MID(H18,6,FIND(" ",H18,6)-6))) | L18: =IF(G18="Processed",1,0) | M18: =IF(F18="Study flow 1","Narrative first","Visual first") | N18: =IF(D18="","",VALUE(LEFT(D18,FIND(",",D18)-1))) | O18: =IF(D18="","",VALUE(SUBSTITUTE(MID(D18,FIND(",",D18)+2,10),"%","")))
A19: RESP0018 | B19: 46447.805 | F19: Study flow 2 | G19: Abandoned | H19: STEP 4 Respondent camera setup | I19: Laptop | J19: Chrome | K19: =IF(H19="Completed",11,VALUE(MID(H19,6,FIND(" ",H19,6)-6))) | L19: =IF(G19="Processed",1,0) | M19: =IF(F19="Study flow 1","Narrative first","Visual first") | N19: =IF(D19="","",VALUE(LEFT(D19,FIND(",",D19)-1))) | O19: =IF(D19="","",VALUE(SUBSTITUTE(MID(D19,FIND(",",D19)+2,10),"%","")))
A20: RESP0019 | B20: 46447.831 | C20: 46447.837 | D20: 2.9, 97% | E20: 99 | F20: Study flow 1 | G20: Processed | H20: Completed | I20: Desktop | J20: Chrome | K20: =IF(H20="Completed",11,VALUE(MID(H20,6,FIND(" ",H20,6)-6))) | L20: =IF(G20="Processed",1,0) | M20: =IF(F20="Study flow 1","Narrative first","Visual first") | N20: =IF(D20="","",VALUE(LEFT(D20,FIND(",",D20)-1))) | O20: =IF(D20="","",VALUE(SUBSTITUTE(MID(D20,FIND(",",D20)+2,10),"%","")))
A21: RESP0020 | B21: 46447.832 | C21: 46447.837 | D21: 3.6, 94% | E21: 98 | F21: Study flow 1 | G21: Processed | H21: Completed | I21: Laptop | J21: Chrome | K21: =IF(H21="Completed",11,VALUE(MID(H21,6,FIND(" ",H21,6)-6))) | L21: =IF(G21="Processed",1,0) | M21: =IF(F21="Study flow 1","Narrative first","Visual first") | N21: =IF(D21="","",VALUE(LEFT(D21,FIND(",",D21)-1))) | O21: =IF(D21="","",VALUE(SUBSTITUTE(MID(D21,FIND(",",D21)+2,10),"%","")))
A22: RESP0021 | B22: 46447.836 | F22: Study flow 2 | G22: Abandoned | H22: STEP 4 Respondent camera setup | I22: Laptop | J22: Safari | K22: =IF(H22="Completed",11,VALUE(MID(H22,6,FIND(" ",H22,6)-6))) | L22: =IF(G22="Processed",1,0) | M22: =IF(F22="Study flow 1","Narrative first","Visual first") | N22: =IF(D22="","",VALUE(LEFT(D22,FIND(",",D22)-1))) | O22: =IF(D22="","",VALUE(SUBSTITUTE(MID(D22,FIND(",",D22)+2,10),"%","")))
A23: RESP0022 | B23: 46447.841 | C23: 46447.847 | D23: 2.5, 95% | E23: 99 | F23: Study flow 1 | G23: Processed | H23: Completed | I23: Laptop | J23: Edge | K23: =IF(H23="Completed",11,VALUE(MID(H23,6,FIND(" ",H23,6)-6))) | L23: =IF(G23="Processed",1,0) | M23: =IF(F23="Study flow 1","Narrative first","Visual first") | N23: =IF(D23="","",VALUE(LEFT(D23,FIND(",",D23)-1))) | O23: =IF(D23="","",VALUE(SUBSTITUTE(MID(D23,FIND(",",D23)+2,10),"%","")))
A24: RESP0023 | B24: 46447.842 | C24: 46447.848 | D24: 1.7, 94% | E24: 93 | F24: Study flow 1 | G24: Processed | H24: Completed | I24: Desktop | J24: Chrome | K24: =IF(H24="Completed",11,VALUE(MID(H24,6,FIND(" ",H24,6)-6))) | L24: =IF(G24="Processed",1,0) | M24: =IF(F24="Study flow 1","Narrative first","Visual first") | N24: =IF(D24="","",VALUE(LEFT(D24,FIND(",",D24)-1))) | O24: =IF(D24="","",VALUE(SUBSTITUTE(MID(D24,FIND(",",D24)+2,10),"%","")))
A25: RESP0024 | B25: 46447.886 | C25: 46447.891 | D25: 1.8, 99% | E25: 99 | F25: Study flow 2 | G25: Processed | H25: Completed | I25: Desktop | J25: Edge | K25: =IF(H25="Completed",11,VALUE(MID(H25,6,FIND(" ",H25,6)-6))) | L25: =IF(G25="Processed",1,0) | M25: =IF(F25="Study flow 1","Narrative first","Visual first") | N25: =IF(D25="","",VALUE(LEFT(D25,FIND(",",D25)-1))) | O25: =IF(D25="","",VALUE(SUBSTITUTE(MID(D25,FIND(",",D25)+2,10),"%","")))
A26: RESP0025 | B26: 46447.888 | C26: 46447.894 | D26: 1.2, 99% | E26: 99 | F26: Study flow 1 | G26: Processed | H26: Completed | I26: Laptop | J26: Chrome | K26: =IF(H26="Completed",11,VALUE(MID(H26,6,FIND(" ",H26,6)-6))) | L26: =IF(G26="Processed",1,0) | M26: =IF(F26="Study flow 1","Narrative first","Visual first") | N26: =IF(D26="","",VALUE(LEFT(D26,FIND(",",D26)-1))) | O26: =IF(D26="","",VALUE(SUBSTITUTE(MID(D26,FIND(",",D26)+2,10),"%","")))
A27: RESP0026 | B27: 46447.889 | C27: 46447.896 | D27: 1.7, 94% | E27: 95 | F27: Study flow 1 | G27: Processed | H27: Completed | I27: Desktop | J27: Chrome | K27: =IF(H27="Completed",11,VALUE(MID(H27,6,FIND(" ",H27,6)-6))) | L27: =IF(G27="Processed",1,0) | M27: =IF(F27="Study flow 1","Narrative first","Visual first") | N27: =IF(D27="","",VALUE(LEFT(D27,FIND(",",D27)-1))) | O27: =IF(D27="","",VALUE(SUBSTITUTE(MID(D27,FIND(",",D27)+2,10),"%","")))
A28: RESP0027 | B28: 46447.904 | F28: Study flow 1 | G28: Abandoned | H28: STEP 2 Consent screen | I28: Laptop | J28: Edge | K28: =IF(H28="Completed",11,VALUE(MID(H28,6,FIND(" ",H28,6)-6))) | L28: =IF(G28="Processed",1,0) | M28: =IF(F28="Study flow 1","Narrative first","Visual first") | N28: =IF(D28="","",VALUE(LEFT(D28,FIND(",",D28)-1))) | O28: =IF(D28="","",VALUE(SUBSTITUTE(MID(D28,FIND(",",D28)+2,10),"%","")))
A29: RESP0028 | B29: 46448.508 | C29: 46448.515 | D29: 3.2, 84% | E29: 99 | F29: Study flow 1 | G29: Processed | H29: Completed | I29: Laptop | J29: Edge | K29: =IF(H29="Completed",11,VALUE(MID(H29,6,FIND(" ",H29,6)-6))) | L29: =IF(G29="Processed",1,0) | M29: =IF(F29="Study flow 1","Narrative first","Visual first") | N29: =IF(D29="","",VALUE(LEFT(D29,FIND(",",D29)-1))) | O29: =IF(D29="","",VALUE(SUBSTITUTE(MID(D29,FIND(",",D29)+2,10),"%","")))
A30: RESP0029 | B30: 46448.545 | C30: 46448.551 | D30: 2.4, 97% | E30: 99 | F30: Study flow 2 | G30: Processed | H30: Completed | I30: Laptop | J30: Chrome | K30: =IF(H30="Completed",11,VALUE(MID(H30,6,FIND(" ",H30,6)-6))) | L30: =IF(G30="Processed",1,0) | M30: =IF(F30="Study flow 1","Narrative first","Visual first") | N30: =IF(D30="","",VALUE(LEFT(D30,FIND(",",D30)-1))) | O30: =IF(D30="","",VALUE(SUBSTITUTE(MID(D30,FIND(",",D30)+2,10),"%","")))
A31: RESP0030 | B31: 46448.606 | F31: Study flow 1 | G31: Abandoned | H31: STEP 5 Screen size | I31: Phone | J31: Safari | K31: =IF(H31="Completed",11,VALUE(MID(H31,6,FIND(" ",H31,6)-6))) | L31: =IF(G31="Processed",1,0) | M31: =IF(F31="Study flow 1","Narrative first","Visual first") | N31: =IF(D31="","",VALUE(LEFT(D31,FIND(",",D31)-1))) | O31: =IF(D31="","",VALUE(SUBSTITUTE(MID(D31,FIND(",",D31)+2,10),"%","")))
A32: RESP0031 | B32: 46448.657 | C32: 46448.662 | D32: 2.9, 93% | E32: 100 | F32: Study flow 1 | G32: Processed | H32: Completed | I32: Desktop | J32: Chrome | K32: =IF(H32="Completed",11,VALUE(MID(H32,6,FIND(" ",H32,6)-6))) | L32: =IF(G32="Processed",1,0) | M32: =IF(F32="Study flow 1","Narrative first","Visual first") | N32: =IF(D32="","",VALUE(LEFT(D32,FIND(",",D32)-1))) | O32: =IF(D32="","",VALUE(SUBSTITUTE(MID(D32,FIND(",",D32)+2,10),"%","")))
A33: RESP0032 | B33: 46448.658 | C33: 46448.665 | D33: 1.7, 95% | E33: 85 | F33: Study flow 1 | G33: Processed | H33: Completed | I33: Laptop | J33: Chrome | K33: =IF(H33="Completed",11,VALUE(MID(H33,6,FIND(" ",H33,6)-6))) | L33: =IF(G33="Processed",1,0) | M33: =IF(F33="Study flow 1","Narrative first","Visual first") | N33: =IF(D33="","",VALUE(LEFT(D33,FIND(",",D33)-1))) | O33: =IF(D33="","",VALUE(SUBSTITUTE(MID(D33,FIND(",",D33)+2,10),"%","")))
A34: RESP0033 | B34: 46448.662 | F34: Study flow 2 | G34: Abandoned | H34: STEP 5 Screen size | I34: Tablet | J34: Safari | K34: =IF(H34="Completed",11,VALUE(MID(H34,6,FIND(" ",H34,6)-6))) | L34: =IF(G34="Processed",1,0) | M34: =IF(F34="Study flow 1","Narrative first","Visual first") | N34: =IF(D34="","",VALUE(LEFT(D34,FIND(",",D34)-1))) | O34: =IF(D34="","",VALUE(SUBSTITUTE(MID(D34,FIND(",",D34)+2,10),"%","")))
A35: RESP0034 | B35: 46448.7 | F35: Study flow 1 | G35: Abandoned | H35: STEP 5 Screen size | I35: Tablet | J35: Chrome | K35: =IF(H35="Completed",11,VALUE(MID(H35,6,FIND(" ",H35,6)-6))) | L35: =IF(G35="Processed",1,0) | M35: =IF(F35="Study flow 1","Narrative first","Visual first") | N35: =IF(D35="","",VALUE(LEFT(D35,FIND(",",D35)-1))) | O35: =IF(D35="","",VALUE(SUBSTITUTE(MID(D35,FIND(",",D35)+2,10),"%","")))
A36: RESP0035 | B36: 46448.704 | C36: 46448.71 | D36: 1.4, 98% | E36: 99 | F36: Study flow 1 | G36: Processed | H36: Completed | I36: Laptop | J36: Chrome | K36: =IF(H36="Completed",11,VALUE(MID(H36,6,FIND(" ",H36,6)-6))) | L36: =IF(G36="Processed",1,0) | M36: =IF(F36="Study flow 1","Narrative first","Visual first") | N36: =IF(D36="","",VALUE(LEFT(D36,FIND(",",D36)-1))) | O36: =IF(D36="","",VALUE(SUBSTITUTE(MID(D36,FIND(",",D36)+2,10),"%","")))
A37: RESP0036 | B37: 46448.715 | C37: 46448.722 | D37: 1.5, 96% | E37: 99 | F37: Study flow 1 | G37: Processed | H37: Completed | I37: Desktop | J37: Edge | K37: =IF(H37="Completed",11,VALUE(MID(H37,6,FIND(" ",H37,6)-6))) | L37: =IF(G37="Processed",1,0) | M37: =IF(F37="Study flow 1","Narrative first","Visual first") | N37: =IF(D37="","",VALUE(LEFT(D37,FIND(",",D37)-1))) | O37: =IF(D37="","",VALUE(SUBSTITUTE(MID(D37,FIND(",",D37)+2,10),"%","")))
A38: RESP0037 | B38: 46448.729 | C38: 46448.735 | D38: 1.6, 97% | E38: 99 | F38: Study flow 2 | G38: Processed | H38: Completed | I38: Desktop | J38: Firefox | K38: =IF(H38="Completed",11,VALUE(MID(H38,6,FIND(" ",H38,6)-6))) | L38: =IF(G38="Processed",1,0) | M38: =IF(F38="Study flow 1","Narrative first","Visual first") | N38: =IF(D38="","",VALUE(LEFT(D38,FIND(",",D38)-1))) | O38: =IF(D38="","",VALUE(SUBSTITUTE(MID(D38,FIND(",",D38)+2,10),"%","")))
A39: RESP0038 | B39: 46448.751 | C39: 46448.758 | D39: 1.9, 98% | E39: 98 | F39: Study flow 1 | G39: Processed | H39: Completed | I39: Desktop | J39: Firefox | K39: =IF(H39="Completed",11,VALUE(MID(H39,6,FIND(" ",H39,6)-6))) | L39: =IF(G39="Processed",1,0) | M39: =IF(F39="Study flow 1","Narrative first","Visual first") | N39: =IF(D39="","",VALUE(LEFT(D39,FIND(",",D39)-1))) | O39: =IF(D39="","",VALUE(SUBSTITUTE(MID(D39,FIND(",",D39)+2,10),"%","")))
A40: RESP0039 | B40: 46448.781 | C40: 46448.786 | D40: 3.5, 93% | E40: 97 | F40: Study flow 2 | G40: Processed | H40: Completed | I40: Desktop | J40: Chrome | K40: =IF(H40="Completed",11,VALUE(MID(H40,6,FIND(" ",H40,6)-6))) | L40: =IF(G40="Processed",1,0) | M40: =IF(F40="Study flow 1","Narrative first","Visual first") | N40: =IF(D40="","",VALUE(LEFT(D40,FIND(",",D40)-1))) | O40: =IF(D40="","",VALUE(SUBSTITUTE(MID(D40,FIND(",",D40)+2,10),"%","")))
A41: RESP0040 | B41: 46448.783 | C41: 46448.789 | D41: 1.0, 98% | E41: 98 | F41: Study flow 1 | G41: Processed | H41: Completed | I41: Laptop | J41: Chrome | K41: =IF(H41="Completed",11,VALUE(MID(H41,6,FIND(" ",H41,6)-6))) | L41: =IF(G41="Processed",1,0) | M41: =IF(F41="Study flow 1","Narrative first","Visual first") | N41: =IF(D41="","",VALUE(LEFT(D41,FIND(",",D41)-1))) | O41: =IF(D41="","",VALUE(SUBSTITUTE(MID(D41,FIND(",",D41)+2,10),"%","")))
A42: RESP0041 | B42: 46448.814 | C42: 46448.82 | D42: 4.8, 84% | E42: 95 | F42: Study flow 2 | G42: Processed | H42: Completed | I42: Laptop | J42: Edge | K42: =IF(H42="Completed",11,VALUE(MID(H42,6,FIND(" ",H42,6)-6))) | L42: =IF(G42="Processed",1,0) | M42: =IF(F42="Study flow 1","Narrative first","Visual first") | N42: =IF(D42="","",VALUE(LEFT(D42,FIND(",",D42)-1))) | O42: =IF(D42="","",VALUE(SUBSTITUTE(MID(D42,FIND(",",D42)+2,10),"%","")))
A43: RESP0042 | B43: 46448.814 | F43: Study flow 2 | G43: Abandoned | H43: STEP 5 Screen size | I43: Phone | J43: Chrome | K43: =IF(H43="Completed",11,VALUE(MID(H43,6,FIND(" ",H43,6)-6))) | L43: =IF(G43="Processed",1,0) | M43: =IF(F43="Study flow 1","Narrative first","Visual first") | N43: =IF(D43="","",VALUE(LEFT(D43,FIND(",",D43)-1))) | O43: =IF(D43="","",VALUE(SUBSTITUTE(MID(D43,FIND(",",D43)+2,10),"%","")))
A44: RESP0043 | B44: 46448.823 | C44: 46448.83 | D44: 5.4, 94% | E44: 92 | F44: Study flow 1 | G44: Processed | H44: Completed | I44: Desktop | J44: Firefox | K44: =IF(H44="Completed",11,VALUE(MID(H44,6,FIND(" ",H44,6)-6))) | L44: =IF(G44="Processed",1,0) | M44: =IF(F44="Study flow 1","Narrative first","Visual first") | N44: =IF(D44="","",VALUE(LEFT(D44,FIND(",",D44)-1))) | O44: =IF(D44="","",VALUE(SUBSTITUTE(MID(D44,FIND(",",D44)+2,10),"%","")))
A45: RESP0044 | B45: 46448.831 | C45: 46448.838 | D45: 1.2, 99% | E45: 91 | F45: Study flow 1 | G45: Processed | H45: Completed | I45: Laptop | J45: Edge | K45: =IF(H45="Completed",11,VALUE(MID(H45,6,FIND(" ",H45,6)-6))) | L45: =IF(G45="Processed",1,0) | M45: =IF(F45="Study flow 1","Narrative first","Visual first") | N45: =IF(D45="","",VALUE(LEFT(D45,FIND(",",D45)-1))) | O45: =IF(D45="","",VALUE(SUBSTITUTE(MID(D45,FIND(",",D45)+2,10),"%","")))
A46: RESP0045 | B46: 46448.865 | F46: Study flow 1 | G46: Abandoned | H46: STEP 2 Consent screen | I46: Laptop | J46: Chrome | K46: =IF(H46="Completed",11,VALUE(MID(H46,6,FIND(" ",H46,6)-6))) | L46: =IF(G46="Processed",1,0) | M46: =IF(F46="Study flow 1","Narrative first","Visual first") | N46: =IF(D46="","",VALUE(LEFT(D46,FIND(",",D46)-1))) | O46: =IF(D46="","",VALUE(SUBSTITUTE(MID(D46,FIND(",",D46)+2,10),"%","")))
A47: RESP0046 | B47: 46448.867 | C47: 46448.873 | D47: 1.4, 97% | E47: 98 | F47: Study flow 2 | G47: Processed | H47: Completed | I47: Laptop | J47: Chrome | K47: =IF(H47="Completed",11,VALUE(MID(H47,6,FIND(" ",H47,6)-6))) | L47: =IF(G47="Processed",1,0) | M47: =IF(F47="Study flow 1","Narrative first","Visual first") | N47: =IF(D47="","",VALUE(LEFT(D47,FIND(",",D47)-1))) | O47: =IF(D47="","",VALUE(SUBSTITUTE(MID(D47,FIND(",",D47)+2,10),"%","")))
A48: RESP0047 | B48: 46448.867 | C48: 46448.874 | D48: 2.9, 98% | E48: 95 | F48: Study flow 1 | G48: Processed | H48: Completed | I48: Laptop | J48: Chrome | K48: =IF(H48="Completed",11,VALUE(MID(H48,6,FIND(" ",H48,6)-6))) | L48: =IF(G48="Processed",1,0) | M48: =IF(F48="Study flow 1","Narrative first","Visual first") | N48: =IF(D48="","",VALUE(LEFT(D48,FIND(",",D48)-1))) | O48: =IF(D48="","",VALUE(SUBSTITUTE(MID(D48,FIND(",",D48)+2,10),"%","")))
A49: RESP0048 | B49: 46448.937 | C49: 46448.944 | D49: 1.0, 99% | E49: 99 | F49: Study flow 1 | G49: Processed | H49: Completed | I49: Laptop | J49: Chrome | K49: =IF(H49="Completed",11,VALUE(MID(H49,6,FIND(" ",H49,6)-6))) | L49: =IF(G49="Processed",1,0) | M49: =IF(F49="Study flow 1","Narrative first","Visual first") | N49: =IF(D49="","",VALUE(LEFT(D49,FIND(",",D49)-1))) | O49: =IF(D49="","",VALUE(SUBSTITUTE(MID(D49,FIND(",",D49)+2,10),"%","")))
A50: RESP0049 | B50: 46449.403 | C50: 46449.41 | D50: 1.2, 98% | E50: 85 | F50: Study flow 1 | G50: Processed | H50: Completed | I50: Desktop | J50: Chrome | K50: =IF(H50="Completed",11,VALUE(MID(H50,6,FIND(" ",H50,6)-6))) | L50: =IF(G50="Processed",1,0) | M50: =IF(F50="Study flow 1","Narrative first","Visual first") | N50: =IF(D50="","",VALUE(LEFT(D50,FIND(",",D50)-1))) | O50: =IF(D50="","",VALUE(SUBSTITUTE(MID(D50,FIND(",",D50)+2,10),"%","")))
A51: RESP0050 | B51: 46449.408 | C51: 46449.413 | D51: 1.6, 95% | E51: 99 | F51: Study flow 1 | G51: Processed | H51: Completed | I51: Laptop | J51: Chrome | K51: =IF(H51="Completed",11,VALUE(MID(H51,6,FIND(" ",H51,6)-6))) | L51: =IF(G51="Processed",1,0) | M51: =IF(F51="Study flow 1","Narrative first","Visual first") | N51: =IF(D51="","",VALUE(LEFT(D51,FIND(",",D51)-1))) | O51: =IF(D51="","",VALUE(SUBSTITUTE(MID(D51,FIND(",",D51)+2,10),"%","")))
A52: RESP0051 | B52: 46449.482 | F52: Study flow 1 | G52: Abandoned | H52: STEP 4 Respondent camera setup | I52: Laptop | J52: Safari | K52: =IF(H52="Completed",11,VALUE(MID(H52,6,FIND(" ",H52,6)-6))) | L52: =IF(G52="Processed",1,0) | M52: =IF(F52="Study flow 1","Narrative first","Visual first") | N52: =IF(D52="","",VALUE(LEFT(D52,FIND(",",D52)-1))) | O52: =IF(D52="","",VALUE(SUBSTITUTE(MID(D52,FIND(",",D52)+2,10),"%","")))
A53: RESP0052 | B53: 46449.535 | C53: 46449.541 | D53: 1.0, 97% | E53: 95 | F53: Study flow 2 | G53: Processed | H53: Completed | I53: Laptop | J53: Chrome | K53: =IF(H53="Completed",11,VALUE(MID(H53,6,FIND(" ",H53,6)-6))) | L53: =IF(G53="Processed",1,0) | M53: =IF(F53="Study flow 1","Narrative first","Visual first") | N53: =IF(D53="","",VALUE(LEFT(D53,FIND(",",D53)-1))) | O53: =IF(D53="","",VALUE(SUBSTITUTE(MID(D53,FIND(",",D53)+2,10),"%","")))
A54: RESP0053 | B54: 46449.543 | C54: 46449.549 | D54: 0.8, 96% | E54: 99 | F54: Study flow 1 | G54: Processed | H54: Completed | I54: Desktop | J54: Safari | K54: =IF(H54="Completed",11,VALUE(MID(H54,6,FIND(" ",H54,6)-6))) | L54: =IF(G54="Processed",1,0) | M54: =IF(F54="Study flow 1","Narrative first","Visual first") | N54: =IF(D54="","",VALUE(LEFT(D54,FIND(",",D54)-1))) | O54: =IF(D54="","",VALUE(SUBSTITUTE(MID(D54,FIND(",",D54)+2,10),"%","")))
A55: RESP0054 | B55: 46449.55 | F55: Study flow 2 | G55: Abandoned | H55: STEP 5 Screen size | I55: Phone | J55: Safari | K55: =IF(H55="Completed",11,VALUE(MID(H55,6,FIND(" ",H55,6)-6))) | L55: =IF(G55="Processed",1,0) | M55: =IF(F55="Study flow 1","Narrative first","Visual first") | N55: =IF(D55="","",VALUE(LEFT(D55,FIND(",",D55)-1))) | O55: =IF(D55="","",VALUE(SUBSTITUTE(MID(D55,FIND(",",D55)+2,10),"%","")))
A56: RESP0055 | B56: 46449.621 | C56: 46449.628 | D56: 1.6, 97% | E56: 97 | F56: Study flow 2 | G56: Processed | H56: Completed | I56: Desktop | J56: Firefox | K56: =IF(H56="Completed",11,VALUE(MID(H56,6,FIND(" ",H56,6)-6))) | L56: =IF(G56="Processed",1,0) | M56: =IF(F56="Study flow 1","Narrative first","Visual first") | N56: =IF(D56="","",VALUE(LEFT(D56,FIND(",",D56)-1))) | O56: =IF(D56="","",VALUE(SUBSTITUTE(MID(D56,FIND(",",D56)+2,10),"%","")))
A57: RESP0056 | B57: 46449.669 | C57: 46449.675 | D57: 3.0, 98% | E57: 99 | F57: Study flow 2 | G57: Processed | H57: Completed | I57: Laptop | J57: Edge | K57: =IF(H57="Completed",11,VALUE(MID(H57,6,FIND(" ",H57,6)-6))) | L57: =IF(G57="Processed",1,0) | M57: =IF(F57="Study flow 1","Narrative first","Visual first") | N57: =IF(D57="","",VALUE(LEFT(D57,FIND(",",D57)-1))) | O57: =IF(D57="","",VALUE(SUBSTITUTE(MID(D57,FIND(",",D57)+2,10),"%","")))
A58: RESP0057 | B58: 46449.682 | F58: Study flow 1 | G58: Abandoned | H58: STEP 2 Consent screen | I58: Desktop | J58: Chrome | K58: =IF(H58="Completed",11,VALUE(MID(H58,6,FIND(" ",H58,6)-6))) | L58: =IF(G58="Processed",1,0) | M58: =IF(F58="Study flow 1","Narrative first","Visual first") | N58: =IF(D58="","",VALUE(LEFT(D58,FIND(",",D58)-1))) | O58: =IF(D58="","",VALUE(SUBSTITUTE(MID(D58,FIND(",",D58)+2,10),"%","")))
A59: RESP0058 | B59: 46449.716 | C59: 46449.723 | D59: 1.7, 97% | E59: 99 | F59: Study flow 2 | G59: Processed | H59: Completed | I59: Laptop | J59: Firefox | K59: =IF(H59="Completed",11,VALUE(MID(H59,6,FIND(" ",H59,6)-6))) | L59: =IF(G59="Processed",1,0) | M59: =IF(F59="Study flow 1","Narrative first","Visual first") | N59: =IF(D59="","",VALUE(LEFT(D59,FIND(",",D59)-1))) | O59: =IF(D59="","",VALUE(SUBSTITUTE(MID(D59,FIND(",",D59)+2,10),"%","")))
A60: RESP0059 | B60: 46449.734 | C60: 46449.74 | D60: 1.1, 95% | E60: 94 | F60: Study flow 1 | G60: Processed | H60: Completed | I60: Laptop | J60: Safari | K60: =IF(H60="Completed",11,VALUE(MID(H60,6,FIND(" ",H60,6)-6))) | L60: =IF(G60="Processed",1,0) | M60: =IF(F60="Study flow 1","Narrative first","Visual first") | N60: =IF(D60="","",VALUE(LEFT(D60,FIND(",",D60)-1))) | O60: =IF(D60="","",VALUE(SUBSTITUTE(MID(D60,FIND(",",D60)+2,10),"%","")))
A61: RESP0060 | B61: 46449.741 | F61: Study flow 1 | G61: Abandoned | H61: STEP 7 Prepare positioning | I61: Desktop | J61: Chrome | K61: =IF(H61="Completed",11,VALUE(MID(H61,6,FIND(" ",H61,6)-6))) | L61: =IF(G61="Processed",1,0) | M61: =IF(F61="Study flow 1","Narrative first","Visual first") | N61: =IF(D61="","",VALUE(LEFT(D61,FIND(",",D61)-1))) | O61: =IF(D61="","",VALUE(SUBSTITUTE(MID(D61,FIND(",",D61)+2,10),"%","")))
A62: RESP0061 | B62: 46449.759 | C62: 46449.765 | D62: 1.2, 99% | E62: 100 | F62: Study flow 2 | G62: Processed | H62: Completed | I62: Laptop | J62: Edge | K62: =IF(H62="Completed",11,VALUE(MID(H62,6,FIND(" ",H62,6)-6))) | L62: =IF(G62="Processed",1,0) | M62: =IF(F62="Study flow 1","Narrative first","Visual first") | N62: =IF(D62="","",VALUE(LEFT(D62,FIND(",",D62)-1))) | O62: =IF(D62="","",VALUE(SUBSTITUTE(MID(D62,FIND(",",D62)+2,10),"%","")))
A63: RESP0062 | B63: 46449.773 | C63: 46449.779 | D63: 1.4, 96% | E63: 90 | F63: Study flow 2 | G63: Processed | H63: Completed | I63: Laptop | J63: Chrome | K63: =IF(H63="Completed",11,VALUE(MID(H63,6,FIND(" ",H63,6)-6))) | L63: =IF(G63="Processed",1,0) | M63: =IF(F63="Study flow 1","Narrative first","Visual first") | N63: =IF(D63="","",VALUE(LEFT(D63,FIND(",",D63)-1))) | O63: =IF(D63="","",VALUE(SUBSTITUTE(MID(D63,FIND(",",D63)+2,10),"%","")))
A64: RESP0063 | B64: 46449.78 | C64: 46449.786 | D64: 2.6, 91% | E64: 96 | F64: Study flow 2 | G64: Processed | H64: Completed | I64: Laptop | J64: Safari | K64: =IF(H64="Completed",11,VALUE(MID(H64,6,FIND(" ",H64,6)-6))) | L64: =IF(G64="Processed",1,0) | M64: =IF(F64="Study flow 1","Narrative first","Visual first") | N64: =IF(D64="","",VALUE(LEFT(D64,FIND(",",D64)-1))) | O64: =IF(D64="","",VALUE(SUBSTITUTE(MID(D64,FIND(",",D64)+2,10),"%","")))
A65: RESP0064 | B65: 46449.79 | C65: 46449.796 | D65: 1.6, 99% | E65: 99 | F65: Study flow 2 | G65: Processed | H65: Completed | I65: Laptop | J65: Safari | K65: =IF(H65="Completed",11,VALUE(MID(H65,6,FIND(" ",H65,6)-6))) | L65: =IF(G65="Processed",1,0) | M65: =IF(F65="Study flow 1","Narrative first","Visual first") | N65: =IF(D65="","",VALUE(LEFT(D65,FIND(",",D65)-1))) | O65: =IF(D65="","",VALUE(SUBSTITUTE(MID(D65,FIND(",",D65)+2,10),"%","")))
A66: RESP0065 | B66: 46449.8 | C66: 46449.805 | D66: 4.5, 84% | E66: 51 | F66: Study flow 1 | G66: Processed | H66: Completed | I66: Laptop | J66: Chrome | K66: =IF(H66="Completed",11,VALUE(MID(H66,6,FIND(" ",H66,6)-6))) | L66: =IF(G66="Processed",1,0) | M66: =IF(F66="Study flow 1","Narrative first","Visual first") | N66: =IF(D66="","",VALUE(LEFT(D66,FIND(",",D66)-1))) | O66: =IF(D66="","",VALUE(SUBSTITUTE(MID(D66,FIND(",",D66)+2,10),"%","")))
A67: RESP0066 | B67: 46449.821 | C67: 46449.828 | D67: 2.3, 84% | E67: 97 | F67: Study flow 2 | G67: Processed | H67: Completed | I67: Laptop | J67: Safari | K67: =IF(H67="Completed",11,VALUE(MID(H67,6,FIND(" ",H67,6)-6))) | L67: =IF(G67="Processed",1,0) | M67: =IF(F67="Study flow 1","Narrative first","Visual first") | N67: =IF(D67="","",VALUE(LEFT(D67,FIND(",",D67)-1))) | O67: =IF(D67="","",VALUE(SUBSTITUTE(MID(D67,FIND(",",D67)+2,10),"%","")))
A68: RESP0067 | B68: 46449.826 | C68: 46449.832 | D68: 1.0, 99% | E68: 99 | F68: Study flow 1 | G68: Processed | H68: Completed | I68: Desktop | J68: Chrome | K68: =IF(H68="Completed",11,VALUE(MID(H68,6,FIND(" ",H68,6)-6))) | L68: =IF(G68="Processed",1,0) | M68: =IF(F68="Study flow 1","Narrative first","Visual first") | N68: =IF(D68="","",VALUE(LEFT(D68,FIND(",",D68)-1))) | O68: =IF(D68="","",VALUE(SUBSTITUTE(MID(D68,FIND(",",D68)+2,10),"%","")))
A69: RESP0068 | B69: 46449.829 | F69: Study flow 2 | G69: Abandoned | H69: STEP 2 Consent screen | I69: Laptop | J69: Safari | K69: =IF(H69="Completed",11,VALUE(MID(H69,6,FIND(" ",H69,6)-6))) | L69: =IF(G69="Processed",1,0) | M69: =IF(F69="Study flow 1","Narrative first","Visual first") | N69: =IF(D69="","",VALUE(LEFT(D69,FIND(",",D69)-1))) | O69: =IF(D69="","",VALUE(SUBSTITUTE(MID(D69,FIND(",",D69)+2,10),"%","")))
A70: RESP0069 | B70: 46449.833 | C70: 46449.839 | D70: 0.6, 98% | E70: 99 | F70: Study flow 1 | G70: Processed | H70: Completed | I70: Laptop | J70: Safari | K70: =IF(H70="Completed",11,VALUE(MID(H70,6,FIND(" ",H70,6)-6))) | L70: =IF(G70="Processed",1,0) | M70: =IF(F70="Study flow 1","Narrative first","Visual first") | N70: =IF(D70="","",VALUE(LEFT(D70,FIND(",",D70)-1))) | O70: =IF(D70="","",VALUE(SUBSTITUTE(MID(D70,FIND(",",D70)+2,10),"%","")))
A71: RESP0070 | B71: 46449.852 | F71: Study flow 1 | G71: Abandoned | H71: STEP 5 Screen size | I71: Tablet | J71: Safari | K71: =IF(H71="Completed",11,VALUE(MID(H71,6,FIND(" ",H71,6)-6))) | L71: =IF(G71="Processed",1,0) | M71: =IF(F71="Study flow 1","Narrative first","Visual first") | N71: =IF(D71="","",VALUE(LEFT(D71,FIND(",",D71)-1))) | O71: =IF(D71="","",VALUE(SUBSTITUTE(MID(D71,FIND(",",D71)+2,10),"%","")))
A72: RESP0071 | B72: 46449.861 | C72: 46449.867 | D72: 2.3, 95% | E72: 91 | F72: Study flow 2 | G72: Processed | H72: Completed | I72: Laptop | J72: Chrome | K72: =IF(H72="Completed",11,VALUE(MID(H72,6,FIND(" ",H72,6)-6))) | L72: =IF(G72="Processed",1,0) | M72: =IF(F72="Study flow 1","Narrative first","Visual first") | N72: =IF(D72="","",VALUE(LEFT(D72,FIND(",",D72)-1))) | O72: =IF(D72="","",VALUE(SUBSTITUTE(MID(D72,FIND(",",D72)+2,10),"%","")))
A73: RESP0072 | B73: 46449.934 | C73: 46449.94 | D73: 1.2, 97% | E73: 89 | F73: Study flow 1 | G73: Processed | H73: Completed | I73: Desktop | J73: Edge | K73: =IF(H73="Completed",11,VALUE(MID(H73,6,FIND(" ",H73,6)-6))) | L73: =IF(G73="Processed",1,0) | M73: =IF(F73="Study flow 1","Narrative first","Visual first") | N73: =IF(D73="","",VALUE(LEFT(D73,FIND(",",D73)-1))) | O73: =IF(D73="","",VALUE(SUBSTITUTE(MID(D73,FIND(",",D73)+2,10),"%","")))
A74: RESP0073 | B74: 46449.94 | C74: 46449.946 | D74: 2.0, 98% | E74: 99 | F74: Study flow 1 | G74: Processed | H74: Completed | I74: Laptop | J74: Chrome | K74: =IF(H74="Completed",11,VALUE(MID(H74,6,FIND(" ",H74,6)-6))) | L74: =IF(G74="Processed",1,0) | M74: =IF(F74="Study flow 1","Narrative first","Visual first") | N74: =IF(D74="","",VALUE(LEFT(D74,FIND(",",D74)-1))) | O74: =IF(D74="","",VALUE(SUBSTITUTE(MID(D74,FIND(",",D74)+2,10),"%","")))
A75: RESP0074 | B75: 46450.378 | C75: 46450.385 | D75: 1.3, 99% | E75: 99 | F75: Study flow 2 | G75: Processed | H75: Completed | I75: Laptop | J75: Chrome | K75: =IF(H75="Completed",11,VALUE(MID(H75,6,FIND(" ",H75,6)-6))) | L75: =IF(G75="Processed",1,0) | M75: =IF(F75="Study flow 1","Narrative first","Visual first") | N75: =IF(D75="","",VALUE(LEFT(D75,FIND(",",D75)-1))) | O75: =IF(D75="","",VALUE(SUBSTITUTE(MID(D75,FIND(",",D75)+2,10),"%","")))
A76: RESP0075 | B76: 46450.392 | C76: 46450.397 | D76: 2.0, 93% | E76: 76 | F76: Study flow 1 | G76: Processed | H76: Completed | I76: Laptop | J76: Chrome | K76: =IF(H76="Completed",11,VALUE(MID(H76,6,FIND(" ",H76,6)-6))) | L76: =IF(G76="Processed",1,0) | M76: =IF(F76="Study flow 1","Narrative first","Visual first") | N76: =IF(D76="","",VALUE(LEFT(D76,FIND(",",D76)-1))) | O76: =IF(D76="","",VALUE(SUBSTITUTE(MID(D76,FIND(",",D76)+2,10),"%","")))
A77: RESP0076 | B77: 46450.437 | C77: 46450.444 | D77: 2.8, 91% | E77: 98 | F77: Study flow 2 | G77: Processed | H77: Completed | I77: Laptop | J77: Chrome | K77: =IF(H77="Completed",11,VALUE(MID(H77,6,FIND(" ",H77,6)-6))) | L77: =IF(G77="Processed",1,0) | M77: =IF(F77="Study flow 1","Narrative first","Visual first") | N77: =IF(D77="","",VALUE(LEFT(D77,FIND(",",D77)-1))) | O77: =IF(D77="","",VALUE(SUBSTITUTE(MID(D77,FIND(",",D77)+2,10),"%","")))
A78: RESP0077 | B78: 46450.452 | C78: 46450.458 | D78: 3.6, 91% | E78: 99 | F78: Study flow 2 | G78: Processed | H78: Completed | I78: Laptop | J78: Firefox | K78: =IF(H78="Completed",11,VALUE(MID(H78,6,FIND(" ",H78,6)-6))) | L78: =IF(G78="Processed",1,0) | M78: =IF(F78="Study flow 1","Narrative first","Visual first") | N78: =IF(D78="","",VALUE(LEFT(D78,FIND(",",D78)-1))) | O78: =IF(D78="","",VALUE(SUBSTITUTE(MID(D78,FIND(",",D78)+2,10),"%","")))
A79: RESP0078 | B79: 46450.539 | C79: 46450.545 | D79: 2.9, 79% | E79: 98 | F79: Study flow 2 | G79: Processed | H79: Completed | I79: Desktop | J79: Chrome | K79: =IF(H79="Completed",11,VALUE(MID(H79,6,FIND(" ",H79,6)-6))) | L79: =IF(G79="Processed",1,0) | M79: =IF(F79="Study flow 1","Narrative first","Visual first") | N79: =IF(D79="","",VALUE(LEFT(D79,FIND(",",D79)-1))) | O79: =IF(D79="","",VALUE(SUBSTITUTE(MID(D79,FIND(",",D79)+2,10),"%","")))
A80: RESP0079 | B80: 46450.561 | C80: 46450.567 | D80: 1.9, 99% | E80: 97 | F80: Study flow 1 | G80: Processed | H80: Completed | I80: Laptop | J80: Edge | K80: =IF(H80="Completed",11,VALUE(MID(H80,6,FIND(" ",H80,6)-6))) | L80: =IF(G80="Processed",1,0) | M80: =IF(F80="Study flow 1","Narrative first","Visual first") | N80: =IF(D80="","",VALUE(LEFT(D80,FIND(",",D80)-1))) | O80: =IF(D80="","",VALUE(SUBSTITUTE(MID(D80,FIND(",",D80)+2,10),"%","")))
A81: RESP0080 | B81: 46450.563 | C81: 46450.568 | D81: 4.9, 70% | E81: 85 | F81: Study flow 2 | G81: Processed | H81: Completed | I81: Laptop | J81: Chrome | K81: =IF(H81="Completed",11,VALUE(MID(H81,6,FIND(" ",H81,6)-6))) | L81: =IF(G81="Processed",1,0) | M81: =IF(F81="Study flow 1","Narrative first","Visual first") | N81: =IF(D81="","",VALUE(LEFT(D81,FIND(",",D81)-1))) | O81: =IF(D81="","",VALUE(SUBSTITUTE(MID(D81,FIND(",",D81)+2,10),"%","")))
A82: RESP0081 | B82: 46450.591 | C82: 46450.597 | D82: 1.8, 98% | E82: 99 | F82: Study flow 2 | G82: Processed | H82: Completed | I82: Desktop | J82: Chrome | K82: =IF(H82="Completed",11,VALUE(MID(H82,6,FIND(" ",H82,6)-6))) | L82: =IF(G82="Processed",1,0) | M82: =IF(F82="Study flow 1","Narrative first","Visual first") | N82: =IF(D82="","",VALUE(LEFT(D82,FIND(",",D82)-1))) | O82: =IF(D82="","",VALUE(SUBSTITUTE(MID(D82,FIND(",",D82)+2,10),"%","")))
A83: RESP0082 | B83: 46450.597 | C83: 46450.603 | D83: 2.2, 94% | E83: 98 | F83: Study flow 1 | G83: Processed | H83: Completed | I83: Desktop | J83: Chrome | K83: =IF(H83="Completed",11,VALUE(MID(H83,6,FIND(" ",H83,6)-6))) | L83: =IF(G83="Processed",1,0) | M83: =IF(F83="Study flow 1","Narrative first","Visual first") | N83: =IF(D83="","",VALUE(LEFT(D83,FIND(",",D83)-1))) | O83: =IF(D83="","",VALUE(SUBSTITUTE(MID(D83,FIND(",",D83)+2,10),"%","")))
A84: RESP0083 | B84: 46450.613 | F84: Study flow 1 | G84: Abandoned | H84: STEP 4 Respondent camera setup | I84: Laptop | J84: Edge | K84: =IF(H84="Completed",11,VALUE(MID(H84,6,FIND(" ",H84,6)-6))) | L84: =IF(G84="Processed",1,0) | M84: =IF(F84="Study flow 1","Narrative first","Visual first") | N84: =IF(D84="","",VALUE(LEFT(D84,FIND(",",D84)-1))) | O84: =IF(D84="","",VALUE(SUBSTITUTE(MID(D84,FIND(",",D84)+2,10),"%","")))
A85: RESP0084 | B85: 46450.62 | C85: 46450.625 | D85: 6.5, 90% | E85: 99 | F85: Study flow 1 | G85: Processed | H85: Completed | I85: Laptop | J85: Edge | K85: =IF(H85="Completed",11,VALUE(MID(H85,6,FIND(" ",H85,6)-6))) | L85: =IF(G85="Processed",1,0) | M85: =IF(F85="Study flow 1","Narrative first","Visual first") | N85: =IF(D85="","",VALUE(LEFT(D85,FIND(",",D85)-1))) | O85: =IF(D85="","",VALUE(SUBSTITUTE(MID(D85,FIND(",",D85)+2,10),"%","")))
A86: RESP0085 | B86: 46450.621 | C86: 46450.628 | D86: 3.1, 97% | E86: 98 | F86: Study flow 2 | G86: Processed | H86: Completed | I86: Desktop | J86: Chrome | K86: =IF(H86="Completed",11,VALUE(MID(H86,6,FIND(" ",H86,6)-6))) | L86: =IF(G86="Processed",1,0) | M86: =IF(F86="Study flow 1","Narrative first","Visual first") | N86: =IF(D86="","",VALUE(LEFT(D86,FIND(",",D86)-1))) | O86: =IF(D86="","",VALUE(SUBSTITUTE(MID(D86,FIND(",",D86)+2,10),"%","")))
A87: RESP0086 | B87: 46450.736 | F87: Study flow 1 | G87: Abandoned | H87: STEP 5 Screen size | I87: Phone | J87: Safari | K87: =IF(H87="Completed",11,VALUE(MID(H87,6,FIND(" ",H87,6)-6))) | L87: =IF(G87="Processed",1,0) | M87: =IF(F87="Study flow 1","Narrative first","Visual first") | N87: =IF(D87="","",VALUE(LEFT(D87,FIND(",",D87)-1))) | O87: =IF(D87="","",VALUE(SUBSTITUTE(MID(D87,FIND(",",D87)+2,10),"%","")))
A88: RESP0087 | B88: 46450.744 | F88: Study flow 1 | G88: Abandoned | H88: STEP 6 Enter fullscreen | I88: Laptop | J88: Chrome | K88: =IF(H88="Completed",11,VALUE(MID(H88,6,FIND(" ",H88,6)-6))) | L88: =IF(G88="Processed",1,0) | M88: =IF(F88="Study flow 1","Narrative first","Visual first") | N88: =IF(D88="","",VALUE(LEFT(D88,FIND(",",D88)-1))) | O88: =IF(D88="","",VALUE(SUBSTITUTE(MID(D88,FIND(",",D88)+2,10),"%","")))
A89: RESP0088 | B89: 46450.76 | C89: 46450.766 | D89: 3.4, 91% | E89: 86 | F89: Study flow 1 | G89: Processed | H89: Completed | I89: Desktop | J89: Chrome | K89: =IF(H89="Completed",11,VALUE(MID(H89,6,FIND(" ",H89,6)-6))) | L89: =IF(G89="Processed",1,0) | M89: =IF(F89="Study flow 1","Narrative first","Visual first") | N89: =IF(D89="","",VALUE(LEFT(D89,FIND(",",D89)-1))) | O89: =IF(D89="","",VALUE(SUBSTITUTE(MID(D89,FIND(",",D89)+2,10),"%","")))
A90: RESP0089 | B90: 46450.773 | F90: Study flow 2 | G90: Abandoned | H90: STEP 5 Screen size | I90: Phone | J90: Chrome | K90: =IF(H90="Completed",11,VALUE(MID(H90,6,FIND(" ",H90,6)-6))) | L90: =IF(G90="Processed",1,0) | M90: =IF(F90="Study flow 1","Narrative first","Visual first") | N90: =IF(D90="","",VALUE(LEFT(D90,FIND(",",D90)-1))) | O90: =IF(D90="","",VALUE(SUBSTITUTE(MID(D90,FIND(",",D90)+2,10),"%","")))
A91: RESP0090 | B91: 46450.808 | C91: 46450.815 | D91: 1.0, 97% | E91: 99 | F91: Study flow 2 | G91: Processed | H91: Completed | I91: Laptop | J91: Chrome | K91: =IF(H91="Completed",11,VALUE(MID(H91,6,FIND(" ",H91,6)-6))) | L91: =IF(G91="Processed",1,0) | M91: =IF(F91="Study flow 1","Narrative first","Visual first") | N91: =IF(D91="","",VALUE(LEFT(D91,FIND(",",D91)-1))) | O91: =IF(D91="","",VALUE(SUBSTITUTE(MID(D91,FIND(",",D91)+2,10),"%","")))
A92: RESP0091 | B92: 46450.811 | F92: Study flow 2 | G92: Abandoned | H92: STEP 2 Consent screen | I92: Laptop | J92: Chrome | K92: =IF(H92="Completed",11,VALUE(MID(H92,6,FIND(" ",H92,6)-6))) | L92: =IF(G92="Processed",1,0) | M92: =IF(F92="Study flow 1","Narrative first","Visual first") | N92: =IF(D92="","",VALUE(LEFT(D92,FIND(",",D92)-1))) | O92: =IF(D92="","",VALUE(SUBSTITUTE(MID(D92,FIND(",",D92)+2,10),"%","")))
A93: RESP0092 | B93: 46450.831 | F93: Study flow 1 | G93: Abandoned | H93: STEP 5 Screen size | I93: Phone | J93: Safari | K93: =IF(H93="Completed",11,VALUE(MID(H93,6,FIND(" ",H93,6)-6))) | L93: =IF(G93="Processed",1,0) | M93: =IF(F93="Study flow 1","Narrative first","Visual first") | N93: =IF(D93="","",VALUE(LEFT(D93,FIND(",",D93)-1))) | O93: =IF(D93="","",VALUE(SUBSTITUTE(MID(D93,FIND(",",D93)+2,10),"%","")))
A94: RESP0093 | B94: 46450.842 | C94: 46450.848 | D94: 1.2, 97% | E94: 99 | F94: Study flow 1 | G94: Processed | H94: Completed | I94: Desktop | J94: Edge | K94: =IF(H94="Completed",11,VALUE(MID(H94,6,FIND(" ",H94,6)-6))) | L94: =IF(G94="Processed",1,0) | M94: =IF(F94="Study flow 1","Narrative first","Visual first") | N94: =IF(D94="","",VALUE(LEFT(D94,FIND(",",D94)-1))) | O94: =IF(D94="","",VALUE(SUBSTITUTE(MID(D94,FIND(",",D94)+2,10),"%","")))
A95: RESP0094 | B95: 46450.846 | C95: 46450.851 | D95: 2.8, 98% | E95: 96 | F95: Study flow 2 | G95: Processed | H95: Completed | I95: Laptop | J95: Chrome | K95: =IF(H95="Completed",11,VALUE(MID(H95,6,FIND(" ",H95,6)-6))) | L95: =IF(G95="Processed",1,0) | M95: =IF(F95="Study flow 1","Narrative first","Visual first") | N95: =IF(D95="","",VALUE(LEFT(D95,FIND(",",D95)-1))) | O95: =IF(D95="","",VALUE(SUBSTITUTE(MID(D95,FIND(",",D95)+2,10),"%","")))
A96: RESP0095 | B96: 46450.849 | C96: 46450.855 | D96: 2.1, 95% | E96: 88 | F96: Study flow 1 | G96: Processed | H96: Completed | I96: Laptop | J96: Firefox | K96: =IF(H96="Completed",11,VALUE(MID(H96,6,FIND(" ",H96,6)-6))) | L96: =IF(G96="Processed",1,0) | M96: =IF(F96="Study flow 1","Narrative first","Visual first") | N96: =IF(D96="","",VALUE(LEFT(D96,FIND(",",D96)-1))) | O96: =IF(D96="","",VALUE(SUBSTITUTE(MID(D96,FIND(",",D96)+2,10),"%","")))
A97: RESP0096 | B97: 46450.854 | C97: 46450.859 | D97: 2.3, 87% | E97: 95 | F97: Study flow 2 | G97: Processed | H97: Completed | I97: Laptop | J97: Safari | K97: =IF(H97="Completed",11,VALUE(MID(H97,6,FIND(" ",H97,6)-6))) | L97: =IF(G97="Processed",1,0) | M97: =IF(F97="Study flow 1","Narrative first","Visual first") | N97: =IF(D97="","",VALUE(LEFT(D97,FIND(",",D97)-1))) | O97: =IF(D97="","",VALUE(SUBSTITUTE(MID(D97,FIND(",",D97)+2,10),"%","")))
A98: RESP0097 | B98: 46450.868 | F98: Study flow 2 | G98: Abandoned | H98: STEP 5 Screen size | I98: Tablet | J98: Safari | K98: =IF(H98="Completed",11,VALUE(MID(H98,6,FIND(" ",H98,6)-6))) | L98: =IF(G98="Processed",1,0) | M98: =IF(F98="Study flow 1","Narrative first","Visual first") | N98: =IF(D98="","",VALUE(LEFT(D98,FIND(",",D98)-1))) | O98: =IF(D98="","",VALUE(SUBSTITUTE(MID(D98,FIND(",",D98)+2,10),"%","")))
A99: RESP0098 | B99: 46450.901 | C99: 46450.907 | D99: 2.1, 96% | E99: 92 | F99: Study flow 1 | G99: Processed | H99: Completed | I99: Laptop | J99: Firefox | K99: =IF(H99="Completed",11,VALUE(MID(H99,6,FIND(" ",H99,6)-6))) | L99: =IF(G99="Processed",1,0) | M99: =IF(F99="Study flow 1","Narrative first","Visual first") | N99: =IF(D99="","",VALUE(LEFT(D99,FIND(",",D99)-1))) | O99: =IF(D99="","",VALUE(SUBSTITUTE(MID(D99,FIND(",",D99)+2,10),"%","")))
A100: RESP0099 | B100: 46450.913 | C100: 46450.919 | D100: 1.3, 97% | E100: 95 | F100: Study flow 2 | G100: Processed | H100: Completed | I100: Desktop | J100: Chrome | K100: =IF(H100="Completed",11,VALUE(MID(H100,6,FIND(" ",H100,6)-6))) | L100: =IF(G100="Processed",1,0) | M100: =IF(F100="Study flow 1","Narrative first","Visual first") | N100: =IF(D100="","",VALUE(LEFT(D100,FIND(",",D100)-1))) | O100: =IF(D100="","",VALUE(SUBSTITUTE(MID(D100,FIND(",",D100)+2,10),"%","")))
...

Sheet Quality
A1: Respondent Name | B1: Block | C1: Slide position | D1: Slide | E1: Eye tracking accuracy (degrees) | F1: Eye tracking quality (%) | G1: Face quality (%)
A2: RESP0001 | B2: Study flow 2 | C2: 1 | D2: Pre-study calibration | E2: 0.94 | F2: 93.9 | G2: 98.9
A3: RESP0001 | B3: Study flow 2 | C3: 2 | D3: Instructions1 | E3: NA | F3: 90 | G3: 98.5
A4: RESP0001 | B4: Study flow 2 | C4: 3 | D4: foodwaste_visual | E4: NA | F4: 97.8 | G4: 99
A5: RESP0001 | B5: Study flow 2 | C5: 4 | D5: foodwaste_narrative | E5: NA | F5: 95.3 | G5: 98.8
A6: RESP0001 | B6: Study flow 2 | C6: 5 | D6: infographic | E6: NA | F6: 96.5 | G6: 98.8
A7: RESP0001 | B7: Study flow 2 | C7: 6 | D7: Questionnaire | E7: NA | F7: 96.2 | G7: 98.4
A8: RESP0001 | B8: Study flow 2 | C8: 7 | D8: Post-study calibration | E8: 1.7 | F8: 95.2 | G8: 98.9
A9: RESP0002 | B9: Study flow 1 | C9: 1 | D9: Pre-study calibration | E9: 2 | F9: 91.5 | G9: 98.8
A10: RESP0002 | B10: Study flow 1 | C10: 2 | D10: Instructions1 | E10: NA | F10: 94.4 | G10: 98.2
A11: RESP0002 | B11: Study flow 1 | C11: 3 | D11: foodwaste_narrative | E11: NA | F11: 96.3 | G11: 97.6
A12: RESP0002 | B12: Study flow 1 | C12: 4 | D12: foodwaste_visual | E12: NA | F12: 94.3 | G12: 98.8
A13: RESP0002 | B13: Study flow 1 | C13: 5 | D13: infographic | E13: NA | F13: 96.8 | G13: 98.3
A14: RESP0002 | B14: Study flow 1 | C14: 6 | D14: Questionnaire | E14: NA | F14: 95.9 | G14: 98.3
A15: RESP0002 | B15: Study flow 1 | C15: 7 | D15: Post-study calibration | E15: 3.45 | F15: 93.3 | G15: 98.3
A16: RESP0003 | B16: Study flow 2 | C16: 1 | D16: Pre-study calibration | E16: 0.89 | F16: 95.2 | G16: 72
A17: RESP0003 | B17: Study flow 2 | C17: 2 | D17: Instructions1 | E17: NA | F17: 97.2 | G17: 89.7
A18: RESP0003 | B18: Study flow 2 | C18: 3 | D18: foodwaste_visual | E18: NA | F18: 94 | G18: 87.4
A19: RESP0003 | B19: Study flow 2 | C19: 4 | D19: foodwaste_narrative | E19: NA | F19: 95 | G19: 79.7
A20: RESP0003 | B20: Study flow 2 | C20: 5 | D20: infographic | E20: NA | F20: 96.9 | G20: 92.6
A21: RESP0003 | B21: Study flow 2 | C21: 6 | D21: Questionnaire | E21: NA | F21: 96.9 | G21: 87.1
A22: RESP0003 | B22: Study flow 2 | C22: 7 | D22: Post-study calibration | E22: 2.06 | F22: 94.4 | G22: 95.2
A23: RESP0004 | B23: Study flow 2 | C23: 1 | D23: Pre-study calibration | E23: 2.31 | F23: 96.8 | G23: 93.8
A24: RESP0004 | B24: Study flow 2 | C24: 2 | D24: Instructions1 | E24: NA | F24: 96 | G24: 96.9
A25: RESP0004 | B25: Study flow 2 | C25: 3 | D25: foodwaste_visual | E25: NA | F25: 93.5 | G25: 96.5
A26: RESP0004 | B26: Study flow 2 | C26: 4 | D26: foodwaste_narrative | E26: NA | F26: 91.2 | G26: 96.6
A27: RESP0004 | B27: Study flow 2 | C27: 5 | D27: infographic | E27: NA | F27: 97.4 | G27: 95.4
A28: RESP0004 | B28: Study flow 2 | C28: 6 | D28: Questionnaire | E28: NA | F28: 97.1 | G28: 94.3
A29: RESP0004 | B29: Study flow 2 | C29: 7 | D29: Post-study calibration | E29: 3.73 | F29: 96.4 | G29: 95.2
A30: RESP0005 | B30: Study flow 2 | C30: 1 | D30: Pre-study calibration | E30: 0.93 | F30: 98.4 | G30: 93.3
A31: RESP0005 | B31: Study flow 2 | C31: 2 | D31: Instructions1 | E31: NA | F31: 98.9 | G31: 88.3
A32: RESP0005 | B32: Study flow 2 | C32: 3 | D32: foodwaste_visual | E32: NA | F32: 98.9 | G32: 93
A33: RESP0005 | B33: Study flow 2 | C33: 4 | D33: foodwaste_narrative | E33: NA | F33: 98.7 | G33: 90.6
A34: RESP0005 | B34: Study flow 2 | C34: 5 | D34: infographic | E34: NA | F34: 99.1 | G34: 93.4
A35: RESP0005 | B35: Study flow 2 | C35: 6 | D35: Questionnaire | E35: NA | F35: 98.7 | G35: 92.7
A36: RESP0005 | B36: Study flow 2 | C36: 7 | D36: Post-study calibration | E36: 1.19 | F36: 99 | G36: 90.1
A37: RESP0006 | B37: Study flow 2 | C37: 1 | D37: Pre-study calibration | E37: 1.6 | F37: 96.5 | G37: 98.4
A38: RESP0006 | B38: Study flow 2 | C38: 2 | D38: Instructions1 | E38: NA | F38: 97.3 | G38: 98.2
A39: RESP0006 | B39: Study flow 2 | C39: 3 | D39: foodwaste_visual | E39: NA | F39: 97.4 | G39: 99
A40: RESP0006 | B40: Study flow 2 | C40: 4 | D40: foodwaste_narrative | E40: NA | F40: 98.1 | G40: 99.3
A41: RESP0006 | B41: Study flow 2 | C41: 5 | D41: infographic | E41: NA | F41: 96.4 | G41: 99
A42: RESP0006 | B42: Study flow 2 | C42: 6 | D42: Questionnaire | E42: NA | F42: 97.2 | G42: 98.3
A43: RESP0006 | B43: Study flow 2 | C43: 7 | D43: Post-study calibration | E43: 1.86 | F43: 96.6 | G43: 98.4
A44: RESP0007 | B44: Study flow 1 | C44: 1 | D44: Pre-study calibration | E44: 1.24 | F44: 97.6 | G44: 97.8
A45: RESP0007 | B45: Study flow 1 | C45: 2 | D45: Instructions1 | E45: NA | F45: 98 | G45: 96.4
A46: RESP0007 | B46: Study flow 1 | C46: 3 | D46: foodwaste_narrative | E46: NA | F46: 94.1 | G46: 94.9
A47: RESP0007 | B47: Study flow 1 | C47: 4 | D47: foodwaste_visual | E47: NA | F47: 95.2 | G47: 97.2
A48: RESP0007 | B48: Study flow 1 | C48: 5 | D48: infographic | E48: NA | F48: 96.7 | G48: 93.6
A49: RESP0007 | B49: Study flow 1 | C49: 6 | D49: Questionnaire | E49: NA | F49: 97.6 | G49: 97.3
A50: RESP0007 | B50: Study flow 1 | C50: 7 | D50: Post-study calibration | E50: 2.36 | F50: 97.9 | G50: 98.2
A51: RESP0009 | B51: Study flow 1 | C51: 1 | D51: Pre-study calibration | E51: 2.77 | F51: 97 | G51: 97.3
A52: RESP0009 | B52: Study flow 1 | C52: 2 | D52: Instructions1 | E52: NA | F52: 95.5 | G52: 96.3
A53: RESP0009 | B53: Study flow 1 | C53: 3 | D53: foodwaste_narrative | E53: NA | F53: 94 | G53: 96.6
A54: RESP0009 | B54: Study flow 1 | C54: 4 | D54: foodwaste_visual | E54: NA | F54: 90.8 | G54: 96.9
A55: RESP0009 | B55: Study flow 1 | C55: 5 | D55: infographic | E55: NA | F55: 94 | G55: 94.2
A56: RESP0009 | B56: Study flow 1 | C56: 6 | D56: Questionnaire | E56: NA | F56: 95.4 | G56: 96
A57: RESP0009 | B57: Study flow 1 | C57: 7 | D57: Post-study calibration | E57: 3.42 | F57: 94.3 | G57: 99
A58: RESP0010 | B58: Study flow 1 | C58: 1 | D58: Pre-study calibration | E58: 2.08 | F58: 97.5 | G58: 99.6
A59: RESP0010 | B59: Study flow 1 | C59: 2 | D59: Instructions1 | E59: NA | F59: 98 | G59: 99.3
A60: RESP0010 | B60: Study flow 1 | C60: 3 | D60: foodwaste_narrative | E60: NA | F60: 97 | G60: 98.5
A61: RESP0010 | B61: Study flow 1 | C61: 4 | D61: foodwaste_visual | E61: NA | F61: 97.6 | G61: 99.1
A62: RESP0010 | B62: Study flow 1 | C62: 5 | D62: infographic | E62: NA | F62: 96.6 | G62: 98.7
A63: RESP0010 | B63: Study flow 1 | C63: 6 | D63: Questionnaire | E63: NA | F63: 98 | G63: 99.1
A64: RESP0010 | B64: Study flow 1 | C64: 7 | D64: Post-study calibration | E64: 2.55 | F64: 96.9 | G64: 98.1
A65: RESP0012 | B65: Study flow 2 | C65: 1 | D65: Pre-study calibration | E65: 1.21 | F65: 96.3 | G65: 99.3
A66: RESP0012 | B66: Study flow 2 | C66: 2 | D66: Instructions1 | E66: NA | F66: 98.5 | G66: 99.5
A67: RESP0012 | B67: Study flow 2 | C67: 3 | D67: foodwaste_visual | E67: NA | F67: 94.9 | G67: 99.5
A68: RESP0012 | B68: Study flow 2 | C68: 4 | D68: foodwaste_narrative | E68: NA | F68: 97.9 | G68: 99.5
A69: RESP0012 | B69: Study flow 2 | C69: 5 | D69: infographic | E69: NA | F69: 96.9 | G69: 99.3
A70: RESP0012 | B70: Study flow 2 | C70: 6 | D70: Questionnaire | E70: NA | F70: 98.4 | G70: 99
A71: RESP0012 | B71: Study flow 2 | C71: 7 | D71: Post-study calibration | E71: 2.14 | F71: 98.5 | G71: 99.4
A72: RESP0013 | B72: Study flow 2 | C72: 1 | D72: Pre-study calibration | E72: 1.82 | F72: 88.9 | G72: 96.6
A73: RESP0013 | B73: Study flow 2 | C73: 2 | D73: Instructions1 | E73: NA | F73: 92.6 | G73: 96
A74: RESP0013 | B74: Study flow 2 | C74: 3 | D74: foodwaste_visual | E74: NA | F74: 85.8 | G74: 96
A75: RESP0013 | B75: Study flow 2 | C75: 4 | D75: foodwaste_narrative | E75: NA | F75: 88.7 | G75: 94.5
A76: RESP0013 | B76: Study flow 2 | C76: 5 | D76: infographic | E76: NA | F76: 90.5 | G76: 96.4
A77: RESP0013 | B77: Study flow 2 | C77: 6 | D77: Questionnaire | E77: NA | F77: 94.3 | G77: 96.5
A78: RESP0013 | B78: Study flow 2 | C78: 7 | D78: Post-study calibration | E78: 2.6 | F78: 89.1 | G78: 96.2
A79: RESP0014 | B79: Study flow 2 | C79: 1 | D79: Pre-study calibration | E79: 1.98 | F79: 93.6 | G79: 99.2
A80: RESP0014 | B80: Study flow 2 | C80: 2 | D80: Instructions1 | E80: NA | F80: 98 | G80: 99.2
A81: RESP0014 | B81: Study flow 2 | C81: 3 | D81: foodwaste_visual | E81: NA | F81: 97.4 | G81: 99.6
A82: RESP0014 | B82: Study flow 2 | C82: 4 | D82: foodwaste_narrative | E82: NA | F82: 96.1 | G82: 99.2
A83: RESP0014 | B83: Study flow 2 | C83: 5 | D83: infographic | E83: NA | F83: 96.6 | G83: 99
A84: RESP0014 | B84: Study flow 2 | C84: 6 | D84: Questionnaire | E84: NA | F84: 94.8 | G84: 99.5
A85: RESP0014 | B85: Study flow 2 | C85: 7 | D85: Post-study calibration | E85: 2.06 | F85: 96.8 | G85: 98.9
A86: RESP0015 | B86: Study flow 1 | C86: 1 | D86: Pre-study calibration | E86: 1.03 | F86: 89.9 | G86: 93.1
A87: RESP0015 | B87: Study flow 1 | C87: 2 | D87: Instructions1 | E87: NA | F87: 96.3 | G87: 88.4
A88: RESP0015 | B88: Study flow 1 | C88: 3 | D88: foodwaste_narrative | E88: NA | F88: 90.4 | G88: 90.8
A89: RESP0015 | B89: Study flow 1 | C89: 4 | D89: foodwaste_visual | E89: NA | F89: 91 | G89: 93.5
A90: RESP0015 | B90: Study flow 1 | C90: 5 | D90: infographic | E90: NA | F90: 94.7 | G90: 90.4
A91: RESP0015 | B91: Study flow 1 | C91: 6 | D91: Questionnaire | E91: NA | F91: 93.2 | G91: 84.9
A92: RESP0015 | B92: Study flow 1 | C92: 7 | D92: Post-study calibration | E92: 1.94 | F92: 92.3 | G92: 85.6
A93: RESP0016 | B93: Study flow 2 | C93: 1 | D93: Pre-study calibration | E93: 0.7 | F93: 97.2 | G93: 99.2
A94: RESP0016 | B94: Study flow 2 | C94: 2 | D94: Instructions1 | E94: NA | F94: 96.8 | G94: 98
A95: RESP0016 | B95: Study flow 2 | C95: 3 | D95: foodwaste_visual | E95: NA | F95: 94.2 | G95: 99.1
A96: RESP0016 | B96: Study flow 2 | C96: 4 | D96: foodwaste_narrative | E96: NA | F96: 98.3 | G96: 99
A97: RESP0016 | B97: Study flow 2 | C97: 5 | D97: infographic | E97: NA | F97: 95.5 | G97: 99.2
A98: RESP0016 | B98: Study flow 2 | C98: 6 | D98: Questionnaire | E98: NA | F98: 97.2 | G98: 98.9
A99: RESP0016 | B99: Study flow 2 | C99: 7 | D99: Post-study calibration | E99: 0.71 | F99: 96.3 | G99: 98.8
A100: RESP0019 | B100: Study flow 1 | C100: 1 | D100: Pre-study calibration | E100: 2.55 | F100: 97.4 | G100: 99.6
...

Sheet FEA
A1: Study Name | B1: Respondent Name | C1: Interval type | D1: Interval label | E1: Interval duration (s) | F1: Expression | G1: Threshold | H1: Percent of time present | I1: Number of segments | J1: Mean raw score (0-100) | K1: Data quality (%)
A2: SIMULATED Food Waste Remote Study | B2: RESP0001 | C2: Stimulus | D2: foodwaste_narrative | E2: 60 | F2: Engagement | G2: 50 | H2: 32.56 | I2: 9 | J2: NA | K2: 98.8
A3: SIMULATED Food Waste Remote Study | B3: RESP0001 | C3: Stimulus | D3: foodwaste_narrative | E3: 60 | F3: Joy | G3: 50 | H3: 0 | I3: 0 | J3: NA | K3: 98.8
A4: SIMULATED Food Waste Remote Study | B4: RESP0001 | C4: Stimulus | D4: foodwaste_narrative | E4: 60 | F4: Brow Furrow | G4: 50 | H4: 3.22 | I4: 1 | J4: NA | K4: 98.8
A5: SIMULATED Food Waste Remote Study | B5: RESP0001 | C5: Stimulus | D5: foodwaste_narrative | E5: 60 | F5: Positive Valence | G5: 50 | H5: 7.5 | I5: 2 | J5: NA | K5: 98.8
A6: SIMULATED Food Waste Remote Study | B6: RESP0001 | C6: Stimulus | D6: foodwaste_narrative | E6: 60 | F6: Negative Valence | G6: -50 | H6: 0 | I6: 0 | J6: NA | K6: 98.8
A7: SIMULATED Food Waste Remote Study | B7: RESP0001 | C7: Stimulus | D7: foodwaste_visual | E7: 62 | F7: Engagement | G7: 50 | H7: 65.32 | I7: 17 | J7: NA | K7: 99
A8: SIMULATED Food Waste Remote Study | B8: RESP0001 | C8: Stimulus | D8: foodwaste_visual | E8: 62 | F8: Joy | G8: 50 | H8: 0.48 | I8: 1 | J8: NA | K8: 99
A9: SIMULATED Food Waste Remote Study | B9: RESP0001 | C9: Stimulus | D9: foodwaste_visual | E9: 62 | F9: Brow Furrow | G9: 50 | H9: 14.14 | I9: 3 | J9: NA | K9: 99
A10: SIMULATED Food Waste Remote Study | B10: RESP0001 | C10: Stimulus | D10: foodwaste_visual | E10: 62 | F10: Positive Valence | G10: 50 | H10: 0 | I10: 0 | J10: NA | K10: 99
A11: SIMULATED Food Waste Remote Study | B11: RESP0001 | C11: Stimulus | D11: foodwaste_visual | E11: 62 | F11: Negative Valence | G11: -50 | H11: 5.81 | I11: 2 | J11: NA | K11: 99
A12: SIMULATED Food Waste Remote Study | B12: RESP0002 | C12: Stimulus | D12: foodwaste_narrative | E12: 60 | F12: Engagement | G12: 50 | H12: 20.5 | I12: 5 | J12: NA | K12: 97.6
A13: SIMULATED Food Waste Remote Study | B13: RESP0002 | C13: Stimulus | D13: foodwaste_narrative | E13: 60 | F13: Joy | G13: 50 | H13: 2.06 | I13: 1 | J13: NA | K13: 97.6
... A1781: SIMULATED Food Waste Remote Study | B1781: RESP0260 | C1781: Stimulus | D1781: foodwaste_visual | E1781: 62 | F1781: Negative Valence | G1781: -50 | H1781: 3.82 | I1781: 6 | J1781: NA | K1781: 65.9

Sheet Survey
A1: Study Name | B1: Respondent Name | C1: Age | D1: Gender | E1: Intention_reduce_food_waste_1to7 | F1: More_persuasive_video | G1: Tips_recalled_0to4
A2: SIMULATED Food Waste Remote Study | B2: RESP0001 | C2: 61 | D2: F | E2: 5 | F2: Visual | G2: 2
A3: SIMULATED Food Waste Remote Study | B3: RESP0002 | C3: 21 | D3: M | E3: 7 | F3: Visual | G3: 4
A4: SIMULATED Food Waste Remote Study | B4: RESP0003 | C4: 49 | D4: M | E4: 7 | F4: Visual | G4: 0
A5: SIMULATED Food Waste Remote Study | B5: RESP0004 | C5: 38 | D5: M | E5: 5 | F5: Narrative | G5: 4
A6: SIMULATED Food Waste Remote Study | B6: RESP0005 | C6: 64 | D6: M | E6: 3 | F6: Visual | G6: 1
A7: SIMULATED Food Waste Remote Study | B7: RESP0006 | C7: 21 | D7: F | E7: 5 | F7: Narrative | G7: 3
A8: SIMULATED Food Waste Remote Study | B8: RESP0007 | C8: 19 | D8: M | E8: 6 | F8: Visual | G8: 4
A9: SIMULATED Food Waste Remote Study | B9: RESP0009 | C9: 64 | D9: F | E9: 6 | F9: Visual | G9: 3
A10: SIMULATED Food Waste Remote Study | B10: RESP0010 | C10: 42 | D10: F | E10: 6 | F10: Narrative | G10: 3
A11: SIMULATED Food Waste Remote Study | B11: RESP0012 | C11: 20 | D11: F | E11: 7 | F11: Narrative | G11: 3
A12: SIMULATED Food Waste Remote Study | B12: RESP0013 | C12: 23 | D12: F | E12: 7 | F12: Narrative | G12: 0
A13: SIMULATED Food Waste Remote Study | B13: RESP0014 | C13: 64 | D13: F | E13: 4 | F13: Narrative | G13: 3
... A179: SIMULATED Food Waste Remote Study | B179: RESP0260 | C179: 20 | D179: F | E179: 6 | F179: Narrative | G179: 4

Sheet Funnel
A1: The respondent funnel, rebuilt from the session data (one row per session that opened a link). SIMULATED data.
A2: Entered = sessions whose last step is this step or a later one (Step number on the Session sheet; 11 = completed). Stopped here = sessions that ended at this step. Step names are those of the iMotions Respondent funnel.
A4: Step | B4: Step name | C4: Entered | D4: Stopped here | E4: Continued | F4: Percent of opened | G4: Percent of previous step
A5: 1 | B5: STEP 1 Testing upload | C5: =COUNTIF(Session!$K$2:$K$261,">="&A5) | D5: =COUNTIF(Session!$K$2:$K$261,A5) | E5: =C5-D5 | F5: =100*C5/COUNTA(Session!$A$2:$A$261) | G5: =100*C5/COUNTA(Session!$A$2:$A$261)
A6: 2 | B6: STEP 2 Consent screen | C6: =COUNTIF(Session!$K$2:$K$261,">="&A6) | D6: =COUNTIF(Session!$K$2:$K$261,A6) | E6: =C6-D6 | F6: =100*C6/COUNTA(Session!$A$2:$A$261) | G6: =100*C6/C5
A7: 3 | B7: STEP 3 Screen recording setup | C7: =COUNTIF(Session!$K$2:$K$261,">="&A7) | D7: =COUNTIF(Session!$K$2:$K$261,A7) | E7: =C7-D7 | F7: =100*C7/COUNTA(Session!$A$2:$A$261) | G7: =100*C7/C6
A8: 4 | B8: STEP 4 Respondent camera setup | C8: =COUNTIF(Session!$K$2:$K$261,">="&A8) | D8: =COUNTIF(Session!$K$2:$K$261,A8) | E8: =C8-D8 | F8: =100*C8/COUNTA(Session!$A$2:$A$261) | G8: =100*C8/C7
A9: 5 | B9: STEP 5 Screen size | C9: =COUNTIF(Session!$K$2:$K$261,">="&A9) | D9: =COUNTIF(Session!$K$2:$K$261,A9) | E9: =C9-D9 | F9: =100*C9/COUNTA(Session!$A$2:$A$261) | G9: =100*C9/C8
A10: 6 | B10: STEP 6 Enter fullscreen | C10: =COUNTIF(Session!$K$2:$K$261,">="&A10) | D10: =COUNTIF(Session!$K$2:$K$261,A10) | E10: =C10-D10 | F10: =100*C10/COUNTA(Session!$A$2:$A$261) | G10: =100*C10/C9
A11: 7 | B11: STEP 7 Prepare positioning | C11: =COUNTIF(Session!$K$2:$K$261,">="&A11) | D11: =COUNTIF(Session!$K$2:$K$261,A11) | E11: =C11-D11 | F11: =100*C11/COUNTA(Session!$A$2:$A$261) | G11: =100*C11/C10
A12: 8 | B12: STEP 8 Positioning check | C12: =COUNTIF(Session!$K$2:$K$261,">="&A12) | D12: =COUNTIF(Session!$K$2:$K$261,A12) | E12: =C12-D12 | F12: =100*C12/COUNTA(Session!$A$2:$A$261) | G12: =100*C12/C11
A13: 9 | B13: STEP 9 Stimuli presentation* | C13: =COUNTIF(Session!$K$2:$K$261,">="&A13) | D13: =COUNTIF(Session!$K$2:$K$261,A13) | E13: =C13-D13 | F13: =100*C13/COUNTA(Session!$A$2:$A$261) | G13: =100*C13/C12
A14: 10 | B14: STEP 10 Study data upload | C14: =COUNTIF(Session!$K$2:$K$261,">="&A14) | D14: =COUNTIF(Session!$K$2:$K$261,A14) | E14: =C14-D14 | F14: =100*C14/COUNTA(Session!$A$2:$A$261) | G14: =100*C14/C13
B15: Completed (Status Processed) | C15: =COUNTIF(Session!$G$2:$G$261,"Processed") | F15: =100*C15/COUNTA(Session!$A$2:$A$261) | G15: =100*C15/C14
B16: Check: Continued after STEP 10 = Completed (must be 0) | C16: =E14-C15
B17: Status Abandoned | C17: =COUNTIF(Session!$G$2:$G$261,"Abandoned")
B18: Status Errors | C18: =COUNTIF(Session!$G$2:$G$261,"Errors")
B19: Sessions that opened a link | C19: =COUNTA(Session!$A$2:$A$261)
A20: Completion by order (differential attrition): all sessions
A21: Order | B21: Opened | C21: Reached STEP 9 | D21: Completed | E21: Not completed | F21: Percent completed | H21: Expected: completed | I21: Expected: not completed | K21: Statistic | L21: Value | M21: Formula shown | N21: Note
A22: Narrative first | B22: =COUNTIF(Session!$M$2:$M$261,A22) | C22: =COUNTIFS(Session!$M$2:$M$261,A22,Session!$K$2:$K$261,">=9") | D22: =COUNTIFS(Session!$M$2:$M$261,A22,Session!$L$2:$L$261,1) | E22: =B22-D22 | F22: =100*D22/B22 | H22: =B22*$D$24/$B$24 | I22: =B22*$E$24/$B$24 | K22: Chi square test of independence: order x completed (all sessions)
A23: Visual first | B23: =COUNTIF(Session!$M$2:$M$261,A23) | C23: =COUNTIFS(Session!$M$2:$M$261,A23,Session!$K$2:$K$261,">=9") | D23: =COUNTIFS(Session!$M$2:$M$261,A23,Session!$L$2:$L$261,1) | E23: =B23-D23 | F23: =100*D23/B23 | H23: =B23*$D$24/$B$24 | I23: =B23*$E$24/$B$24 | K23: Chi square (Pearson, no continuity correction) | L23: =SUMPRODUCT((D22:E23-H22:I23)^2/H22:I23) | M23: =SUMPRODUCT((D22:E23-H22:I23)^2/H22:I23) | N23: sum of (observed - expected)^2 / expected
A24: Total | B24: =SUM(B22:B23) | C24: =SUM(C22:C23) | D24: =SUM(D22:D23) | E24: =SUM(E22:E23) | K24: df | L24: =1 | M24: =1 | N24: (rows - 1) x (columns - 1)
K25: p (CHISQ.DIST.RT) | L25: =_xlfn.CHISQ.DIST.RT(L23,L24) | M25: =CHISQ.DIST.RT(L23,L24) | N25: right tail of the chi square distribution
K26: p (CHISQ.TEST on observed and expected) | L26: =_xlfn.CHISQ.TEST(D22:E23,H22:I23) | M26: =CHISQ.TEST(D22:E23,H22:I23) | N26: must match the cell above
K27: phi (effect size) | L27: =SQRT(L23/B24) | M27: =SQRT(L23/B24) | N27: sqrt(chi square / N); .1 small, .3 medium
K28: Percent completed, Narrative first minus Visual first | L28: =F22-F23 | M28: =F22-F23 | N28: percentage points
K29: Smallest expected count | L29: =MIN(H22:I23) | M29: =MIN(H22:I23) | N29: 5 or more: the chi square approximation is fine
A35: Completion by order among the sessions that reached STEP 9 (the videos started)
A36: Order | B36: Reached STEP 9 | C36: Completed | D36: Not completed | E36: Percent completed | H36: Expected: completed | I36: Expected: not completed | K36: Statistic | L36: Value | M36: Formula shown | N36: Note
A37: Narrative first | B37: =C22 | C37: =D22 | D37: =B37-C37 | E37: =100*C37/B37 | H37: =B37*$C$39/$B$39 | I37: =B37*$D$39/$B$39 | K37: Chi square test: order x completed, sessions that reached STEP 9
A38: Visual first | B38: =C23 | C38: =D23 | D38: =B38-C38 | E38: =100*C38/B38 | H38: =B38*$C$39/$B$39 | I38: =B38*$D$39/$B$39 | K38: Chi square (Pearson, no continuity correction) | L38: =SUMPRODUCT((C37:D38-H37:I38)^2/H37:I38) | M38: =SUMPRODUCT((C37:D38-H37:I38)^2/H37:I38)
A39: Total | B39: =SUM(B37:B38) | C39: =SUM(C37:C38) | D39: =SUM(D37:D38) | K39: p (CHISQ.DIST.RT) | L39: =_xlfn.CHISQ.DIST.RT(L38,1) | M39: =CHISQ.DIST.RT(L38,1)
K40: Smallest expected count | L40: =MIN(H37:I38) | M40: =MIN(H37:I38) | N40: below 5: report the Fisher exact test from R
K41: Percent completed, Narrative first minus Visual first | L41: =E37-E38 | M41: =E37-E38 | N41: percentage points
A51: Completion by device (modeled column)
A52: Device type (modeled) | B52: Opened | C52: Completed | D52: Percent completed
A53: Laptop | B53: =COUNTIF(Session!$I$2:$I$261,A53) | C53: =COUNTIFS(Session!$I$2:$I$261,A53,Session!$L$2:$L$261,1) | D53: =IF(B53=0,"",100*C53/B53)
A54: Desktop | B54: =COUNTIF(Session!$I$2:$I$261,A54) | C54: =COUNTIFS(Session!$I$2:$I$261,A54,Session!$L$2:$L$261,1) | D54: =IF(B54=0,"",100*C54/B54)
A55: Phone | B55: =COUNTIF(Session!$I$2:$I$261,A55) | C55: =COUNTIFS(Session!$I$2:$I$261,A55,Session!$L$2:$L$261,1) | D55: =IF(B55=0,"",100*C55/B55)
A56: Tablet | B56: =COUNTIF(Session!$I$2:$I$261,A56) | C56: =COUNTIFS(Session!$I$2:$I$261,A56,Session!$L$2:$L$261,1) | D56: =IF(B56=0,"",100*C56/B56)

Sheet Screening
A1: The exclusion rule, one row per completed respondent (Status Processed). SIMULATED data. Yellow cells hold the thresholds.
A2: Accuracy limit (degrees) | B2: 4 | C2: Sensitivity limit (degrees) | D2: 3 | E2: Eye tracking quality minimum (%) | F2: 90 | G2: Face quality minimum (%) | H2: 80
A4: Respondent Name | B4: Order | C4: Pre-study accuracy | D4: Post-study accuracy | E4: Eye tracking quality, infographic | F4: Face quality, narrative | G4: Face quality, visual | H4: Fail: Pre-study accuracy | I4: Fail: Post-study accuracy | J4: Fail: eye tracking quality | K4: Fail: face quality | L4: Decision | M4: First reason | N4: Largest accuracy | O4: Decision at 3.0 | P4: Drift (Post minus Pre)
A5: RESP0001 | B5: =INDEX(Session!$M$2:$M$261,MATCH($A5,Session!$A$2:$A$261,0)) | C5: =SUMIFS(Quality!$E$2:$E$1247,Quality!$A$2:$A$1247,$A5,Quality!$D$2:$D$1247,"Pre-study calibration") | D5: =SUMIFS(Quality!$E$2:$E$1247,Quality!$A$2:$A$1247,$A5,Quality!$D$2:$D$1247,"Post-study calibration") | E5: =SUMIFS(Quality!$F$2:$F$1247,Quality!$A$2:$A$1247,$A5,Quality!$D$2:$D$1247,"infographic") | F5: =SUMIFS(Quality!$G$2:$G$1247,Quality!$A$2:$A$1247,$A5,Quality!$D$2:$D$1247,"foodwaste_narrative") | G5: =SUMIFS(Quality!$G$2:$G$1247,Quality!$A$2:$A$1247,$A5,Quality!$D$2:$D$1247,"foodwaste_visual") | H5: =IF(C5>$B$2,1,0) | I5: =IF(D5>$B$2,1,0) | J5: =IF(E5<$F$2,1,0) | K5: =IF(OR(F5<$H$2,G5<$H$2),1,0) | L5: =IF(SUM(H5:K5)>0,"Exclude","Keep") | M5: =IF(H5=1,"Pre-study accuracy",IF(I5=1,"Post-study accuracy",IF(J5=1,"Eye tracking quality",IF(K5=1,"Face quality","")))) | N5: =MAX(C5:D5) | O5: =IF(AND(L5="Keep",N5<=$D$2),"Keep","Exclude") | P5: =D5-C5 | R5: Statistic | S5: Value | T5: Formula shown | U5: Note
A6: RESP0002 | B6: =INDEX(Session!$M$2:$M$261,MATCH($A6,Session!$A$2:$A$261,0)) | C6: =SUMIFS(Quality!$E$2:$E$1247,Quality!$A$2:$A$1247,$A6,Quality!$D$2:$D$1247,"Pre-study calibration") | D6: =SUMIFS(Quality!$E$2:$E$1247,Quality!$A$2:$A$1247,$A6,Quality!$D$2:$D$1247,"Post-study calibration") | E6: =SUMIFS(Quality!$F$2:$F$1247,Quality!$A$2:$A$1247,$A6,Quality!$D$2:$D$1247,"infographic") | F6: =SUMIFS(Quality!$G$2:$G$1247,Quality!$A$2:$A$1247,$A6,Quality!$D$2:$D$1247,"foodwaste_narrative") | G6: =SUMIFS(Quality!$G$2:$G$1247,Quality!$A$2:$A$1247,$A6,Quality!$D$2:$D$1247,"foodwaste_visual") | H6: =IF(C6>$B$2,1,0) | I6: =IF(D6>$B$2,1,0) | J6: =IF(E6<$F$2,1,0) | K6: =IF(OR(F6<$H$2,G6<$H$2),1,0) | L6: =IF(SUM(H6:K6)>0,"Exclude","Keep") | M6: =IF(H6=1,"Pre-study accuracy",IF(I6=1,"Post-study accuracy",IF(J6=1,"Eye tracking quality",IF(K6=1,"Face quality","")))) | N6: =MAX(C6:D6) | O6: =IF(AND(L6="Keep",N6<=$D$2),"Keep","Exclude") | P6: =D6-C6 | R6: Counts
A7: RESP0003 | B7: =INDEX(Session!$M$2:$M$261,MATCH($A7,Session!$A$2:$A$261,0)) | C7: =SUMIFS(Quality!$E$2:$E$1247,Quality!$A$2:$A$1247,$A7,Quality!$D$2:$D$1247,"Pre-study calibration") | D7: =SUMIFS(Quality!$E$2:$E$1247,Quality!$A$2:$A$1247,$A7,Quality!$D$2:$D$1247,"Post-study calibration") | E7: =SUMIFS(Quality!$F$2:$F$1247,Quality!$A$2:$A$1247,$A7,Quality!$D$2:$D$1247,"infographic") | F7: =SUMIFS(Quality!$G$2:$G$1247,Quality!$A$2:$A$1247,$A7,Quality!$D$2:$D$1247,"foodwaste_narrative") | G7: =SUMIFS(Quality!$G$2:$G$1247,Quality!$A$2:$A$1247,$A7,Quality!$D$2:$D$1247,"foodwaste_visual") | H7: =IF(C7>$B$2,1,0) | I7: =IF(D7>$B$2,1,0) | J7: =IF(E7<$F$2,1,0) | K7: =IF(OR(F7<$H$2,G7<$H$2),1,0) | L7: =IF(SUM(H7:K7)>0,"Exclude","Keep") | M7: =IF(H7=1,"Pre-study accuracy",IF(I7=1,"Post-study accuracy",IF(J7=1,"Eye tracking quality",IF(K7=1,"Face quality","")))) | N7: =MAX(C7:D7) | O7: =IF(AND(L7="Keep",N7<=$D$2),"Keep","Exclude") | P7: =D7-C7 | R7: Completed respondents screened | S7: =COUNTA(A5:A182) | T7: =COUNTA(A5:A182)
A8: RESP0004 | B8: =INDEX(Session!$M$2:$M$261,MATCH($A8,Session!$A$2:$A$261,0)) | C8: =SUMIFS(Quality!$E$2:$E$1247,Quality!$A$2:$A$1247,$A8,Quality!$D$2:$D$1247,"Pre-study calibration") | D8: =SUMIFS(Quality!$E$2:$E$1247,Quality!$A$2:$A$1247,$A8,Quality!$D$2:$D$1247,"Post-study calibration") | E8: =SUMIFS(Quality!$F$2:$F$1247,Quality!$A$2:$A$1247,$A8,Quality!$D$2:$D$1247,"infographic") | F8: =SUMIFS(Quality!$G$2:$G$1247,Quality!$A$2:$A$1247,$A8,Quality!$D$2:$D$1247,"foodwaste_narrative") | G8: =SUMIFS(Quality!$G$2:$G$1247,Quality!$A$2:$A$1247,$A8,Quality!$D$2:$D$1247,"foodwaste_visual") | H8: =IF(C8>$B$2,1,0) | I8: =IF(D8>$B$2,1,0) | J8: =IF(E8<$F$2,1,0) | K8: =IF(OR(F8<$H$2,G8<$H$2),1,0) | L8: =IF(SUM(H8:K8)>0,"Exclude","Keep") | M8: =IF(H8=1,"Pre-study accuracy",IF(I8=1,"Post-study accuracy",IF(J8=1,"Eye tracking quality",IF(K8=1,"Face quality","")))) | N8: =MAX(C8:D8) | O8: =IF(AND(L8="Keep",N8<=$D$2),"Keep","Exclude") | P8: =D8-C8 | R8: Excluded | S8: =COUNTIF($L$5:$L$182,"Exclude") | T8: =COUNTIF($L$5:$L$182,"Exclude")
A9: RESP0005 | B9: =INDEX(Session!$M$2:$M$261,MATCH($A9,Session!$A$2:$A$261,0)) | C9: =SUMIFS(Quality!$E$2:$E$1247,Quality!$A$2:$A$1247,$A9,Quality!$D$2:$D$1247,"Pre-study calibration") | D9: =SUMIFS(Quality!$E$2:$E$1247,Quality!$A$2:$A$1247,$A9,Quality!$D$2:$D$1247,"Post-study calibration") | E9: =SUMIFS(Quality!$F$2:$F$1247,Quality!$A$2:$A$1247,$A9,Quality!$D$2:$D$1247,"infographic") | F9: =SUMIFS(Quality!$G$2:$G$1247,Quality!$A$2:$A$1247,$A9,Quality!$D$2:$D$1247,"foodwaste_narrative") | G9: =SUMIFS(Quality!$G$2:$G$1247,Quality!$A$2:$A$1247,$A9,Quality!$D$2:$D$1247,"foodwaste_visual") | H9: =IF(C9>$B$2,1,0) | I9: =IF(D9>$B$2,1,0) | J9: =IF(E9<$F$2,1,0) | K9: =IF(OR(F9<$H$2,G9<$H$2),1,0) | L9: =IF(SUM(H9:K9)>0,"Exclude","Keep") | M9: =IF(H9=1,"Pre-study accuracy",IF(I9=1,"Post-study accuracy",IF(J9=1,"Eye tracking quality",IF(K9=1,"Face quality","")))) | N9: =MAX(C9:D9) | O9: =IF(AND(L9="Keep",N9<=$D$2),"Keep","Exclude") | P9: =D9-C9 | R9: Kept | S9: =COUNTIF($L$5:$L$182,"Keep") | T9: =COUNTIF($L$5:$L$182,"Keep")
A10: RESP0006 | B10: =INDEX(Session!$M$2:$M$261,MATCH($A10,Session!$A$2:$A$261,0)) | C10: =SUMIFS(Quality!$E$2:$E$1247,Quality!$A$2:$A$1247,$A10,Quality!$D$2:$D$1247,"Pre-study calibration") | D10: =SUMIFS(Quality!$E$2:$E$1247,Quality!$A$2:$A$1247,$A10,Quality!$D$2:$D$1247,"Post-study calibration") | E10: =SUMIFS(Quality!$F$2:$F$1247,Quality!$A$2:$A$1247,$A10,Quality!$D$2:$D$1247,"infographic") | F10: =SUMIFS(Quality!$G$2:$G$1247,Quality!$A$2:$A$1247,$A10,Quality!$D$2:$D$1247,"foodwaste_narrative") | G10: =SUMIFS(Quality!$G$2:$G$1247,Quality!$A$2:$A$1247,$A10,Quality!$D$2:$D$1247,"foodwaste_visual") | H10: =IF(C10>$B$2,1,0) | I10: =IF(D10>$B$2,1,0) | J10: =IF(E10<$F$2,1,0) | K10: =IF(OR(F10<$H$2,G10<$H$2),1,0) | L10: =IF(SUM(H10:K10)>0,"Exclude","Keep") | M10: =IF(H10=1,"Pre-study accuracy",IF(I10=1,"Post-study accuracy",IF(J10=1,"Eye tracking quality",IF(K10=1,"Face quality","")))) | N10: =MAX(C10:D10) | O10: =IF(AND(L10="Keep",N10<=$D$2),"Keep","Exclude") | P10: =D10-C10 | R10: First reason: Pre-study accuracy | S10: =COUNTIF($M$5:$M$182,"Pre-study accuracy") | T10: =COUNTIF($M$5:$M$182,"Pre-study accuracy")
A11: RESP0007 | B11: =INDEX(Session!$M$2:$M$261,MATCH($A11,Session!$A$2:$A$261,0)) | C11: =SUMIFS(Quality!$E$2:$E$1247,Quality!$A$2:$A$1247,$A11,Quality!$D$2:$D$1247,"Pre-study calibration") | D11: =SUMIFS(Quality!$E$2:$E$1247,Quality!$A$2:$A$1247,$A11,Quality!$D$2:$D$1247,"Post-study calibration") | E11: =SUMIFS(Quality!$F$2:$F$1247,Quality!$A$2:$A$1247,$A11,Quality!$D$2:$D$1247,"infographic") | F11: =SUMIFS(Quality!$G$2:$G$1247,Quality!$A$2:$A$1247,$A11,Quality!$D$2:$D$1247,"foodwaste_narrative") | G11: =SUMIFS(Quality!$G$2:$G$1247,Quality!$A$2:$A$1247,$A11,Quality!$D$2:$D$1247,"foodwaste_visual") | H11: =IF(C11>$B$2,1,0) | I11: =IF(D11>$B$2,1,0) | J11: =IF(E11<$F$2,1,0) | K11: =IF(OR(F11<$H$2,G11<$H$2),1,0) | L11: =IF(SUM(H11:K11)>0,"Exclude","Keep") | M11: =IF(H11=1,"Pre-study accuracy",IF(I11=1,"Post-study accuracy",IF(J11=1,"Eye tracking quality",IF(K11=1,"Face quality","")))) | N11: =MAX(C11:D11) | O11: =IF(AND(L11="Keep",N11<=$D$2),"Keep","Exclude") | P11: =D11-C11 | R11: First reason: Post-study accuracy | S11: =COUNTIF($M$5:$M$182,"Post-study accuracy") | T11: =COUNTIF($M$5:$M$182,"Post-study accuracy")
A12: RESP0009 | B12: =INDEX(Session!$M$2:$M$261,MATCH($A12,Session!$A$2:$A$261,0)) | C12: =SUMIFS(Quality!$E$2:$E$1247,Quality!$A$2:$A$1247,$A12,Quality!$D$2:$D$1247,"Pre-study calibration") | D12: =SUMIFS(Quality!$E$2:$E$1247,Quality!$A$2:$A$1247,$A12,Quality!$D$2:$D$1247,"Post-study calibration") | E12: =SUMIFS(Quality!$F$2:$F$1247,Quality!$A$2:$A$1247,$A12,Quality!$D$2:$D$1247,"infographic") | F12: =SUMIFS(Quality!$G$2:$G$1247,Quality!$A$2:$A$1247,$A12,Quality!$D$2:$D$1247,"foodwaste_narrative") | G12: =SUMIFS(Quality!$G$2:$G$1247,Quality!$A$2:$A$1247,$A12,Quality!$D$2:$D$1247,"foodwaste_visual") | H12: =IF(C12>$B$2,1,0) | I12: =IF(D12>$B$2,1,0) | J12: =IF(E12<$F$2,1,0) | K12: =IF(OR(F12<$H$2,G12<$H$2),1,0) | L12: =IF(SUM(H12:K12)>0,"Exclude","Keep") | M12: =IF(H12=1,"Pre-study accuracy",IF(I12=1,"Post-study accuracy",IF(J12=1,"Eye tracking quality",IF(K12=1,"Face quality","")))) | N12: =MAX(C12:D12) | O12: =IF(AND(L12="Keep",N12<=$D$2),"Keep","Exclude") | P12: =D12-C12 | R12: First reason: Eye tracking quality | S12: =COUNTIF($M$5:$M$182,"Eye tracking quality") | T12: =COUNTIF($M$5:$M$182,"Eye tracking quality")
A13: RESP0010 | B13: =INDEX(Session!$M$2:$M$261,MATCH($A13,Session!$A$2:$A$261,0)) | C13: =SUMIFS(Quality!$E$2:$E$1247,Quality!$A$2:$A$1247,$A13,Quality!$D$2:$D$1247,"Pre-study calibration") | D13: =SUMIFS(Quality!$E$2:$E$1247,Quality!$A$2:$A$1247,$A13,Quality!$D$2:$D$1247,"Post-study calibration") | E13: =SUMIFS(Quality!$F$2:$F$1247,Quality!$A$2:$A$1247,$A13,Quality!$D$2:$D$1247,"infographic") | F13: =SUMIFS(Quality!$G$2:$G$1247,Quality!$A$2:$A$1247,$A13,Quality!$D$2:$D$1247,"foodwaste_narrative") | G13: =SUMIFS(Quality!$G$2:$G$1247,Quality!$A$2:$A$1247,$A13,Quality!$D$2:$D$1247,"foodwaste_visual") | H13: =IF(C13>$B$2,1,0) | I13: =IF(D13>$B$2,1,0) | J13: =IF(E13<$F$2,1,0) | K13: =IF(OR(F13<$H$2,G13<$H$2),1,0) | L13: =IF(SUM(H13:K13)>0,"Exclude","Keep") | M13: =IF(H13=1,"Pre-study accuracy",IF(I13=1,"Post-study accuracy",IF(J13=1,"Eye tracking quality",IF(K13=1,"Face quality","")))) | N13: =MAX(C13:D13) | O13: =IF(AND(L13="Keep",N13<=$D$2),"Keep","Exclude") | P13: =D13-C13 | R13: First reason: Face quality | S13: =COUNTIF($M$5:$M$182,"Face quality") | T13: =COUNTIF($M$5:$M$182,"Face quality")
A14: RESP0012 | B14: =INDEX(Session!$M$2:$M$261,MATCH($A14,Session!$A$2:$A$261,0)) | C14: =SUMIFS(Quality!$E$2:$E$1247,Quality!$A$2:$A$1247,$A14,Quality!$D$2:$D$1247,"Pre-study calibration") | D14: =SUMIFS(Quality!$E$2:$E$1247,Quality!$A$2:$A$1247,$A14,Quality!$D$2:$D$1247,"Post-study calibration") | E14: =SUMIFS(Quality!$F$2:$F$1247,Quality!$A$2:$A$1247,$A14,Quality!$D$2:$D$1247,"infographic") | F14: =SUMIFS(Quality!$G$2:$G$1247,Quality!$A$2:$A$1247,$A14,Quality!$D$2:$D$1247,"foodwaste_narrative") | G14: =SUMIFS(Quality!$G$2:$G$1247,Quality!$A$2:$A$1247,$A14,Quality!$D$2:$D$1247,"foodwaste_visual") | H14: =IF(C14>$B$2,1,0) | I14: =IF(D14>$B$2,1,0) | J14: =IF(E14<$F$2,1,0) | K14: =IF(OR(F14<$H$2,G14<$H$2),1,0) | L14: =IF(SUM(H14:K14)>0,"Exclude","Keep") | M14: =IF(H14=1,"Pre-study accuracy",IF(I14=1,"Post-study accuracy",IF(J14=1,"Eye tracking quality",IF(K14=1,"Face quality","")))) | N14: =MAX(C14:D14) | O14: =IF(AND(L14="Keep",N14<=$D$2),"Keep","Exclude") | P14: =D14-C14 | R14: Failed (any): Pre-study accuracy | S14: =SUM(H5:H182) | T14: =SUM(H5:H182)
A15: RESP0013 | B15: =INDEX(Session!$M$2:$M$261,MATCH($A15,Session!$A$2:$A$261,0)) | C15: =SUMIFS(Quality!$E$2:$E$1247,Quality!$A$2:$A$1247,$A15,Quality!$D$2:$D$1247,"Pre-study calibration") | D15: =SUMIFS(Quality!$E$2:$E$1247,Quality!$A$2:$A$1247,$A15,Quality!$D$2:$D$1247,"Post-study calibration") | E15: =SUMIFS(Quality!$F$2:$F$1247,Quality!$A$2:$A$1247,$A15,Quality!$D$2:$D$1247,"infographic") | F15: =SUMIFS(Quality!$G$2:$G$1247,Quality!$A$2:$A$1247,$A15,Quality!$D$2:$D$1247,"foodwaste_narrative") | G15: =SUMIFS(Quality!$G$2:$G$1247,Quality!$A$2:$A$1247,$A15,Quality!$D$2:$D$1247,"foodwaste_visual") | H15: =IF(C15>$B$2,1,0) | I15: =IF(D15>$B$2,1,0) | J15: =IF(E15<$F$2,1,0) | K15: =IF(OR(F15<$H$2,G15<$H$2),1,0) | L15: =IF(SUM(H15:K15)>0,"Exclude","Keep") | M15: =IF(H15=1,"Pre-study accuracy",IF(I15=1,"Post-study accuracy",IF(J15=1,"Eye tracking quality",IF(K15=1,"Face quality","")))) | N15: =MAX(C15:D15) | O15: =IF(AND(L15="Keep",N15<=$D$2),"Keep","Exclude") | P15: =D15-C15 | R15: Failed (any): Post-study accuracy | S15: =SUM(I5:I182) | T15: =SUM(I5:I182)
A16: RESP0014 | B16: =INDEX(Session!$M$2:$M$261,MATCH($A16,Session!$A$2:$A$261,0)) | C16: =SUMIFS(Quality!$E$2:$E$1247,Quality!$A$2:$A$1247,$A16,Quality!$D$2:$D$1247,"Pre-study calibration") | D16: =SUMIFS(Quality!$E$2:$E$1247,Quality!$A$2:$A$1247,$A16,Quality!$D$2:$D$1247,"Post-study calibration") | E16: =SUMIFS(Quality!$F$2:$F$1247,Quality!$A$2:$A$1247,$A16,Quality!$D$2:$D$1247,"infographic") | F16: =SUMIFS(Quality!$G$2:$G$1247,Quality!$A$2:$A$1247,$A16,Quality!$D$2:$D$1247,"foodwaste_narrative") | G16: =SUMIFS(Quality!$G$2:$G$1247,Quality!$A$2:$A$1247,$A16,Quality!$D$2:$D$1247,"foodwaste_visual") | H16: =IF(C16>$B$2,1,0) | I16: =IF(D16>$B$2,1,0) | J16: =IF(E16<$F$2,1,0) | K16: =IF(OR(F16<$H$2,G16<$H$2),1,0) | L16: =IF(SUM(H16:K16)>0,"Exclude","Keep") | M16: =IF(H16=1,"Pre-study accuracy",IF(I16=1,"Post-study accuracy",IF(J16=1,"Eye tracking quality",IF(K16=1,"Face quality","")))) | N16: =MAX(C16:D16) | O16: =IF(AND(L16="Keep",N16<=$D$2),"Keep","Exclude") | P16: =D16-C16 | R16: Failed (any): Eye tracking quality | S16: =SUM(J5:J182) | T16: =SUM(J5:J182)
A17: RESP0015 | B17: =INDEX(Session!$M$2:$M$261,MATCH($A17,Session!$A$2:$A$261,0)) | C17: =SUMIFS(Quality!$E$2:$E$1247,Quality!$A$2:$A$1247,$A17,Quality!$D$2:$D$1247,"Pre-study calibration") | D17: =SUMIFS(Quality!$E$2:$E$1247,Quality!$A$2:$A$1247,$A17,Quality!$D$2:$D$1247,"Post-study calibration") | E17: =SUMIFS(Quality!$F$2:$F$1247,Quality!$A$2:$A$1247,$A17,Quality!$D$2:$D$1247,"infographic") | F17: =SUMIFS(Quality!$G$2:$G$1247,Quality!$A$2:$A$1247,$A17,Quality!$D$2:$D$1247,"foodwaste_narrative") | G17: =SUMIFS(Quality!$G$2:$G$1247,Quality!$A$2:$A$1247,$A17,Quality!$D$2:$D$1247,"foodwaste_visual") | H17: =IF(C17>$B$2,1,0) | I17: =IF(D17>$B$2,1,0) | J17: =IF(E17<$F$2,1,0) | K17: =IF(OR(F17<$H$2,G17<$H$2),1,0) | L17: =IF(SUM(H17:K17)>0,"Exclude","Keep") | M17: =IF(H17=1,"Pre-study accuracy",IF(I17=1,"Post-study accuracy",IF(J17=1,"Eye tracking quality",IF(K17=1,"Face quality","")))) | N17: =MAX(C17:D17) | O17: =IF(AND(L17="Keep",N17<=$D$2),"Keep","Exclude") | P17: =D17-C17 | R17: Failed (any): Face quality | S17: =SUM(K5:K182) | T17: =SUM(K5:K182)
A18: RESP0016 | B18: =INDEX(Session!$M$2:$M$261,MATCH($A18,Session!$A$2:$A$261,0)) | C18: =SUMIFS(Quality!$E$2:$E$1247,Quality!$A$2:$A$1247,$A18,Quality!$D$2:$D$1247,"Pre-study calibration") | D18: =SUMIFS(Quality!$E$2:$E$1247,Quality!$A$2:$A$1247,$A18,Quality!$D$2:$D$1247,"Post-study calibration") | E18: =SUMIFS(Quality!$F$2:$F$1247,Quality!$A$2:$A$1247,$A18,Quality!$D$2:$D$1247,"infographic") | F18: =SUMIFS(Quality!$G$2:$G$1247,Quality!$A$2:$A$1247,$A18,Quality!$D$2:$D$1247,"foodwaste_narrative") | G18: =SUMIFS(Quality!$G$2:$G$1247,Quality!$A$2:$A$1247,$A18,Quality!$D$2:$D$1247,"foodwaste_visual") | H18: =IF(C18>$B$2,1,0) | I18: =IF(D18>$B$2,1,0) | J18: =IF(E18<$F$2,1,0) | K18: =IF(OR(F18<$H$2,G18<$H$2),1,0) | L18: =IF(SUM(H18:K18)>0,"Exclude","Keep") | M18: =IF(H18=1,"Pre-study accuracy",IF(I18=1,"Post-study accuracy",IF(J18=1,"Eye tracking quality",IF(K18=1,"Face quality","")))) | N18: =MAX(C18:D18) | O18: =IF(AND(L18="Keep",N18<=$D$2),"Keep","Exclude") | P18: =D18-C18 | R18: Failed more than one criterion | S18: =SUMPRODUCT(--((H5:H182+I5:I182+J5:J182+K5:K182)>1)) | T18: =SUMPRODUCT(--((H5:H182+I5:I182+J5:J182+K5:K182)>1))
A19: RESP0019 | B19: =INDEX(Session!$M$2:$M$261,MATCH($A19,Session!$A$2:$A$261,0)) | C19: =SUMIFS(Quality!$E$2:$E$1247,Quality!$A$2:$A$1247,$A19,Quality!$D$2:$D$1247,"Pre-study calibration") | D19: =SUMIFS(Quality!$E$2:$E$1247,Quality!$A$2:$A$1247,$A19,Quality!$D$2:$D$1247,"Post-study calibration") | E19: =SUMIFS(Quality!$F$2:$F$1247,Quality!$A$2:$A$1247,$A19,Quality!$D$2:$D$1247,"infographic") | F19: =SUMIFS(Quality!$G$2:$G$1247,Quality!$A$2:$A$1247,$A19,Quality!$D$2:$D$1247,"foodwaste_narrative") | G19: =SUMIFS(Quality!$G$2:$G$1247,Quality!$A$2:$A$1247,$A19,Quality!$D$2:$D$1247,"foodwaste_visual") | H19: =IF(C19>$B$2,1,0) | I19: =IF(D19>$B$2,1,0) | J19: =IF(E19<$F$2,1,0) | K19: =IF(OR(F19<$H$2,G19<$H$2),1,0) | L19: =IF(SUM(H19:K19)>0,"Exclude","Keep") | M19: =IF(H19=1,"Pre-study accuracy",IF(I19=1,"Post-study accuracy",IF(J19=1,"Eye tracking quality",IF(K19=1,"Face quality","")))) | N19: =MAX(C19:D19) | O19: =IF(AND(L19="Keep",N19<=$D$2),"Keep","Exclude") | P19: =D19-C19 | R19: Failed only at the Post-study calibration | S19: =COUNTIFS(H5:H182,0,I5:I182,1) | T19: =COUNTIFS(H5:H182,0,I5:I182,1) | U19: fine at the start, drifted
A20: RESP0020 | B20: =INDEX(Session!$M$2:$M$261,MATCH($A20,Session!$A$2:$A$261,0)) | C20: =SUMIFS(Quality!$E$2:$E$1247,Quality!$A$2:$A$1247,$A20,Quality!$D$2:$D$1247,"Pre-study calibration") | D20: =SUMIFS(Quality!$E$2:$E$1247,Quality!$A$2:$A$1247,$A20,Quality!$D$2:$D$1247,"Post-study calibration") | E20: =SUMIFS(Quality!$F$2:$F$1247,Quality!$A$2:$A$1247,$A20,Quality!$D$2:$D$1247,"infographic") | F20: =SUMIFS(Quality!$G$2:$G$1247,Quality!$A$2:$A$1247,$A20,Quality!$D$2:$D$1247,"foodwaste_narrative") | G20: =SUMIFS(Quality!$G$2:$G$1247,Quality!$A$2:$A$1247,$A20,Quality!$D$2:$D$1247,"foodwaste_visual") | H20: =IF(C20>$B$2,1,0) | I20: =IF(D20>$B$2,1,0) | J20: =IF(E20<$F$2,1,0) | K20: =IF(OR(F20<$H$2,G20<$H$2),1,0) | L20: =IF(SUM(H20:K20)>0,"Exclude","Keep") | M20: =IF(H20=1,"Pre-study accuracy",IF(I20=1,"Post-study accuracy",IF(J20=1,"Eye tracking quality",IF(K20=1,"Face quality","")))) | N20: =MAX(C20:D20) | O20: =IF(AND(L20="Keep",N20<=$D$2),"Keep","Exclude") | P20: =D20-C20 | R20: Kept, Narrative first | S20: =COUNTIFS($B$5:$B$182,"Narrative first",$L$5:$L$182,"Keep") | T20: =COUNTIFS($B$5:$B$182,"Narrative first",$L$5:$L$182,"Keep")
A21: RESP0022 | B21: =INDEX(Session!$M$2:$M$261,MATCH($A21,Session!$A$2:$A$261,0)) | C21: =SUMIFS(Quality!$E$2:$E$1247,Quality!$A$2:$A$1247,$A21,Quality!$D$2:$D$1247,"Pre-study calibration") | D21: =SUMIFS(Quality!$E$2:$E$1247,Quality!$A$2:$A$1247,$A21,Quality!$D$2:$D$1247,"Post-study calibration") | E21: =SUMIFS(Quality!$F$2:$F$1247,Quality!$A$2:$A$1247,$A21,Quality!$D$2:$D$1247,"infographic") | F21: =SUMIFS(Quality!$G$2:$G$1247,Quality!$A$2:$A$1247,$A21,Quality!$D$2:$D$1247,"foodwaste_narrative") | G21: =SUMIFS(Quality!$G$2:$G$1247,Quality!$A$2:$A$1247,$A21,Quality!$D$2:$D$1247,"foodwaste_visual") | H21: =IF(C21>$B$2,1,0) | I21: =IF(D21>$B$2,1,0) | J21: =IF(E21<$F$2,1,0) | K21: =IF(OR(F21<$H$2,G21<$H$2),1,0) | L21: =IF(SUM(H21:K21)>0,"Exclude","Keep") | M21: =IF(H21=1,"Pre-study accuracy",IF(I21=1,"Post-study accuracy",IF(J21=1,"Eye tracking quality",IF(K21=1,"Face quality","")))) | N21: =MAX(C21:D21) | O21: =IF(AND(L21="Keep",N21<=$D$2),"Keep","Exclude") | P21: =D21-C21 | R21: Kept, Visual first | S21: =COUNTIFS($B$5:$B$182,"Visual first",$L$5:$L$182,"Keep") | T21: =COUNTIFS($B$5:$B$182,"Visual first",$L$5:$L$182,"Keep")
A22: RESP0023 | B22: =INDEX(Session!$M$2:$M$261,MATCH($A22,Session!$A$2:$A$261,0)) | C22: =SUMIFS(Quality!$E$2:$E$1247,Quality!$A$2:$A$1247,$A22,Quality!$D$2:$D$1247,"Pre-study calibration") | D22: =SUMIFS(Quality!$E$2:$E$1247,Quality!$A$2:$A$1247,$A22,Quality!$D$2:$D$1247,"Post-study calibration") | E22: =SUMIFS(Quality!$F$2:$F$1247,Quality!$A$2:$A$1247,$A22,Quality!$D$2:$D$1247,"infographic") | F22: =SUMIFS(Quality!$G$2:$G$1247,Quality!$A$2:$A$1247,$A22,Quality!$D$2:$D$1247,"foodwaste_narrative") | G22: =SUMIFS(Quality!$G$2:$G$1247,Quality!$A$2:$A$1247,$A22,Quality!$D$2:$D$1247,"foodwaste_visual") | H22: =IF(C22>$B$2,1,0) | I22: =IF(D22>$B$2,1,0) | J22: =IF(E22<$F$2,1,0) | K22: =IF(OR(F22<$H$2,G22<$H$2),1,0) | L22: =IF(SUM(H22:K22)>0,"Exclude","Keep") | M22: =IF(H22=1,"Pre-study accuracy",IF(I22=1,"Post-study accuracy",IF(J22=1,"Eye tracking quality",IF(K22=1,"Face quality","")))) | N22: =MAX(C22:D22) | O22: =IF(AND(L22="Keep",N22<=$D$2),"Keep","Exclude") | P22: =D22-C22 | R22: Kept at 3.0 degrees | S22: =COUNTIF($O$5:$O$182,"Keep") | T22: =COUNTIF($O$5:$O$182,"Keep")
A23: RESP0024 | B23: =INDEX(Session!$M$2:$M$261,MATCH($A23,Session!$A$2:$A$261,0)) | C23: =SUMIFS(Quality!$E$2:$E$1247,Quality!$A$2:$A$1247,$A23,Quality!$D$2:$D$1247,"Pre-study calibration") | D23: =SUMIFS(Quality!$E$2:$E$1247,Quality!$A$2:$A$1247,$A23,Quality!$D$2:$D$1247,"Post-study calibration") | E23: =SUMIFS(Quality!$F$2:$F$1247,Quality!$A$2:$A$1247,$A23,Quality!$D$2:$D$1247,"infographic") | F23: =SUMIFS(Quality!$G$2:$G$1247,Quality!$A$2:$A$1247,$A23,Quality!$D$2:$D$1247,"foodwaste_narrative") | G23: =SUMIFS(Quality!$G$2:$G$1247,Quality!$A$2:$A$1247,$A23,Quality!$D$2:$D$1247,"foodwaste_visual") | H23: =IF(C23>$B$2,1,0) | I23: =IF(D23>$B$2,1,0) | J23: =IF(E23<$F$2,1,0) | K23: =IF(OR(F23<$H$2,G23<$H$2),1,0) | L23: =IF(SUM(H23:K23)>0,"Exclude","Keep") | M23: =IF(H23=1,"Pre-study accuracy",IF(I23=1,"Post-study accuracy",IF(J23=1,"Eye tracking quality",IF(K23=1,"Face quality","")))) | N23: =MAX(C23:D23) | O23: =IF(AND(L23="Keep",N23<=$D$2),"Keep","Exclude") | P23: =D23-C23 | R23: Further removed at 3.0 degrees | S23: =S9-S22 | T23: =S9-S22
A24: RESP0025 | B24: =INDEX(Session!$M$2:$M$261,MATCH($A24,Session!$A$2:$A$261,0)) | C24: =SUMIFS(Quality!$E$2:$E$1247,Quality!$A$2:$A$1247,$A24,Quality!$D$2:$D$1247,"Pre-study calibration") | D24: =SUMIFS(Quality!$E$2:$E$1247,Quality!$A$2:$A$1247,$A24,Quality!$D$2:$D$1247,"Post-study calibration") | E24: =SUMIFS(Quality!$F$2:$F$1247,Quality!$A$2:$A$1247,$A24,Quality!$D$2:$D$1247,"infographic") | F24: =SUMIFS(Quality!$G$2:$G$1247,Quality!$A$2:$A$1247,$A24,Quality!$D$2:$D$1247,"foodwaste_narrative") | G24: =SUMIFS(Quality!$G$2:$G$1247,Quality!$A$2:$A$1247,$A24,Quality!$D$2:$D$1247,"foodwaste_visual") | H24: =IF(C24>$B$2,1,0) | I24: =IF(D24>$B$2,1,0) | J24: =IF(E24<$F$2,1,0) | K24: =IF(OR(F24<$H$2,G24<$H$2),1,0) | L24: =IF(SUM(H24:K24)>0,"Exclude","Keep") | M24: =IF(H24=1,"Pre-study accuracy",IF(I24=1,"Post-study accuracy",IF(J24=1,"Eye tracking quality",IF(K24=1,"Face quality","")))) | N24: =MAX(C24:D24) | O24: =IF(AND(L24="Keep",N24<=$D$2),"Keep","Exclude") | P24: =D24-C24
A25: RESP0026 | B25: =INDEX(Session!$M$2:$M$261,MATCH($A25,Session!$A$2:$A$261,0)) | C25: =SUMIFS(Quality!$E$2:$E$1247,Quality!$A$2:$A$1247,$A25,Quality!$D$2:$D$1247,"Pre-study calibration") | D25: =SUMIFS(Quality!$E$2:$E$1247,Quality!$A$2:$A$1247,$A25,Quality!$D$2:$D$1247,"Post-study calibration") | E25: =SUMIFS(Quality!$F$2:$F$1247,Quality!$A$2:$A$1247,$A25,Quality!$D$2:$D$1247,"infographic") | F25: =SUMIFS(Quality!$G$2:$G$1247,Quality!$A$2:$A$1247,$A25,Quality!$D$2:$D$1247,"foodwaste_narrative") | G25: =SUMIFS(Quality!$G$2:$G$1247,Quality!$A$2:$A$1247,$A25,Quality!$D$2:$D$1247,"foodwaste_visual") | H25: =IF(C25>$B$2,1,0) | I25: =IF(D25>$B$2,1,0) | J25: =IF(E25<$F$2,1,0) | K25: =IF(OR(F25<$H$2,G25<$H$2),1,0) | L25: =IF(SUM(H25:K25)>0,"Exclude","Keep") | M25: =IF(H25=1,"Pre-study accuracy",IF(I25=1,"Post-study accuracy",IF(J25=1,"Eye tracking quality",IF(K25=1,"Face quality","")))) | N25: =MAX(C25:D25) | O25: =IF(AND(L25="Keep",N25<=$D$2),"Keep","Exclude") | P25: =D25-C25
A26: RESP0028 | B26: =INDEX(Session!$M$2:$M$261,MATCH($A26,Session!$A$2:$A$261,0)) | C26: =SUMIFS(Quality!$E$2:$E$1247,Quality!$A$2:$A$1247,$A26,Quality!$D$2:$D$1247,"Pre-study calibration") | D26: =SUMIFS(Quality!$E$2:$E$1247,Quality!$A$2:$A$1247,$A26,Quality!$D$2:$D$1247,"Post-study calibration") | E26: =SUMIFS(Quality!$F$2:$F$1247,Quality!$A$2:$A$1247,$A26,Quality!$D$2:$D$1247,"infographic") | F26: =SUMIFS(Quality!$G$2:$G$1247,Quality!$A$2:$A$1247,$A26,Quality!$D$2:$D$1247,"foodwaste_narrative") | G26: =SUMIFS(Quality!$G$2:$G$1247,Quality!$A$2:$A$1247,$A26,Quality!$D$2:$D$1247,"foodwaste_visual") | H26: =IF(C26>$B$2,1,0) | I26: =IF(D26>$B$2,1,0) | J26: =IF(E26<$F$2,1,0) | K26: =IF(OR(F26<$H$2,G26<$H$2),1,0) | L26: =IF(SUM(H26:K26)>0,"Exclude","Keep") | M26: =IF(H26=1,"Pre-study accuracy",IF(I26=1,"Post-study accuracy",IF(J26=1,"Eye tracking quality",IF(K26=1,"Face quality","")))) | N26: =MAX(C26:D26) | O26: =IF(AND(L26="Keep",N26<=$D$2),"Keep","Exclude") | P26: =D26-C26 | R26: Statistic | S26: Value | T26: Formula shown | U26: Note
A27: RESP0029 | B27: =INDEX(Session!$M$2:$M$261,MATCH($A27,Session!$A$2:$A$261,0)) | C27: =SUMIFS(Quality!$E$2:$E$1247,Quality!$A$2:$A$1247,$A27,Quality!$D$2:$D$1247,"Pre-study calibration") | D27: =SUMIFS(Quality!$E$2:$E$1247,Quality!$A$2:$A$1247,$A27,Quality!$D$2:$D$1247,"Post-study calibration") | E27: =SUMIFS(Quality!$F$2:$F$1247,Quality!$A$2:$A$1247,$A27,Quality!$D$2:$D$1247,"infographic") | F27: =SUMIFS(Quality!$G$2:$G$1247,Quality!$A$2:$A$1247,$A27,Quality!$D$2:$D$1247,"foodwaste_narrative") | G27: =SUMIFS(Quality!$G$2:$G$1247,Quality!$A$2:$A$1247,$A27,Quality!$D$2:$D$1247,"foodwaste_visual") | H27: =IF(C27>$B$2,1,0) | I27: =IF(D27>$B$2,1,0) | J27: =IF(E27<$F$2,1,0) | K27: =IF(OR(F27<$H$2,G27<$H$2),1,0) | L27: =IF(SUM(H27:K27)>0,"Exclude","Keep") | M27: =IF(H27=1,"Pre-study accuracy",IF(I27=1,"Post-study accuracy",IF(J27=1,"Eye tracking quality",IF(K27=1,"Face quality","")))) | N27: =MAX(C27:D27) | O27: =IF(AND(L27="Keep",N27<=$D$2),"Keep","Exclude") | P27: =D27-C27 | R27: Calibration drift: Pre-study versus Post-study accuracy (all completed respondents)
A28: RESP0031 | B28: =INDEX(Session!$M$2:$M$261,MATCH($A28,Session!$A$2:$A$261,0)) | C28: =SUMIFS(Quality!$E$2:$E$1247,Quality!$A$2:$A$1247,$A28,Quality!$D$2:$D$1247,"Pre-study calibration") | D28: =SUMIFS(Quality!$E$2:$E$1247,Quality!$A$2:$A$1247,$A28,Quality!$D$2:$D$1247,"Post-study calibration") | E28: =SUMIFS(Quality!$F$2:$F$1247,Quality!$A$2:$A$1247,$A28,Quality!$D$2:$D$1247,"infographic") | F28: =SUMIFS(Quality!$G$2:$G$1247,Quality!$A$2:$A$1247,$A28,Quality!$D$2:$D$1247,"foodwaste_narrative") | G28: =SUMIFS(Quality!$G$2:$G$1247,Quality!$A$2:$A$1247,$A28,Quality!$D$2:$D$1247,"foodwaste_visual") | H28: =IF(C28>$B$2,1,0) | I28: =IF(D28>$B$2,1,0) | J28: =IF(E28<$F$2,1,0) | K28: =IF(OR(F28<$H$2,G28<$H$2),1,0) | L28: =IF(SUM(H28:K28)>0,"Exclude","Keep") | M28: =IF(H28=1,"Pre-study accuracy",IF(I28=1,"Post-study accuracy",IF(J28=1,"Eye tracking quality",IF(K28=1,"Face quality","")))) | N28: =MAX(C28:D28) | O28: =IF(AND(L28="Keep",N28<=$D$2),"Keep","Exclude") | P28: =D28-C28 | R28: Pre-study mean (degrees) | S28: =AVERAGE(C5:C182) | T28: =AVERAGE(C5:C182) | U28: AVERAGE of the first column
A29: RESP0032 | B29: =INDEX(Session!$M$2:$M$261,MATCH($A29,Session!$A$2:$A$261,0)) | C29: =SUMIFS(Quality!$E$2:$E$1247,Quality!$A$2:$A$1247,$A29,Quality!$D$2:$D$1247,"Pre-study calibration") | D29: =SUMIFS(Quality!$E$2:$E$1247,Quality!$A$2:$A$1247,$A29,Quality!$D$2:$D$1247,"Post-study calibration") | E29: =SUMIFS(Quality!$F$2:$F$1247,Quality!$A$2:$A$1247,$A29,Quality!$D$2:$D$1247,"infographic") | F29: =SUMIFS(Quality!$G$2:$G$1247,Quality!$A$2:$A$1247,$A29,Quality!$D$2:$D$1247,"foodwaste_narrative") | G29: =SUMIFS(Quality!$G$2:$G$1247,Quality!$A$2:$A$1247,$A29,Quality!$D$2:$D$1247,"foodwaste_visual") | H29: =IF(C29>$B$2,1,0) | I29: =IF(D29>$B$2,1,0) | J29: =IF(E29<$F$2,1,0) | K29: =IF(OR(F29<$H$2,G29<$H$2),1,0) | L29: =IF(SUM(H29:K29)>0,"Exclude","Keep") | M29: =IF(H29=1,"Pre-study accuracy",IF(I29=1,"Post-study accuracy",IF(J29=1,"Eye tracking quality",IF(K29=1,"Face quality","")))) | N29: =MAX(C29:D29) | O29: =IF(AND(L29="Keep",N29<=$D$2),"Keep","Exclude") | P29: =D29-C29 | R29: Pre-study SD | S29: =_xlfn.STDEV.S(C5:C182) | T29: =STDEV.S(C5:C182) | U29: STDEV.S = sample standard deviation
A30: RESP0035 | B30: =INDEX(Session!$M$2:$M$261,MATCH($A30,Session!$A$2:$A$261,0)) | C30: =SUMIFS(Quality!$E$2:$E$1247,Quality!$A$2:$A$1247,$A30,Quality!$D$2:$D$1247,"Pre-study calibration") | D30: =SUMIFS(Quality!$E$2:$E$1247,Quality!$A$2:$A$1247,$A30,Quality!$D$2:$D$1247,"Post-study calibration") | E30: =SUMIFS(Quality!$F$2:$F$1247,Quality!$A$2:$A$1247,$A30,Quality!$D$2:$D$1247,"infographic") | F30: =SUMIFS(Quality!$G$2:$G$1247,Quality!$A$2:$A$1247,$A30,Quality!$D$2:$D$1247,"foodwaste_narrative") | G30: =SUMIFS(Quality!$G$2:$G$1247,Quality!$A$2:$A$1247,$A30,Quality!$D$2:$D$1247,"foodwaste_visual") | H30: =IF(C30>$B$2,1,0) | I30: =IF(D30>$B$2,1,0) | J30: =IF(E30<$F$2,1,0) | K30: =IF(OR(F30<$H$2,G30<$H$2),1,0) | L30: =IF(SUM(H30:K30)>0,"Exclude","Keep") | M30: =IF(H30=1,"Pre-study accuracy",IF(I30=1,"Post-study accuracy",IF(J30=1,"Eye tracking quality",IF(K30=1,"Face quality","")))) | N30: =MAX(C30:D30) | O30: =IF(AND(L30="Keep",N30<=$D$2),"Keep","Exclude") | P30: =D30-C30 | R30: Post-study mean (degrees) | S30: =AVERAGE(D5:D182) | T30: =AVERAGE(D5:D182)
A31: RESP0036 | B31: =INDEX(Session!$M$2:$M$261,MATCH($A31,Session!$A$2:$A$261,0)) | C31: =SUMIFS(Quality!$E$2:$E$1247,Quality!$A$2:$A$1247,$A31,Quality!$D$2:$D$1247,"Pre-study calibration") | D31: =SUMIFS(Quality!$E$2:$E$1247,Quality!$A$2:$A$1247,$A31,Quality!$D$2:$D$1247,"Post-study calibration") | E31: =SUMIFS(Quality!$F$2:$F$1247,Quality!$A$2:$A$1247,$A31,Quality!$D$2:$D$1247,"infographic") | F31: =SUMIFS(Quality!$G$2:$G$1247,Quality!$A$2:$A$1247,$A31,Quality!$D$2:$D$1247,"foodwaste_narrative") | G31: =SUMIFS(Quality!$G$2:$G$1247,Quality!$A$2:$A$1247,$A31,Quality!$D$2:$D$1247,"foodwaste_visual") | H31: =IF(C31>$B$2,1,0) | I31: =IF(D31>$B$2,1,0) | J31: =IF(E31<$F$2,1,0) | K31: =IF(OR(F31<$H$2,G31<$H$2),1,0) | L31: =IF(SUM(H31:K31)>0,"Exclude","Keep") | M31: =IF(H31=1,"Pre-study accuracy",IF(I31=1,"Post-study accuracy",IF(J31=1,"Eye tracking quality",IF(K31=1,"Face quality","")))) | N31: =MAX(C31:D31) | O31: =IF(AND(L31="Keep",N31<=$D$2),"Keep","Exclude") | P31: =D31-C31 | R31: Post-study SD | S31: =_xlfn.STDEV.S(D5:D182) | T31: =STDEV.S(D5:D182)
A32: RESP0037 | B32: =INDEX(Session!$M$2:$M$261,MATCH($A32,Session!$A$2:$A$261,0)) | C32: =SUMIFS(Quality!$E$2:$E$1247,Quality!$A$2:$A$1247,$A32,Quality!$D$2:$D$1247,"Pre-study calibration") | D32: =SUMIFS(Quality!$E$2:$E$1247,Quality!$A$2:$A$1247,$A32,Quality!$D$2:$D$1247,"Post-study calibration") | E32: =SUMIFS(Quality!$F$2:$F$1247,Quality!$A$2:$A$1247,$A32,Quality!$D$2:$D$1247,"infographic") | F32: =SUMIFS(Quality!$G$2:$G$1247,Quality!$A$2:$A$1247,$A32,Quality!$D$2:$D$1247,"foodwaste_narrative") | G32: =SUMIFS(Quality!$G$2:$G$1247,Quality!$A$2:$A$1247,$A32,Quality!$D$2:$D$1247,"foodwaste_visual") | H32: =IF(C32>$B$2,1,0) | I32: =IF(D32>$B$2,1,0) | J32: =IF(E32<$F$2,1,0) | K32: =IF(OR(F32<$H$2,G32<$H$2),1,0) | L32: =IF(SUM(H32:K32)>0,"Exclude","Keep") | M32: =IF(H32=1,"Pre-study accuracy",IF(I32=1,"Post-study accuracy",IF(J32=1,"Eye tracking quality",IF(K32=1,"Face quality","")))) | N32: =MAX(C32:D32) | O32: =IF(AND(L32="Keep",N32<=$D$2),"Keep","Exclude") | P32: =D32-C32 | R32: n (respondents) | S32: =COUNT(P5:P182) | T32: =COUNT(P5:P182)
A33: RESP0038 | B33: =INDEX(Session!$M$2:$M$261,MATCH($A33,Session!$A$2:$A$261,0)) | C33: =SUMIFS(Quality!$E$2:$E$1247,Quality!$A$2:$A$1247,$A33,Quality!$D$2:$D$1247,"Pre-study calibration") | D33: =SUMIFS(Quality!$E$2:$E$1247,Quality!$A$2:$A$1247,$A33,Quality!$D$2:$D$1247,"Post-study calibration") | E33: =SUMIFS(Quality!$F$2:$F$1247,Quality!$A$2:$A$1247,$A33,Quality!$D$2:$D$1247,"infographic") | F33: =SUMIFS(Quality!$G$2:$G$1247,Quality!$A$2:$A$1247,$A33,Quality!$D$2:$D$1247,"foodwaste_narrative") | G33: =SUMIFS(Quality!$G$2:$G$1247,Quality!$A$2:$A$1247,$A33,Quality!$D$2:$D$1247,"foodwaste_visual") | H33: =IF(C33>$B$2,1,0) | I33: =IF(D33>$B$2,1,0) | J33: =IF(E33<$F$2,1,0) | K33: =IF(OR(F33<$H$2,G33<$H$2),1,0) | L33: =IF(SUM(H33:K33)>0,"Exclude","Keep") | M33: =IF(H33=1,"Pre-study accuracy",IF(I33=1,"Post-study accuracy",IF(J33=1,"Eye tracking quality",IF(K33=1,"Face quality","")))) | N33: =MAX(C33:D33) | O33: =IF(AND(L33="Keep",N33<=$D$2),"Keep","Exclude") | P33: =D33-C33 | R33: Mean difference, Post-study minus Pre-study | S33: =AVERAGE(P5:P182) | T33: =AVERAGE(P5:P182)
A34: RESP0039 | B34: =INDEX(Session!$M$2:$M$261,MATCH($A34,Session!$A$2:$A$261,0)) | C34: =SUMIFS(Quality!$E$2:$E$1247,Quality!$A$2:$A$1247,$A34,Quality!$D$2:$D$1247,"Pre-study calibration") | D34: =SUMIFS(Quality!$E$2:$E$1247,Quality!$A$2:$A$1247,$A34,Quality!$D$2:$D$1247,"Post-study calibration") | E34: =SUMIFS(Quality!$F$2:$F$1247,Quality!$A$2:$A$1247,$A34,Quality!$D$2:$D$1247,"infographic") | F34: =SUMIFS(Quality!$G$2:$G$1247,Quality!$A$2:$A$1247,$A34,Quality!$D$2:$D$1247,"foodwaste_narrative") | G34: =SUMIFS(Quality!$G$2:$G$1247,Quality!$A$2:$A$1247,$A34,Quality!$D$2:$D$1247,"foodwaste_visual") | H34: =IF(C34>$B$2,1,0) | I34: =IF(D34>$B$2,1,0) | J34: =IF(E34<$F$2,1,0) | K34: =IF(OR(F34<$H$2,G34<$H$2),1,0) | L34: =IF(SUM(H34:K34)>0,"Exclude","Keep") | M34: =IF(H34=1,"Pre-study accuracy",IF(I34=1,"Post-study accuracy",IF(J34=1,"Eye tracking quality",IF(K34=1,"Face quality","")))) | N34: =MAX(C34:D34) | O34: =IF(AND(L34="Keep",N34<=$D$2),"Keep","Exclude") | P34: =D34-C34 | R34: SD of the differences | S34: =_xlfn.STDEV.S(P5:P182) | T34: =STDEV.S(P5:P182) | U34: the SD that matters in a paired design
A35: RESP0040 | B35: =INDEX(Session!$M$2:$M$261,MATCH($A35,Session!$A$2:$A$261,0)) | C35: =SUMIFS(Quality!$E$2:$E$1247,Quality!$A$2:$A$1247,$A35,Quality!$D$2:$D$1247,"Pre-study calibration") | D35: =SUMIFS(Quality!$E$2:$E$1247,Quality!$A$2:$A$1247,$A35,Quality!$D$2:$D$1247,"Post-study calibration") | E35: =SUMIFS(Quality!$F$2:$F$1247,Quality!$A$2:$A$1247,$A35,Quality!$D$2:$D$1247,"infographic") | F35: =SUMIFS(Quality!$G$2:$G$1247,Quality!$A$2:$A$1247,$A35,Quality!$D$2:$D$1247,"foodwaste_narrative") | G35: =SUMIFS(Quality!$G$2:$G$1247,Quality!$A$2:$A$1247,$A35,Quality!$D$2:$D$1247,"foodwaste_visual") | H35: =IF(C35>$B$2,1,0) | I35: =IF(D35>$B$2,1,0) | J35: =IF(E35<$F$2,1,0) | K35: =IF(OR(F35<$H$2,G35<$H$2),1,0) | L35: =IF(SUM(H35:K35)>0,"Exclude","Keep") | M35: =IF(H35=1,"Pre-study accuracy",IF(I35=1,"Post-study accuracy",IF(J35=1,"Eye tracking quality",IF(K35=1,"Face quality","")))) | N35: =MAX(C35:D35) | O35: =IF(AND(L35="Keep",N35<=$D$2),"Keep","Exclude") | P35: =D35-C35 | R35: SE of the mean difference | S35: =S34/SQRT(S32) | T35: =S34/SQRT(S32) | U35: SD of the differences / sqrt(n)
A36: RESP0041 | B36: =INDEX(Session!$M$2:$M$261,MATCH($A36,Session!$A$2:$A$261,0)) | C36: =SUMIFS(Quality!$E$2:$E$1247,Quality!$A$2:$A$1247,$A36,Quality!$D$2:$D$1247,"Pre-study calibration") | D36: =SUMIFS(Quality!$E$2:$E$1247,Quality!$A$2:$A$1247,$A36,Quality!$D$2:$D$1247,"Post-study calibration") | E36: =SUMIFS(Quality!$F$2:$F$1247,Quality!$A$2:$A$1247,$A36,Quality!$D$2:$D$1247,"infographic") | F36: =SUMIFS(Quality!$G$2:$G$1247,Quality!$A$2:$A$1247,$A36,Quality!$D$2:$D$1247,"foodwaste_narrative") | G36: =SUMIFS(Quality!$G$2:$G$1247,Quality!$A$2:$A$1247,$A36,Quality!$D$2:$D$1247,"foodwaste_visual") | H36: =IF(C36>$B$2,1,0) | I36: =IF(D36>$B$2,1,0) | J36: =IF(E36<$F$2,1,0) | K36: =IF(OR(F36<$H$2,G36<$H$2),1,0) | L36: =IF(SUM(H36:K36)>0,"Exclude","Keep") | M36: =IF(H36=1,"Pre-study accuracy",IF(I36=1,"Post-study accuracy",IF(J36=1,"Eye tracking quality",IF(K36=1,"Face quality","")))) | N36: =MAX(C36:D36) | O36: =IF(AND(L36="Keep",N36<=$D$2),"Keep","Exclude") | P36: =D36-C36 | R36: t | S36: =S33/S35 | T36: =S33/S35 | U36: t = mean difference / SE
A37: RESP0043 | B37: =INDEX(Session!$M$2:$M$261,MATCH($A37,Session!$A$2:$A$261,0)) | C37: =SUMIFS(Quality!$E$2:$E$1247,Quality!$A$2:$A$1247,$A37,Quality!$D$2:$D$1247,"Pre-study calibration") | D37: =SUMIFS(Quality!$E$2:$E$1247,Quality!$A$2:$A$1247,$A37,Quality!$D$2:$D$1247,"Post-study calibration") | E37: =SUMIFS(Quality!$F$2:$F$1247,Quality!$A$2:$A$1247,$A37,Quality!$D$2:$D$1247,"infographic") | F37: =SUMIFS(Quality!$G$2:$G$1247,Quality!$A$2:$A$1247,$A37,Quality!$D$2:$D$1247,"foodwaste_narrative") | G37: =SUMIFS(Quality!$G$2:$G$1247,Quality!$A$2:$A$1247,$A37,Quality!$D$2:$D$1247,"foodwaste_visual") | H37: =IF(C37>$B$2,1,0) | I37: =IF(D37>$B$2,1,0) | J37: =IF(E37<$F$2,1,0) | K37: =IF(OR(F37<$H$2,G37<$H$2),1,0) | L37: =IF(SUM(H37:K37)>0,"Exclude","Keep") | M37: =IF(H37=1,"Pre-study accuracy",IF(I37=1,"Post-study accuracy",IF(J37=1,"Eye tracking quality",IF(K37=1,"Face quality","")))) | N37: =MAX(C37:D37) | O37: =IF(AND(L37="Keep",N37<=$D$2),"Keep","Exclude") | P37: =D37-C37 | R37: df | S37: =S32-1 | T37: =S32-1 | U37: n minus 1
A38: RESP0044 | B38: =INDEX(Session!$M$2:$M$261,MATCH($A38,Session!$A$2:$A$261,0)) | C38: =SUMIFS(Quality!$E$2:$E$1247,Quality!$A$2:$A$1247,$A38,Quality!$D$2:$D$1247,"Pre-study calibration") | D38: =SUMIFS(Quality!$E$2:$E$1247,Quality!$A$2:$A$1247,$A38,Quality!$D$2:$D$1247,"Post-study calibration") | E38: =SUMIFS(Quality!$F$2:$F$1247,Quality!$A$2:$A$1247,$A38,Quality!$D$2:$D$1247,"infographic") | F38: =SUMIFS(Quality!$G$2:$G$1247,Quality!$A$2:$A$1247,$A38,Quality!$D$2:$D$1247,"foodwaste_narrative") | G38: =SUMIFS(Quality!$G$2:$G$1247,Quality!$A$2:$A$1247,$A38,Quality!$D$2:$D$1247,"foodwaste_visual") | H38: =IF(C38>$B$2,1,0) | I38: =IF(D38>$B$2,1,0) | J38: =IF(E38<$F$2,1,0) | K38: =IF(OR(F38<$H$2,G38<$H$2),1,0) | L38: =IF(SUM(H38:K38)>0,"Exclude","Keep") | M38: =IF(H38=1,"Pre-study accuracy",IF(I38=1,"Post-study accuracy",IF(J38=1,"Eye tracking quality",IF(K38=1,"Face quality","")))) | N38: =MAX(C38:D38) | O38: =IF(AND(L38="Keep",N38<=$D$2),"Keep","Exclude") | P38: =D38-C38 | R38: p, two tailed (T.TEST type 1) | S38: =_xlfn.T.TEST(C5:C182,D5:D182,2,1) | T38: =T.TEST(C5:C182,D5:D182,2,1) | U38: tails = 2, type = 1 means paired
A39: RESP0046 | B39: =INDEX(Session!$M$2:$M$261,MATCH($A39,Session!$A$2:$A$261,0)) | C39: =SUMIFS(Quality!$E$2:$E$1247,Quality!$A$2:$A$1247,$A39,Quality!$D$2:$D$1247,"Pre-study calibration") | D39: =SUMIFS(Quality!$E$2:$E$1247,Quality!$A$2:$A$1247,$A39,Quality!$D$2:$D$1247,"Post-study calibration") | E39: =SUMIFS(Quality!$F$2:$F$1247,Quality!$A$2:$A$1247,$A39,Quality!$D$2:$D$1247,"infographic") | F39: =SUMIFS(Quality!$G$2:$G$1247,Quality!$A$2:$A$1247,$A39,Quality!$D$2:$D$1247,"foodwaste_narrative") | G39: =SUMIFS(Quality!$G$2:$G$1247,Quality!$A$2:$A$1247,$A39,Quality!$D$2:$D$1247,"foodwaste_visual") | H39: =IF(C39>$B$2,1,0) | I39: =IF(D39>$B$2,1,0) | J39: =IF(E39<$F$2,1,0) | K39: =IF(OR(F39<$H$2,G39<$H$2),1,0) | L39: =IF(SUM(H39:K39)>0,"Exclude","Keep") | M39: =IF(H39=1,"Pre-study accuracy",IF(I39=1,"Post-study accuracy",IF(J39=1,"Eye tracking quality",IF(K39=1,"Face quality","")))) | N39: =MAX(C39:D39) | O39: =IF(AND(L39="Keep",N39<=$D$2),"Keep","Exclude") | P39: =D39-C39 | R39: p from the hand computed t | S39: =_xlfn.T.DIST.2T(ABS(S36),S37) | T39: =T.DIST.2T(ABS(S36),S37) | U39: must match the T.TEST cell
A40: RESP0047 | B40: =INDEX(Session!$M$2:$M$261,MATCH($A40,Session!$A$2:$A$261,0)) | C40: =SUMIFS(Quality!$E$2:$E$1247,Quality!$A$2:$A$1247,$A40,Quality!$D$2:$D$1247,"Pre-study calibration") | D40: =SUMIFS(Quality!$E$2:$E$1247,Quality!$A$2:$A$1247,$A40,Quality!$D$2:$D$1247,"Post-study calibration") | E40: =SUMIFS(Quality!$F$2:$F$1247,Quality!$A$2:$A$1247,$A40,Quality!$D$2:$D$1247,"infographic") | F40: =SUMIFS(Quality!$G$2:$G$1247,Quality!$A$2:$A$1247,$A40,Quality!$D$2:$D$1247,"foodwaste_narrative") | G40: =SUMIFS(Quality!$G$2:$G$1247,Quality!$A$2:$A$1247,$A40,Quality!$D$2:$D$1247,"foodwaste_visual") | H40: =IF(C40>$B$2,1,0) | I40: =IF(D40>$B$2,1,0) | J40: =IF(E40<$F$2,1,0) | K40: =IF(OR(F40<$H$2,G40<$H$2),1,0) | L40: =IF(SUM(H40:K40)>0,"Exclude","Keep") | M40: =IF(H40=1,"Pre-study accuracy",IF(I40=1,"Post-study accuracy",IF(J40=1,"Eye tracking quality",IF(K40=1,"Face quality","")))) | N40: =MAX(C40:D40) | O40: =IF(AND(L40="Keep",N40<=$D$2),"Keep","Exclude") | P40: =D40-C40 | R40: Critical t (95%) | S40: =_xlfn.T.INV.2T(0.05,S37) | T40: =T.INV.2T(0.05,S37) | U40: two tailed, alpha = .05
A41: RESP0048 | B41: =INDEX(Session!$M$2:$M$261,MATCH($A41,Session!$A$2:$A$261,0)) | C41: =SUMIFS(Quality!$E$2:$E$1247,Quality!$A$2:$A$1247,$A41,Quality!$D$2:$D$1247,"Pre-study calibration") | D41: =SUMIFS(Quality!$E$2:$E$1247,Quality!$A$2:$A$1247,$A41,Quality!$D$2:$D$1247,"Post-study calibration") | E41: =SUMIFS(Quality!$F$2:$F$1247,Quality!$A$2:$A$1247,$A41,Quality!$D$2:$D$1247,"infographic") | F41: =SUMIFS(Quality!$G$2:$G$1247,Quality!$A$2:$A$1247,$A41,Quality!$D$2:$D$1247,"foodwaste_narrative") | G41: =SUMIFS(Quality!$G$2:$G$1247,Quality!$A$2:$A$1247,$A41,Quality!$D$2:$D$1247,"foodwaste_visual") | H41: =IF(C41>$B$2,1,0) | I41: =IF(D41>$B$2,1,0) | J41: =IF(E41<$F$2,1,0) | K41: =IF(OR(F41<$H$2,G41<$H$2),1,0) | L41: =IF(SUM(H41:K41)>0,"Exclude","Keep") | M41: =IF(H41=1,"Pre-study accuracy",IF(I41=1,"Post-study accuracy",IF(J41=1,"Eye tracking quality",IF(K41=1,"Face quality","")))) | N41: =MAX(C41:D41) | O41: =IF(AND(L41="Keep",N41<=$D$2),"Keep","Exclude") | P41: =D41-C41 | R41: Mean difference 95% CI lower | S41: =S33-S40*S35 | T41: =S33-S40*S35
A42: RESP0049 | B42: =INDEX(Session!$M$2:$M$261,MATCH($A42,Session!$A$2:$A$261,0)) | C42: =SUMIFS(Quality!$E$2:$E$1247,Quality!$A$2:$A$1247,$A42,Quality!$D$2:$D$1247,"Pre-study calibration") | D42: =SUMIFS(Quality!$E$2:$E$1247,Quality!$A$2:$A$1247,$A42,Quality!$D$2:$D$1247,"Post-study calibration") | E42: =SUMIFS(Quality!$F$2:$F$1247,Quality!$A$2:$A$1247,$A42,Quality!$D$2:$D$1247,"infographic") | F42: =SUMIFS(Quality!$G$2:$G$1247,Quality!$A$2:$A$1247,$A42,Quality!$D$2:$D$1247,"foodwaste_narrative") | G42: =SUMIFS(Quality!$G$2:$G$1247,Quality!$A$2:$A$1247,$A42,Quality!$D$2:$D$1247,"foodwaste_visual") | H42: =IF(C42>$B$2,1,0) | I42: =IF(D42>$B$2,1,0) | J42: =IF(E42<$F$2,1,0) | K42: =IF(OR(F42<$H$2,G42<$H$2),1,0) | L42: =IF(SUM(H42:K42)>0,"Exclude","Keep") | M42: =IF(H42=1,"Pre-study accuracy",IF(I42=1,"Post-study accuracy",IF(J42=1,"Eye tracking quality",IF(K42=1,"Face quality","")))) | N42: =MAX(C42:D42) | O42: =IF(AND(L42="Keep",N42<=$D$2),"Keep","Exclude") | P42: =D42-C42 | R42: Mean difference 95% CI upper | S42: =S33+S40*S35 | T42: =S33+S40*S35
A43: RESP0050 | B43: =INDEX(Session!$M$2:$M$261,MATCH($A43,Session!$A$2:$A$261,0)) | C43: =SUMIFS(Quality!$E$2:$E$1247,Quality!$A$2:$A$1247,$A43,Quality!$D$2:$D$1247,"Pre-study calibration") | D43: =SUMIFS(Quality!$E$2:$E$1247,Quality!$A$2:$A$1247,$A43,Quality!$D$2:$D$1247,"Post-study calibration") | E43: =SUMIFS(Quality!$F$2:$F$1247,Quality!$A$2:$A$1247,$A43,Quality!$D$2:$D$1247,"infographic") | F43: =SUMIFS(Quality!$G$2:$G$1247,Quality!$A$2:$A$1247,$A43,Quality!$D$2:$D$1247,"foodwaste_narrative") | G43: =SUMIFS(Quality!$G$2:$G$1247,Quality!$A$2:$A$1247,$A43,Quality!$D$2:$D$1247,"foodwaste_visual") | H43: =IF(C43>$B$2,1,0) | I43: =IF(D43>$B$2,1,0) | J43: =IF(E43<$F$2,1,0) | K43: =IF(OR(F43<$H$2,G43<$H$2),1,0) | L43: =IF(SUM(H43:K43)>0,"Exclude","Keep") | M43: =IF(H43=1,"Pre-study accuracy",IF(I43=1,"Post-study accuracy",IF(J43=1,"Eye tracking quality",IF(K43=1,"Face quality","")))) | N43: =MAX(C43:D43) | O43: =IF(AND(L43="Keep",N43<=$D$2),"Keep","Exclude") | P43: =D43-C43 | R43: Cohen's d_z | S43: =S33/S34 | T43: =S33/S34 | U43: d_z = mean difference / SD of the differences
A44: RESP0052 | B44: =INDEX(Session!$M$2:$M$261,MATCH($A44,Session!$A$2:$A$261,0)) | C44: =SUMIFS(Quality!$E$2:$E$1247,Quality!$A$2:$A$1247,$A44,Quality!$D$2:$D$1247,"Pre-study calibration") | D44: =SUMIFS(Quality!$E$2:$E$1247,Quality!$A$2:$A$1247,$A44,Quality!$D$2:$D$1247,"Post-study calibration") | E44: =SUMIFS(Quality!$F$2:$F$1247,Quality!$A$2:$A$1247,$A44,Quality!$D$2:$D$1247,"infographic") | F44: =SUMIFS(Quality!$G$2:$G$1247,Quality!$A$2:$A$1247,$A44,Quality!$D$2:$D$1247,"foodwaste_narrative") | G44: =SUMIFS(Quality!$G$2:$G$1247,Quality!$A$2:$A$1247,$A44,Quality!$D$2:$D$1247,"foodwaste_visual") | H44: =IF(C44>$B$2,1,0) | I44: =IF(D44>$B$2,1,0) | J44: =IF(E44<$F$2,1,0) | K44: =IF(OR(F44<$H$2,G44<$H$2),1,0) | L44: =IF(SUM(H44:K44)>0,"Exclude","Keep") | M44: =IF(H44=1,"Pre-study accuracy",IF(I44=1,"Post-study accuracy",IF(J44=1,"Eye tracking quality",IF(K44=1,"Face quality","")))) | N44: =MAX(C44:D44) | O44: =IF(AND(L44="Keep",N44<=$D$2),"Keep","Exclude") | P44: =D44-C44 | R44: SE of d_z (approximation) | S44: =SQRT(1/S32+S43^2/(2*S32)) | T44: =SQRT(1/S32+S43^2/(2*S32)) | U44: sqrt(1/n + d_z^2 / (2 n))
A45: RESP0053 | B45: =INDEX(Session!$M$2:$M$261,MATCH($A45,Session!$A$2:$A$261,0)) | C45: =SUMIFS(Quality!$E$2:$E$1247,Quality!$A$2:$A$1247,$A45,Quality!$D$2:$D$1247,"Pre-study calibration") | D45: =SUMIFS(Quality!$E$2:$E$1247,Quality!$A$2:$A$1247,$A45,Quality!$D$2:$D$1247,"Post-study calibration") | E45: =SUMIFS(Quality!$F$2:$F$1247,Quality!$A$2:$A$1247,$A45,Quality!$D$2:$D$1247,"infographic") | F45: =SUMIFS(Quality!$G$2:$G$1247,Quality!$A$2:$A$1247,$A45,Quality!$D$2:$D$1247,"foodwaste_narrative") | G45: =SUMIFS(Quality!$G$2:$G$1247,Quality!$A$2:$A$1247,$A45,Quality!$D$2:$D$1247,"foodwaste_visual") | H45: =IF(C45>$B$2,1,0) | I45: =IF(D45>$B$2,1,0) | J45: =IF(E45<$F$2,1,0) | K45: =IF(OR(F45<$H$2,G45<$H$2),1,0) | L45: =IF(SUM(H45:K45)>0,"Exclude","Keep") | M45: =IF(H45=1,"Pre-study accuracy",IF(I45=1,"Post-study accuracy",IF(J45=1,"Eye tracking quality",IF(K45=1,"Face quality","")))) | N45: =MAX(C45:D45) | O45: =IF(AND(L45="Keep",N45<=$D$2),"Keep","Exclude") | P45: =D45-C45 | R45: d_z 95% CI lower (approximation) | S45: =S43-1.96*S44 | T45: =S43-1.96*S44 | U45: R also gives the exact noncentral t interval
A46: RESP0055 | B46: =INDEX(Session!$M$2:$M$261,MATCH($A46,Session!$A$2:$A$261,0)) | C46: =SUMIFS(Quality!$E$2:$E$1247,Quality!$A$2:$A$1247,$A46,Quality!$D$2:$D$1247,"Pre-study calibration") | D46: =SUMIFS(Quality!$E$2:$E$1247,Quality!$A$2:$A$1247,$A46,Quality!$D$2:$D$1247,"Post-study calibration") | E46: =SUMIFS(Quality!$F$2:$F$1247,Quality!$A$2:$A$1247,$A46,Quality!$D$2:$D$1247,"infographic") | F46: =SUMIFS(Quality!$G$2:$G$1247,Quality!$A$2:$A$1247,$A46,Quality!$D$2:$D$1247,"foodwaste_narrative") | G46: =SUMIFS(Quality!$G$2:$G$1247,Quality!$A$2:$A$1247,$A46,Quality!$D$2:$D$1247,"foodwaste_visual") | H46: =IF(C46>$B$2,1,0) | I46: =IF(D46>$B$2,1,0) | J46: =IF(E46<$F$2,1,0) | K46: =IF(OR(F46<$H$2,G46<$H$2),1,0) | L46: =IF(SUM(H46:K46)>0,"Exclude","Keep") | M46: =IF(H46=1,"Pre-study accuracy",IF(I46=1,"Post-study accuracy",IF(J46=1,"Eye tracking quality",IF(K46=1,"Face quality","")))) | N46: =MAX(C46:D46) | O46: =IF(AND(L46="Keep",N46<=$D$2),"Keep","Exclude") | P46: =D46-C46 | R46: d_z 95% CI upper (approximation) | S46: =S43+1.96*S44 | T46: =S43+1.96*S44
A47: RESP0056 | B47: =INDEX(Session!$M$2:$M$261,MATCH($A47,Session!$A$2:$A$261,0)) | C47: =SUMIFS(Quality!$E$2:$E$1247,Quality!$A$2:$A$1247,$A47,Quality!$D$2:$D$1247,"Pre-study calibration") | D47: =SUMIFS(Quality!$E$2:$E$1247,Quality!$A$2:$A$1247,$A47,Quality!$D$2:$D$1247,"Post-study calibration") | E47: =SUMIFS(Quality!$F$2:$F$1247,Quality!$A$2:$A$1247,$A47,Quality!$D$2:$D$1247,"infographic") | F47: =SUMIFS(Quality!$G$2:$G$1247,Quality!$A$2:$A$1247,$A47,Quality!$D$2:$D$1247,"foodwaste_narrative") | G47: =SUMIFS(Quality!$G$2:$G$1247,Quality!$A$2:$A$1247,$A47,Quality!$D$2:$D$1247,"foodwaste_visual") | H47: =IF(C47>$B$2,1,0) | I47: =IF(D47>$B$2,1,0) | J47: =IF(E47<$F$2,1,0) | K47: =IF(OR(F47<$H$2,G47<$H$2),1,0) | L47: =IF(SUM(H47:K47)>0,"Exclude","Keep") | M47: =IF(H47=1,"Pre-study accuracy",IF(I47=1,"Post-study accuracy",IF(J47=1,"Eye tracking quality",IF(K47=1,"Face quality","")))) | N47: =MAX(C47:D47) | O47: =IF(AND(L47="Keep",N47<=$D$2),"Keep","Exclude") | P47: =D47-C47 | R47: Correlation of the two columns | S47: =CORREL(C5:C182,D5:D182) | T47: =CORREL(C5:C182,D5:D182) | U47: how stable a respondent is from one column to the other
A48: RESP0058 | B48: =INDEX(Session!$M$2:$M$261,MATCH($A48,Session!$A$2:$A$261,0)) | C48: =SUMIFS(Quality!$E$2:$E$1247,Quality!$A$2:$A$1247,$A48,Quality!$D$2:$D$1247,"Pre-study calibration") | D48: =SUMIFS(Quality!$E$2:$E$1247,Quality!$A$2:$A$1247,$A48,Quality!$D$2:$D$1247,"Post-study calibration") | E48: =SUMIFS(Quality!$F$2:$F$1247,Quality!$A$2:$A$1247,$A48,Quality!$D$2:$D$1247,"infographic") | F48: =SUMIFS(Quality!$G$2:$G$1247,Quality!$A$2:$A$1247,$A48,Quality!$D$2:$D$1247,"foodwaste_narrative") | G48: =SUMIFS(Quality!$G$2:$G$1247,Quality!$A$2:$A$1247,$A48,Quality!$D$2:$D$1247,"foodwaste_visual") | H48: =IF(C48>$B$2,1,0) | I48: =IF(D48>$B$2,1,0) | J48: =IF(E48<$F$2,1,0) | K48: =IF(OR(F48<$H$2,G48<$H$2),1,0) | L48: =IF(SUM(H48:K48)>0,"Exclude","Keep") | M48: =IF(H48=1,"Pre-study accuracy",IF(I48=1,"Post-study accuracy",IF(J48=1,"Eye tracking quality",IF(K48=1,"Face quality","")))) | N48: =MAX(C48:D48) | O48: =IF(AND(L48="Keep",N48<=$D$2),"Keep","Exclude") | P48: =D48-C48 | R48: Respondents with a positive difference | S48: =COUNTIF(P5:P182,">0") | T48: =COUNTIF(P5:P182,">0")
A49: RESP0059 | B49: =INDEX(Session!$M$2:$M$261,MATCH($A49,Session!$A$2:$A$261,0)) | C49: =SUMIFS(Quality!$E$2:$E$1247,Quality!$A$2:$A$1247,$A49,Quality!$D$2:$D$1247,"Pre-study calibration") | D49: =SUMIFS(Quality!$E$2:$E$1247,Quality!$A$2:$A$1247,$A49,Quality!$D$2:$D$1247,"Post-study calibration") | E49: =SUMIFS(Quality!$F$2:$F$1247,Quality!$A$2:$A$1247,$A49,Quality!$D$2:$D$1247,"infographic") | F49: =SUMIFS(Quality!$G$2:$G$1247,Quality!$A$2:$A$1247,$A49,Quality!$D$2:$D$1247,"foodwaste_narrative") | G49: =SUMIFS(Quality!$G$2:$G$1247,Quality!$A$2:$A$1247,$A49,Quality!$D$2:$D$1247,"foodwaste_visual") | H49: =IF(C49>$B$2,1,0) | I49: =IF(D49>$B$2,1,0) | J49: =IF(E49<$F$2,1,0) | K49: =IF(OR(F49<$H$2,G49<$H$2),1,0) | L49: =IF(SUM(H49:K49)>0,"Exclude","Keep") | M49: =IF(H49=1,"Pre-study accuracy",IF(I49=1,"Post-study accuracy",IF(J49=1,"Eye tracking quality",IF(K49=1,"Face quality","")))) | N49: =MAX(C49:D49) | O49: =IF(AND(L49="Keep",N49<=$D$2),"Keep","Exclude") | P49: =D49-C49
A50: RESP0061 | B50: =INDEX(Session!$M$2:$M$261,MATCH($A50,Session!$A$2:$A$261,0)) | C50: =SUMIFS(Quality!$E$2:$E$1247,Quality!$A$2:$A$1247,$A50,Quality!$D$2:$D$1247,"Pre-study calibration") | D50: =SUMIFS(Quality!$E$2:$E$1247,Quality!$A$2:$A$1247,$A50,Quality!$D$2:$D$1247,"Post-study calibration") | E50: =SUMIFS(Quality!$F$2:$F$1247,Quality!$A$2:$A$1247,$A50,Quality!$D$2:$D$1247,"infographic") | F50: =SUMIFS(Quality!$G$2:$G$1247,Quality!$A$2:$A$1247,$A50,Quality!$D$2:$D$1247,"foodwaste_narrative") | G50: =SUMIFS(Quality!$G$2:$G$1247,Quality!$A$2:$A$1247,$A50,Quality!$D$2:$D$1247,"foodwaste_visual") | H50: =IF(C50>$B$2,1,0) | I50: =IF(D50>$B$2,1,0) | J50: =IF(E50<$F$2,1,0) | K50: =IF(OR(F50<$H$2,G50<$H$2),1,0) | L50: =IF(SUM(H50:K50)>0,"Exclude","Keep") | M50: =IF(H50=1,"Pre-study accuracy",IF(I50=1,"Post-study accuracy",IF(J50=1,"Eye tracking quality",IF(K50=1,"Face quality","")))) | N50: =MAX(C50:D50) | O50: =IF(AND(L50="Keep",N50<=$D$2),"Keep","Exclude") | P50: =D50-C50 | R50: Respondents with a worse Post-study accuracy | S50: =COUNTIF(P5:P182,">0") | T50: =COUNTIF(P5:P182,">0")
A51: RESP0062 | B51: =INDEX(Session!$M$2:$M$261,MATCH($A51,Session!$A$2:$A$261,0)) | C51: =SUMIFS(Quality!$E$2:$E$1247,Quality!$A$2:$A$1247,$A51,Quality!$D$2:$D$1247,"Pre-study calibration") | D51: =SUMIFS(Quality!$E$2:$E$1247,Quality!$A$2:$A$1247,$A51,Quality!$D$2:$D$1247,"Post-study calibration") | E51: =SUMIFS(Quality!$F$2:$F$1247,Quality!$A$2:$A$1247,$A51,Quality!$D$2:$D$1247,"infographic") | F51: =SUMIFS(Quality!$G$2:$G$1247,Quality!$A$2:$A$1247,$A51,Quality!$D$2:$D$1247,"foodwaste_narrative") | G51: =SUMIFS(Quality!$G$2:$G$1247,Quality!$A$2:$A$1247,$A51,Quality!$D$2:$D$1247,"foodwaste_visual") | H51: =IF(C51>$B$2,1,0) | I51: =IF(D51>$B$2,1,0) | J51: =IF(E51<$F$2,1,0) | K51: =IF(OR(F51<$H$2,G51<$H$2),1,0) | L51: =IF(SUM(H51:K51)>0,"Exclude","Keep") | M51: =IF(H51=1,"Pre-study accuracy",IF(I51=1,"Post-study accuracy",IF(J51=1,"Eye tracking quality",IF(K51=1,"Face quality","")))) | N51: =MAX(C51:D51) | O51: =IF(AND(L51="Keep",N51<=$D$2),"Keep","Exclude") | P51: =D51-C51
A52: RESP0063 | B52: =INDEX(Session!$M$2:$M$261,MATCH($A52,Session!$A$2:$A$261,0)) | C52: =SUMIFS(Quality!$E$2:$E$1247,Quality!$A$2:$A$1247,$A52,Quality!$D$2:$D$1247,"Pre-study calibration") | D52: =SUMIFS(Quality!$E$2:$E$1247,Quality!$A$2:$A$1247,$A52,Quality!$D$2:$D$1247,"Post-study calibration") | E52: =SUMIFS(Quality!$F$2:$F$1247,Quality!$A$2:$A$1247,$A52,Quality!$D$2:$D$1247,"infographic") | F52: =SUMIFS(Quality!$G$2:$G$1247,Quality!$A$2:$A$1247,$A52,Quality!$D$2:$D$1247,"foodwaste_narrative") | G52: =SUMIFS(Quality!$G$2:$G$1247,Quality!$A$2:$A$1247,$A52,Quality!$D$2:$D$1247,"foodwaste_visual") | H52: =IF(C52>$B$2,1,0) | I52: =IF(D52>$B$2,1,0) | J52: =IF(E52<$F$2,1,0) | K52: =IF(OR(F52<$H$2,G52<$H$2),1,0) | L52: =IF(SUM(H52:K52)>0,"Exclude","Keep") | M52: =IF(H52=1,"Pre-study accuracy",IF(I52=1,"Post-study accuracy",IF(J52=1,"Eye tracking quality",IF(K52=1,"Face quality","")))) | N52: =MAX(C52:D52) | O52: =IF(AND(L52="Keep",N52<=$D$2),"Keep","Exclude") | P52: =D52-C52
A53: RESP0064 | B53: =INDEX(Session!$M$2:$M$261,MATCH($A53,Session!$A$2:$A$261,0)) | C53: =SUMIFS(Quality!$E$2:$E$1247,Quality!$A$2:$A$1247,$A53,Quality!$D$2:$D$1247,"Pre-study calibration") | D53: =SUMIFS(Quality!$E$2:$E$1247,Quality!$A$2:$A$1247,$A53,Quality!$D$2:$D$1247,"Post-study calibration") | E53: =SUMIFS(Quality!$F$2:$F$1247,Quality!$A$2:$A$1247,$A53,Quality!$D$2:$D$1247,"infographic") | F53: =SUMIFS(Quality!$G$2:$G$1247,Quality!$A$2:$A$1247,$A53,Quality!$D$2:$D$1247,"foodwaste_narrative") | G53: =SUMIFS(Quality!$G$2:$G$1247,Quality!$A$2:$A$1247,$A53,Quality!$D$2:$D$1247,"foodwaste_visual") | H53: =IF(C53>$B$2,1,0) | I53: =IF(D53>$B$2,1,0) | J53: =IF(E53<$F$2,1,0) | K53: =IF(OR(F53<$H$2,G53<$H$2),1,0) | L53: =IF(SUM(H53:K53)>0,"Exclude","Keep") | M53: =IF(H53=1,"Pre-study accuracy",IF(I53=1,"Post-study accuracy",IF(J53=1,"Eye tracking quality",IF(K53=1,"Face quality","")))) | N53: =MAX(C53:D53) | O53: =IF(AND(L53="Keep",N53<=$D$2),"Keep","Exclude") | P53: =D53-C53
A54: RESP0065 | B54: =INDEX(Session!$M$2:$M$261,MATCH($A54,Session!$A$2:$A$261,0)) | C54: =SUMIFS(Quality!$E$2:$E$1247,Quality!$A$2:$A$1247,$A54,Quality!$D$2:$D$1247,"Pre-study calibration") | D54: =SUMIFS(Quality!$E$2:$E$1247,Quality!$A$2:$A$1247,$A54,Quality!$D$2:$D$1247,"Post-study calibration") | E54: =SUMIFS(Quality!$F$2:$F$1247,Quality!$A$2:$A$1247,$A54,Quality!$D$2:$D$1247,"infographic") | F54: =SUMIFS(Quality!$G$2:$G$1247,Quality!$A$2:$A$1247,$A54,Quality!$D$2:$D$1247,"foodwaste_narrative") | G54: =SUMIFS(Quality!$G$2:$G$1247,Quality!$A$2:$A$1247,$A54,Quality!$D$2:$D$1247,"foodwaste_visual") | H54: =IF(C54>$B$2,1,0) | I54: =IF(D54>$B$2,1,0) | J54: =IF(E54<$F$2,1,0) | K54: =IF(OR(F54<$H$2,G54<$H$2),1,0) | L54: =IF(SUM(H54:K54)>0,"Exclude","Keep") | M54: =IF(H54=1,"Pre-study accuracy",IF(I54=1,"Post-study accuracy",IF(J54=1,"Eye tracking quality",IF(K54=1,"Face quality","")))) | N54: =MAX(C54:D54) | O54: =IF(AND(L54="Keep",N54<=$D$2),"Keep","Exclude") | P54: =D54-C54
A55: RESP0066 | B55: =INDEX(Session!$M$2:$M$261,MATCH($A55,Session!$A$2:$A$261,0)) | C55: =SUMIFS(Quality!$E$2:$E$1247,Quality!$A$2:$A$1247,$A55,Quality!$D$2:$D$1247,"Pre-study calibration") | D55: =SUMIFS(Quality!$E$2:$E$1247,Quality!$A$2:$A$1247,$A55,Quality!$D$2:$D$1247,"Post-study calibration") | E55: =SUMIFS(Quality!$F$2:$F$1247,Quality!$A$2:$A$1247,$A55,Quality!$D$2:$D$1247,"infographic") | F55: =SUMIFS(Quality!$G$2:$G$1247,Quality!$A$2:$A$1247,$A55,Quality!$D$2:$D$1247,"foodwaste_narrative") | G55: =SUMIFS(Quality!$G$2:$G$1247,Quality!$A$2:$A$1247,$A55,Quality!$D$2:$D$1247,"foodwaste_visual") | H55: =IF(C55>$B$2,1,0) | I55: =IF(D55>$B$2,1,0) | J55: =IF(E55<$F$2,1,0) | K55: =IF(OR(F55<$H$2,G55<$H$2),1,0) | L55: =IF(SUM(H55:K55)>0,"Exclude","Keep") | M55: =IF(H55=1,"Pre-study accuracy",IF(I55=1,"Post-study accuracy",IF(J55=1,"Eye tracking quality",IF(K55=1,"Face quality","")))) | N55: =MAX(C55:D55) | O55: =IF(AND(L55="Keep",N55<=$D$2),"Keep","Exclude") | P55: =D55-C55
A56: RESP0067 | B56: =INDEX(Session!$M$2:$M$261,MATCH($A56,Session!$A$2:$A$261,0)) | C56: =SUMIFS(Quality!$E$2:$E$1247,Quality!$A$2:$A$1247,$A56,Quality!$D$2:$D$1247,"Pre-study calibration") | D56: =SUMIFS(Quality!$E$2:$E$1247,Quality!$A$2:$A$1247,$A56,Quality!$D$2:$D$1247,"Post-study calibration") | E56: =SUMIFS(Quality!$F$2:$F$1247,Quality!$A$2:$A$1247,$A56,Quality!$D$2:$D$1247,"infographic") | F56: =SUMIFS(Quality!$G$2:$G$1247,Quality!$A$2:$A$1247,$A56,Quality!$D$2:$D$1247,"foodwaste_narrative") | G56: =SUMIFS(Quality!$G$2:$G$1247,Quality!$A$2:$A$1247,$A56,Quality!$D$2:$D$1247,"foodwaste_visual") | H56: =IF(C56>$B$2,1,0) | I56: =IF(D56>$B$2,1,0) | J56: =IF(E56<$F$2,1,0) | K56: =IF(OR(F56<$H$2,G56<$H$2),1,0) | L56: =IF(SUM(H56:K56)>0,"Exclude","Keep") | M56: =IF(H56=1,"Pre-study accuracy",IF(I56=1,"Post-study accuracy",IF(J56=1,"Eye tracking quality",IF(K56=1,"Face quality","")))) | N56: =MAX(C56:D56) | O56: =IF(AND(L56="Keep",N56<=$D$2),"Keep","Exclude") | P56: =D56-C56
A57: RESP0069 | B57: =INDEX(Session!$M$2:$M$261,MATCH($A57,Session!$A$2:$A$261,0)) | C57: =SUMIFS(Quality!$E$2:$E$1247,Quality!$A$2:$A$1247,$A57,Quality!$D$2:$D$1247,"Pre-study calibration") | D57: =SUMIFS(Quality!$E$2:$E$1247,Quality!$A$2:$A$1247,$A57,Quality!$D$2:$D$1247,"Post-study calibration") | E57: =SUMIFS(Quality!$F$2:$F$1247,Quality!$A$2:$A$1247,$A57,Quality!$D$2:$D$1247,"infographic") | F57: =SUMIFS(Quality!$G$2:$G$1247,Quality!$A$2:$A$1247,$A57,Quality!$D$2:$D$1247,"foodwaste_narrative") | G57: =SUMIFS(Quality!$G$2:$G$1247,Quality!$A$2:$A$1247,$A57,Quality!$D$2:$D$1247,"foodwaste_visual") | H57: =IF(C57>$B$2,1,0) | I57: =IF(D57>$B$2,1,0) | J57: =IF(E57<$F$2,1,0) | K57: =IF(OR(F57<$H$2,G57<$H$2),1,0) | L57: =IF(SUM(H57:K57)>0,"Exclude","Keep") | M57: =IF(H57=1,"Pre-study accuracy",IF(I57=1,"Post-study accuracy",IF(J57=1,"Eye tracking quality",IF(K57=1,"Face quality","")))) | N57: =MAX(C57:D57) | O57: =IF(AND(L57="Keep",N57<=$D$2),"Keep","Exclude") | P57: =D57-C57
A58: RESP0071 | B58: =INDEX(Session!$M$2:$M$261,MATCH($A58,Session!$A$2:$A$261,0)) | C58: =SUMIFS(Quality!$E$2:$E$1247,Quality!$A$2:$A$1247,$A58,Quality!$D$2:$D$1247,"Pre-study calibration") | D58: =SUMIFS(Quality!$E$2:$E$1247,Quality!$A$2:$A$1247,$A58,Quality!$D$2:$D$1247,"Post-study calibration") | E58: =SUMIFS(Quality!$F$2:$F$1247,Quality!$A$2:$A$1247,$A58,Quality!$D$2:$D$1247,"infographic") | F58: =SUMIFS(Quality!$G$2:$G$1247,Quality!$A$2:$A$1247,$A58,Quality!$D$2:$D$1247,"foodwaste_narrative") | G58: =SUMIFS(Quality!$G$2:$G$1247,Quality!$A$2:$A$1247,$A58,Quality!$D$2:$D$1247,"foodwaste_visual") | H58: =IF(C58>$B$2,1,0) | I58: =IF(D58>$B$2,1,0) | J58: =IF(E58<$F$2,1,0) | K58: =IF(OR(F58<$H$2,G58<$H$2),1,0) | L58: =IF(SUM(H58:K58)>0,"Exclude","Keep") | M58: =IF(H58=1,"Pre-study accuracy",IF(I58=1,"Post-study accuracy",IF(J58=1,"Eye tracking quality",IF(K58=1,"Face quality","")))) | N58: =MAX(C58:D58) | O58: =IF(AND(L58="Keep",N58<=$D$2),"Keep","Exclude") | P58: =D58-C58
A59: RESP0072 | B59: =INDEX(Session!$M$2:$M$261,MATCH($A59,Session!$A$2:$A$261,0)) | C59: =SUMIFS(Quality!$E$2:$E$1247,Quality!$A$2:$A$1247,$A59,Quality!$D$2:$D$1247,"Pre-study calibration") | D59: =SUMIFS(Quality!$E$2:$E$1247,Quality!$A$2:$A$1247,$A59,Quality!$D$2:$D$1247,"Post-study calibration") | E59: =SUMIFS(Quality!$F$2:$F$1247,Quality!$A$2:$A$1247,$A59,Quality!$D$2:$D$1247,"infographic") | F59: =SUMIFS(Quality!$G$2:$G$1247,Quality!$A$2:$A$1247,$A59,Quality!$D$2:$D$1247,"foodwaste_narrative") | G59: =SUMIFS(Quality!$G$2:$G$1247,Quality!$A$2:$A$1247,$A59,Quality!$D$2:$D$1247,"foodwaste_visual") | H59: =IF(C59>$B$2,1,0) | I59: =IF(D59>$B$2,1,0) | J59: =IF(E59<$F$2,1,0) | K59: =IF(OR(F59<$H$2,G59<$H$2),1,0) | L59: =IF(SUM(H59:K59)>0,"Exclude","Keep") | M59: =IF(H59=1,"Pre-study accuracy",IF(I59=1,"Post-study accuracy",IF(J59=1,"Eye tracking quality",IF(K59=1,"Face quality","")))) | N59: =MAX(C59:D59) | O59: =IF(AND(L59="Keep",N59<=$D$2),"Keep","Exclude") | P59: =D59-C59
A60: RESP0073 | B60: =INDEX(Session!$M$2:$M$261,MATCH($A60,Session!$A$2:$A$261,0)) | C60: =SUMIFS(Quality!$E$2:$E$1247,Quality!$A$2:$A$1247,$A60,Quality!$D$2:$D$1247,"Pre-study calibration") | D60: =SUMIFS(Quality!$E$2:$E$1247,Quality!$A$2:$A$1247,$A60,Quality!$D$2:$D$1247,"Post-study calibration") | E60: =SUMIFS(Quality!$F$2:$F$1247,Quality!$A$2:$A$1247,$A60,Quality!$D$2:$D$1247,"infographic") | F60: =SUMIFS(Quality!$G$2:$G$1247,Quality!$A$2:$A$1247,$A60,Quality!$D$2:$D$1247,"foodwaste_narrative") | G60: =SUMIFS(Quality!$G$2:$G$1247,Quality!$A$2:$A$1247,$A60,Quality!$D$2:$D$1247,"foodwaste_visual") | H60: =IF(C60>$B$2,1,0) | I60: =IF(D60>$B$2,1,0) | J60: =IF(E60<$F$2,1,0) | K60: =IF(OR(F60<$H$2,G60<$H$2),1,0) | L60: =IF(SUM(H60:K60)>0,"Exclude","Keep") | M60: =IF(H60=1,"Pre-study accuracy",IF(I60=1,"Post-study accuracy",IF(J60=1,"Eye tracking quality",IF(K60=1,"Face quality","")))) | N60: =MAX(C60:D60) | O60: =IF(AND(L60="Keep",N60<=$D$2),"Keep","Exclude") | P60: =D60-C60
A61: RESP0074 | B61: =INDEX(Session!$M$2:$M$261,MATCH($A61,Session!$A$2:$A$261,0)) | C61: =SUMIFS(Quality!$E$2:$E$1247,Quality!$A$2:$A$1247,$A61,Quality!$D$2:$D$1247,"Pre-study calibration") | D61: =SUMIFS(Quality!$E$2:$E$1247,Quality!$A$2:$A$1247,$A61,Quality!$D$2:$D$1247,"Post-study calibration") | E61: =SUMIFS(Quality!$F$2:$F$1247,Quality!$A$2:$A$1247,$A61,Quality!$D$2:$D$1247,"infographic") | F61: =SUMIFS(Quality!$G$2:$G$1247,Quality!$A$2:$A$1247,$A61,Quality!$D$2:$D$1247,"foodwaste_narrative") | G61: =SUMIFS(Quality!$G$2:$G$1247,Quality!$A$2:$A$1247,$A61,Quality!$D$2:$D$1247,"foodwaste_visual") | H61: =IF(C61>$B$2,1,0) | I61: =IF(D61>$B$2,1,0) | J61: =IF(E61<$F$2,1,0) | K61: =IF(OR(F61<$H$2,G61<$H$2),1,0) | L61: =IF(SUM(H61:K61)>0,"Exclude","Keep") | M61: =IF(H61=1,"Pre-study accuracy",IF(I61=1,"Post-study accuracy",IF(J61=1,"Eye tracking quality",IF(K61=1,"Face quality","")))) | N61: =MAX(C61:D61) | O61: =IF(AND(L61="Keep",N61<=$D$2),"Keep","Exclude") | P61: =D61-C61
A62: RESP0075 | B62: =INDEX(Session!$M$2:$M$261,MATCH($A62,Session!$A$2:$A$261,0)) | C62: =SUMIFS(Quality!$E$2:$E$1247,Quality!$A$2:$A$1247,$A62,Quality!$D$2:$D$1247,"Pre-study calibration") | D62: =SUMIFS(Quality!$E$2:$E$1247,Quality!$A$2:$A$1247,$A62,Quality!$D$2:$D$1247,"Post-study calibration") | E62: =SUMIFS(Quality!$F$2:$F$1247,Quality!$A$2:$A$1247,$A62,Quality!$D$2:$D$1247,"infographic") | F62: =SUMIFS(Quality!$G$2:$G$1247,Quality!$A$2:$A$1247,$A62,Quality!$D$2:$D$1247,"foodwaste_narrative") | G62: =SUMIFS(Quality!$G$2:$G$1247,Quality!$A$2:$A$1247,$A62,Quality!$D$2:$D$1247,"foodwaste_visual") | H62: =IF(C62>$B$2,1,0) | I62: =IF(D62>$B$2,1,0) | J62: =IF(E62<$F$2,1,0) | K62: =IF(OR(F62<$H$2,G62<$H$2),1,0) | L62: =IF(SUM(H62:K62)>0,"Exclude","Keep") | M62: =IF(H62=1,"Pre-study accuracy",IF(I62=1,"Post-study accuracy",IF(J62=1,"Eye tracking quality",IF(K62=1,"Face quality","")))) | N62: =MAX(C62:D62) | O62: =IF(AND(L62="Keep",N62<=$D$2),"Keep","Exclude") | P62: =D62-C62
... A182: RESP0260 | B182: =INDEX(Session!$M$2:$M$261,MATCH($A182,Session!$A$2:$A$261,0)) | C182: =SUMIFS(Quality!$E$2:$E$1247,Quality!$A$2:$A$1247,$A182,Quality!$D$2:$D$1247,"Pre-study calibration") | D182: =SUMIFS(Quality!$E$2:$E$1247,Quality!$A$2:$A$1247,$A182,Quality!$D$2:$D$1247,"Post-study calibration") | E182: =SUMIFS(Quality!$F$2:$F$1247,Quality!$A$2:$A$1247,$A182,Quality!$D$2:$D$1247,"infographic") | F182: =SUMIFS(Quality!$G$2:$G$1247,Quality!$A$2:$A$1247,$A182,Quality!$D$2:$D$1247,"foodwaste_narrative") | G182: =SUMIFS(Quality!$G$2:$G$1247,Quality!$A$2:$A$1247,$A182,Quality!$D$2:$D$1247,"foodwaste_visual") | H182: =IF(C182>$B$2,1,0) | I182: =IF(D182>$B$2,1,0) | J182: =IF(E182<$F$2,1,0) | K182: =IF(OR(F182<$H$2,G182<$H$2),1,0) | L182: =IF(SUM(H182:K182)>0,"Exclude","Keep") | M182: =IF(H182=1,"Pre-study accuracy",IF(I182=1,"Post-study accuracy",IF(J182=1,"Eye tracking quality",IF(K182=1,"Face quality","")))) | N182: =MAX(C182:D182) | O182: =IF(AND(L182="Keep",N182<=$D$2),"Keep","Exclude") | P182: =D182-C182

Sheet H1
A1: H1. Percent of time Engaged (AFFDEX Engagement above 50), foodwaste_visual versus foodwaste_narrative, kept respondents. SIMULATED data.
A2: One row per kept respondent. Rows 5 to 129 are also kept under the 3.0 degree sensitivity rule; rows 130 to 146 are removed by it. Columns D and E look the value up in the FEA sheet (respondent, video, expression).
A4: Respondent Name | B4: Order | C4: Decision at 3.0 | D4: Engagement, narrative (%) | E4: Engagement, visual (%) | F4: Difference (visual minus narrative)
A5: RESP0001 | B5: =INDEX(Session!$M$2:$M$261,MATCH($A5,Session!$A$2:$A$261,0)) | C5: =INDEX(Screening!$O$5:$O$182,MATCH($A5,Screening!$A$5:$A$182,0)) | D5: =SUMIFS(FEA!$H$2:$H$1781,FEA!$B$2:$B$1781,$A5,FEA!$D$2:$D$1781,"foodwaste_narrative",FEA!$F$2:$F$1781,"Engagement") | E5: =SUMIFS(FEA!$H$2:$H$1781,FEA!$B$2:$B$1781,$A5,FEA!$D$2:$D$1781,"foodwaste_visual",FEA!$F$2:$F$1781,"Engagement") | F5: =E5-D5 | H5: Statistic | I5: Value | J5: Formula shown | K5: Note
A6: RESP0005 | B6: =INDEX(Session!$M$2:$M$261,MATCH($A6,Session!$A$2:$A$261,0)) | C6: =INDEX(Screening!$O$5:$O$182,MATCH($A6,Screening!$A$5:$A$182,0)) | D6: =SUMIFS(FEA!$H$2:$H$1781,FEA!$B$2:$B$1781,$A6,FEA!$D$2:$D$1781,"foodwaste_narrative",FEA!$F$2:$F$1781,"Engagement") | E6: =SUMIFS(FEA!$H$2:$H$1781,FEA!$B$2:$B$1781,$A6,FEA!$D$2:$D$1781,"foodwaste_visual",FEA!$F$2:$F$1781,"Engagement") | F6: =E6-D6 | H6: H1: Engagement, visual minus narrative (kept, n = 142)
A7: RESP0006 | B7: =INDEX(Session!$M$2:$M$261,MATCH($A7,Session!$A$2:$A$261,0)) | C7: =INDEX(Screening!$O$5:$O$182,MATCH($A7,Screening!$A$5:$A$182,0)) | D7: =SUMIFS(FEA!$H$2:$H$1781,FEA!$B$2:$B$1781,$A7,FEA!$D$2:$D$1781,"foodwaste_narrative",FEA!$F$2:$F$1781,"Engagement") | E7: =SUMIFS(FEA!$H$2:$H$1781,FEA!$B$2:$B$1781,$A7,FEA!$D$2:$D$1781,"foodwaste_visual",FEA!$F$2:$F$1781,"Engagement") | F7: =E7-D7 | H7: Narrative mean (% of time) | I7: =AVERAGE(D5:D146) | J7: =AVERAGE(D5:D146) | K7: AVERAGE of the first column
A8: RESP0007 | B8: =INDEX(Session!$M$2:$M$261,MATCH($A8,Session!$A$2:$A$261,0)) | C8: =INDEX(Screening!$O$5:$O$182,MATCH($A8,Screening!$A$5:$A$182,0)) | D8: =SUMIFS(FEA!$H$2:$H$1781,FEA!$B$2:$B$1781,$A8,FEA!$D$2:$D$1781,"foodwaste_narrative",FEA!$F$2:$F$1781,"Engagement") | E8: =SUMIFS(FEA!$H$2:$H$1781,FEA!$B$2:$B$1781,$A8,FEA!$D$2:$D$1781,"foodwaste_visual",FEA!$F$2:$F$1781,"Engagement") | F8: =E8-D8 | H8: Narrative SD | I8: =_xlfn.STDEV.S(D5:D146) | J8: =STDEV.S(D5:D146) | K8: STDEV.S = sample standard deviation
A9: RESP0010 | B9: =INDEX(Session!$M$2:$M$261,MATCH($A9,Session!$A$2:$A$261,0)) | C9: =INDEX(Screening!$O$5:$O$182,MATCH($A9,Screening!$A$5:$A$182,0)) | D9: =SUMIFS(FEA!$H$2:$H$1781,FEA!$B$2:$B$1781,$A9,FEA!$D$2:$D$1781,"foodwaste_narrative",FEA!$F$2:$F$1781,"Engagement") | E9: =SUMIFS(FEA!$H$2:$H$1781,FEA!$B$2:$B$1781,$A9,FEA!$D$2:$D$1781,"foodwaste_visual",FEA!$F$2:$F$1781,"Engagement") | F9: =E9-D9 | H9: Visual mean (% of time) | I9: =AVERAGE(E5:E146) | J9: =AVERAGE(E5:E146)
A10: RESP0012 | B10: =INDEX(Session!$M$2:$M$261,MATCH($A10,Session!$A$2:$A$261,0)) | C10: =INDEX(Screening!$O$5:$O$182,MATCH($A10,Screening!$A$5:$A$182,0)) | D10: =SUMIFS(FEA!$H$2:$H$1781,FEA!$B$2:$B$1781,$A10,FEA!$D$2:$D$1781,"foodwaste_narrative",FEA!$F$2:$F$1781,"Engagement") | E10: =SUMIFS(FEA!$H$2:$H$1781,FEA!$B$2:$B$1781,$A10,FEA!$D$2:$D$1781,"foodwaste_visual",FEA!$F$2:$F$1781,"Engagement") | F10: =E10-D10 | H10: Visual SD | I10: =_xlfn.STDEV.S(E5:E146) | J10: =STDEV.S(E5:E146)
A11: RESP0013 | B11: =INDEX(Session!$M$2:$M$261,MATCH($A11,Session!$A$2:$A$261,0)) | C11: =INDEX(Screening!$O$5:$O$182,MATCH($A11,Screening!$A$5:$A$182,0)) | D11: =SUMIFS(FEA!$H$2:$H$1781,FEA!$B$2:$B$1781,$A11,FEA!$D$2:$D$1781,"foodwaste_narrative",FEA!$F$2:$F$1781,"Engagement") | E11: =SUMIFS(FEA!$H$2:$H$1781,FEA!$B$2:$B$1781,$A11,FEA!$D$2:$D$1781,"foodwaste_visual",FEA!$F$2:$F$1781,"Engagement") | F11: =E11-D11 | H11: n (respondents) | I11: =COUNT(F5:F146) | J11: =COUNT(F5:F146)
A12: RESP0014 | B12: =INDEX(Session!$M$2:$M$261,MATCH($A12,Session!$A$2:$A$261,0)) | C12: =INDEX(Screening!$O$5:$O$182,MATCH($A12,Screening!$A$5:$A$182,0)) | D12: =SUMIFS(FEA!$H$2:$H$1781,FEA!$B$2:$B$1781,$A12,FEA!$D$2:$D$1781,"foodwaste_narrative",FEA!$F$2:$F$1781,"Engagement") | E12: =SUMIFS(FEA!$H$2:$H$1781,FEA!$B$2:$B$1781,$A12,FEA!$D$2:$D$1781,"foodwaste_visual",FEA!$F$2:$F$1781,"Engagement") | F12: =E12-D12 | H12: Mean difference, Visual minus Narrative | I12: =AVERAGE(F5:F146) | J12: =AVERAGE(F5:F146)
A13: RESP0015 | B13: =INDEX(Session!$M$2:$M$261,MATCH($A13,Session!$A$2:$A$261,0)) | C13: =INDEX(Screening!$O$5:$O$182,MATCH($A13,Screening!$A$5:$A$182,0)) | D13: =SUMIFS(FEA!$H$2:$H$1781,FEA!$B$2:$B$1781,$A13,FEA!$D$2:$D$1781,"foodwaste_narrative",FEA!$F$2:$F$1781,"Engagement") | E13: =SUMIFS(FEA!$H$2:$H$1781,FEA!$B$2:$B$1781,$A13,FEA!$D$2:$D$1781,"foodwaste_visual",FEA!$F$2:$F$1781,"Engagement") | F13: =E13-D13 | H13: SD of the differences | I13: =_xlfn.STDEV.S(F5:F146) | J13: =STDEV.S(F5:F146) | K13: the SD that matters in a paired design
A14: RESP0016 | B14: =INDEX(Session!$M$2:$M$261,MATCH($A14,Session!$A$2:$A$261,0)) | C14: =INDEX(Screening!$O$5:$O$182,MATCH($A14,Screening!$A$5:$A$182,0)) | D14: =SUMIFS(FEA!$H$2:$H$1781,FEA!$B$2:$B$1781,$A14,FEA!$D$2:$D$1781,"foodwaste_narrative",FEA!$F$2:$F$1781,"Engagement") | E14: =SUMIFS(FEA!$H$2:$H$1781,FEA!$B$2:$B$1781,$A14,FEA!$D$2:$D$1781,"foodwaste_visual",FEA!$F$2:$F$1781,"Engagement") | F14: =E14-D14 | H14: SE of the mean difference | I14: =I13/SQRT(I11) | J14: =I13/SQRT(I11) | K14: SD of the differences / sqrt(n)
A15: RESP0022 | B15: =INDEX(Session!$M$2:$M$261,MATCH($A15,Session!$A$2:$A$261,0)) | C15: =INDEX(Screening!$O$5:$O$182,MATCH($A15,Screening!$A$5:$A$182,0)) | D15: =SUMIFS(FEA!$H$2:$H$1781,FEA!$B$2:$B$1781,$A15,FEA!$D$2:$D$1781,"foodwaste_narrative",FEA!$F$2:$F$1781,"Engagement") | E15: =SUMIFS(FEA!$H$2:$H$1781,FEA!$B$2:$B$1781,$A15,FEA!$D$2:$D$1781,"foodwaste_visual",FEA!$F$2:$F$1781,"Engagement") | F15: =E15-D15 | H15: t | I15: =I12/I14 | J15: =I12/I14 | K15: t = mean difference / SE
A16: RESP0023 | B16: =INDEX(Session!$M$2:$M$261,MATCH($A16,Session!$A$2:$A$261,0)) | C16: =INDEX(Screening!$O$5:$O$182,MATCH($A16,Screening!$A$5:$A$182,0)) | D16: =SUMIFS(FEA!$H$2:$H$1781,FEA!$B$2:$B$1781,$A16,FEA!$D$2:$D$1781,"foodwaste_narrative",FEA!$F$2:$F$1781,"Engagement") | E16: =SUMIFS(FEA!$H$2:$H$1781,FEA!$B$2:$B$1781,$A16,FEA!$D$2:$D$1781,"foodwaste_visual",FEA!$F$2:$F$1781,"Engagement") | F16: =E16-D16 | H16: df | I16: =I11-1 | J16: =I11-1 | K16: n minus 1
A17: RESP0024 | B17: =INDEX(Session!$M$2:$M$261,MATCH($A17,Session!$A$2:$A$261,0)) | C17: =INDEX(Screening!$O$5:$O$182,MATCH($A17,Screening!$A$5:$A$182,0)) | D17: =SUMIFS(FEA!$H$2:$H$1781,FEA!$B$2:$B$1781,$A17,FEA!$D$2:$D$1781,"foodwaste_narrative",FEA!$F$2:$F$1781,"Engagement") | E17: =SUMIFS(FEA!$H$2:$H$1781,FEA!$B$2:$B$1781,$A17,FEA!$D$2:$D$1781,"foodwaste_visual",FEA!$F$2:$F$1781,"Engagement") | F17: =E17-D17 | H17: p, two tailed (T.TEST type 1) | I17: =_xlfn.T.TEST(D5:D146,E5:E146,2,1) | J17: =T.TEST(D5:D146,E5:E146,2,1) | K17: tails = 2, type = 1 means paired
A18: RESP0025 | B18: =INDEX(Session!$M$2:$M$261,MATCH($A18,Session!$A$2:$A$261,0)) | C18: =INDEX(Screening!$O$5:$O$182,MATCH($A18,Screening!$A$5:$A$182,0)) | D18: =SUMIFS(FEA!$H$2:$H$1781,FEA!$B$2:$B$1781,$A18,FEA!$D$2:$D$1781,"foodwaste_narrative",FEA!$F$2:$F$1781,"Engagement") | E18: =SUMIFS(FEA!$H$2:$H$1781,FEA!$B$2:$B$1781,$A18,FEA!$D$2:$D$1781,"foodwaste_visual",FEA!$F$2:$F$1781,"Engagement") | F18: =E18-D18 | H18: p from the hand computed t | I18: =_xlfn.T.DIST.2T(ABS(I15),I16) | J18: =T.DIST.2T(ABS(I15),I16) | K18: must match the T.TEST cell
A19: RESP0026 | B19: =INDEX(Session!$M$2:$M$261,MATCH($A19,Session!$A$2:$A$261,0)) | C19: =INDEX(Screening!$O$5:$O$182,MATCH($A19,Screening!$A$5:$A$182,0)) | D19: =SUMIFS(FEA!$H$2:$H$1781,FEA!$B$2:$B$1781,$A19,FEA!$D$2:$D$1781,"foodwaste_narrative",FEA!$F$2:$F$1781,"Engagement") | E19: =SUMIFS(FEA!$H$2:$H$1781,FEA!$B$2:$B$1781,$A19,FEA!$D$2:$D$1781,"foodwaste_visual",FEA!$F$2:$F$1781,"Engagement") | F19: =E19-D19 | H19: Critical t (95%) | I19: =_xlfn.T.INV.2T(0.05,I16) | J19: =T.INV.2T(0.05,I16) | K19: two tailed, alpha = .05
A20: RESP0035 | B20: =INDEX(Session!$M$2:$M$261,MATCH($A20,Session!$A$2:$A$261,0)) | C20: =INDEX(Screening!$O$5:$O$182,MATCH($A20,Screening!$A$5:$A$182,0)) | D20: =SUMIFS(FEA!$H$2:$H$1781,FEA!$B$2:$B$1781,$A20,FEA!$D$2:$D$1781,"foodwaste_narrative",FEA!$F$2:$F$1781,"Engagement") | E20: =SUMIFS(FEA!$H$2:$H$1781,FEA!$B$2:$B$1781,$A20,FEA!$D$2:$D$1781,"foodwaste_visual",FEA!$F$2:$F$1781,"Engagement") | F20: =E20-D20 | H20: Mean difference 95% CI lower | I20: =I12-I19*I14 | J20: =I12-I19*I14
A21: RESP0036 | B21: =INDEX(Session!$M$2:$M$261,MATCH($A21,Session!$A$2:$A$261,0)) | C21: =INDEX(Screening!$O$5:$O$182,MATCH($A21,Screening!$A$5:$A$182,0)) | D21: =SUMIFS(FEA!$H$2:$H$1781,FEA!$B$2:$B$1781,$A21,FEA!$D$2:$D$1781,"foodwaste_narrative",FEA!$F$2:$F$1781,"Engagement") | E21: =SUMIFS(FEA!$H$2:$H$1781,FEA!$B$2:$B$1781,$A21,FEA!$D$2:$D$1781,"foodwaste_visual",FEA!$F$2:$F$1781,"Engagement") | F21: =E21-D21 | H21: Mean difference 95% CI upper | I21: =I12+I19*I14 | J21: =I12+I19*I14
A22: RESP0037 | B22: =INDEX(Session!$M$2:$M$261,MATCH($A22,Session!$A$2:$A$261,0)) | C22: =INDEX(Screening!$O$5:$O$182,MATCH($A22,Screening!$A$5:$A$182,0)) | D22: =SUMIFS(FEA!$H$2:$H$1781,FEA!$B$2:$B$1781,$A22,FEA!$D$2:$D$1781,"foodwaste_narrative",FEA!$F$2:$F$1781,"Engagement") | E22: =SUMIFS(FEA!$H$2:$H$1781,FEA!$B$2:$B$1781,$A22,FEA!$D$2:$D$1781,"foodwaste_visual",FEA!$F$2:$F$1781,"Engagement") | F22: =E22-D22 | H22: Cohen's d_z | I22: =I12/I13 | J22: =I12/I13 | K22: d_z = mean difference / SD of the differences
A23: RESP0038 | B23: =INDEX(Session!$M$2:$M$261,MATCH($A23,Session!$A$2:$A$261,0)) | C23: =INDEX(Screening!$O$5:$O$182,MATCH($A23,Screening!$A$5:$A$182,0)) | D23: =SUMIFS(FEA!$H$2:$H$1781,FEA!$B$2:$B$1781,$A23,FEA!$D$2:$D$1781,"foodwaste_narrative",FEA!$F$2:$F$1781,"Engagement") | E23: =SUMIFS(FEA!$H$2:$H$1781,FEA!$B$2:$B$1781,$A23,FEA!$D$2:$D$1781,"foodwaste_visual",FEA!$F$2:$F$1781,"Engagement") | F23: =E23-D23 | H23: SE of d_z (approximation) | I23: =SQRT(1/I11+I22^2/(2*I11)) | J23: =SQRT(1/I11+I22^2/(2*I11)) | K23: sqrt(1/n + d_z^2 / (2 n))
A24: RESP0040 | B24: =INDEX(Session!$M$2:$M$261,MATCH($A24,Session!$A$2:$A$261,0)) | C24: =INDEX(Screening!$O$5:$O$182,MATCH($A24,Screening!$A$5:$A$182,0)) | D24: =SUMIFS(FEA!$H$2:$H$1781,FEA!$B$2:$B$1781,$A24,FEA!$D$2:$D$1781,"foodwaste_narrative",FEA!$F$2:$F$1781,"Engagement") | E24: =SUMIFS(FEA!$H$2:$H$1781,FEA!$B$2:$B$1781,$A24,FEA!$D$2:$D$1781,"foodwaste_visual",FEA!$F$2:$F$1781,"Engagement") | F24: =E24-D24 | H24: d_z 95% CI lower (approximation) | I24: =I22-1.96*I23 | J24: =I22-1.96*I23 | K24: R also gives the exact noncentral t interval
A25: RESP0044 | B25: =INDEX(Session!$M$2:$M$261,MATCH($A25,Session!$A$2:$A$261,0)) | C25: =INDEX(Screening!$O$5:$O$182,MATCH($A25,Screening!$A$5:$A$182,0)) | D25: =SUMIFS(FEA!$H$2:$H$1781,FEA!$B$2:$B$1781,$A25,FEA!$D$2:$D$1781,"foodwaste_narrative",FEA!$F$2:$F$1781,"Engagement") | E25: =SUMIFS(FEA!$H$2:$H$1781,FEA!$B$2:$B$1781,$A25,FEA!$D$2:$D$1781,"foodwaste_visual",FEA!$F$2:$F$1781,"Engagement") | F25: =E25-D25 | H25: d_z 95% CI upper (approximation) | I25: =I22+1.96*I23 | J25: =I22+1.96*I23
A26: RESP0046 | B26: =INDEX(Session!$M$2:$M$261,MATCH($A26,Session!$A$2:$A$261,0)) | C26: =INDEX(Screening!$O$5:$O$182,MATCH($A26,Screening!$A$5:$A$182,0)) | D26: =SUMIFS(FEA!$H$2:$H$1781,FEA!$B$2:$B$1781,$A26,FEA!$D$2:$D$1781,"foodwaste_narrative",FEA!$F$2:$F$1781,"Engagement") | E26: =SUMIFS(FEA!$H$2:$H$1781,FEA!$B$2:$B$1781,$A26,FEA!$D$2:$D$1781,"foodwaste_visual",FEA!$F$2:$F$1781,"Engagement") | F26: =E26-D26 | H26: Correlation of the two columns | I26: =CORREL(D5:D146,E5:E146) | J26: =CORREL(D5:D146,E5:E146) | K26: how stable a respondent is from one column to the other
A27: RESP0048 | B27: =INDEX(Session!$M$2:$M$261,MATCH($A27,Session!$A$2:$A$261,0)) | C27: =INDEX(Screening!$O$5:$O$182,MATCH($A27,Screening!$A$5:$A$182,0)) | D27: =SUMIFS(FEA!$H$2:$H$1781,FEA!$B$2:$B$1781,$A27,FEA!$D$2:$D$1781,"foodwaste_narrative",FEA!$F$2:$F$1781,"Engagement") | E27: =SUMIFS(FEA!$H$2:$H$1781,FEA!$B$2:$B$1781,$A27,FEA!$D$2:$D$1781,"foodwaste_visual",FEA!$F$2:$F$1781,"Engagement") | F27: =E27-D27 | H27: Respondents with a positive difference | I27: =COUNTIF(F5:F146,">0") | J27: =COUNTIF(F5:F146,">0")
A28: RESP0050 | B28: =INDEX(Session!$M$2:$M$261,MATCH($A28,Session!$A$2:$A$261,0)) | C28: =INDEX(Screening!$O$5:$O$182,MATCH($A28,Screening!$A$5:$A$182,0)) | D28: =SUMIFS(FEA!$H$2:$H$1781,FEA!$B$2:$B$1781,$A28,FEA!$D$2:$D$1781,"foodwaste_narrative",FEA!$F$2:$F$1781,"Engagement") | E28: =SUMIFS(FEA!$H$2:$H$1781,FEA!$B$2:$B$1781,$A28,FEA!$D$2:$D$1781,"foodwaste_visual",FEA!$F$2:$F$1781,"Engagement") | F28: =E28-D28
A29: RESP0052 | B29: =INDEX(Session!$M$2:$M$261,MATCH($A29,Session!$A$2:$A$261,0)) | C29: =INDEX(Screening!$O$5:$O$182,MATCH($A29,Screening!$A$5:$A$182,0)) | D29: =SUMIFS(FEA!$H$2:$H$1781,FEA!$B$2:$B$1781,$A29,FEA!$D$2:$D$1781,"foodwaste_narrative",FEA!$F$2:$F$1781,"Engagement") | E29: =SUMIFS(FEA!$H$2:$H$1781,FEA!$B$2:$B$1781,$A29,FEA!$D$2:$D$1781,"foodwaste_visual",FEA!$F$2:$F$1781,"Engagement") | F29: =E29-D29 | H29: Respondents at exactly 0, narrative | I29: =COUNTIF(D5:D146,0) | J29: =COUNTIF(D5:D146,0) | K29: never above the threshold
A30: RESP0053 | B30: =INDEX(Session!$M$2:$M$261,MATCH($A30,Session!$A$2:$A$261,0)) | C30: =INDEX(Screening!$O$5:$O$182,MATCH($A30,Screening!$A$5:$A$182,0)) | D30: =SUMIFS(FEA!$H$2:$H$1781,FEA!$B$2:$B$1781,$A30,FEA!$D$2:$D$1781,"foodwaste_narrative",FEA!$F$2:$F$1781,"Engagement") | E30: =SUMIFS(FEA!$H$2:$H$1781,FEA!$B$2:$B$1781,$A30,FEA!$D$2:$D$1781,"foodwaste_visual",FEA!$F$2:$F$1781,"Engagement") | F30: =E30-D30 | H30: Respondents at exactly 0, visual | I30: =COUNTIF(E5:E146,0) | J30: =COUNTIF(E5:E146,0)
A31: RESP0055 | B31: =INDEX(Session!$M$2:$M$261,MATCH($A31,Session!$A$2:$A$261,0)) | C31: =INDEX(Screening!$O$5:$O$182,MATCH($A31,Screening!$A$5:$A$182,0)) | D31: =SUMIFS(FEA!$H$2:$H$1781,FEA!$B$2:$B$1781,$A31,FEA!$D$2:$D$1781,"foodwaste_narrative",FEA!$F$2:$F$1781,"Engagement") | E31: =SUMIFS(FEA!$H$2:$H$1781,FEA!$B$2:$B$1781,$A31,FEA!$D$2:$D$1781,"foodwaste_visual",FEA!$F$2:$F$1781,"Engagement") | F31: =E31-D31 | H31: Median, narrative | I31: =MEDIAN(D5:D146) | J31: =MEDIAN(D5:D146) | K31: mean above median = right skew
A32: RESP0058 | B32: =INDEX(Session!$M$2:$M$261,MATCH($A32,Session!$A$2:$A$261,0)) | C32: =INDEX(Screening!$O$5:$O$182,MATCH($A32,Screening!$A$5:$A$182,0)) | D32: =SUMIFS(FEA!$H$2:$H$1781,FEA!$B$2:$B$1781,$A32,FEA!$D$2:$D$1781,"foodwaste_narrative",FEA!$F$2:$F$1781,"Engagement") | E32: =SUMIFS(FEA!$H$2:$H$1781,FEA!$B$2:$B$1781,$A32,FEA!$D$2:$D$1781,"foodwaste_visual",FEA!$F$2:$F$1781,"Engagement") | F32: =E32-D32 | H32: Median, visual | I32: =MEDIAN(E5:E146) | J32: =MEDIAN(E5:E146)
A33: RESP0059 | B33: =INDEX(Session!$M$2:$M$261,MATCH($A33,Session!$A$2:$A$261,0)) | C33: =INDEX(Screening!$O$5:$O$182,MATCH($A33,Screening!$A$5:$A$182,0)) | D33: =SUMIFS(FEA!$H$2:$H$1781,FEA!$B$2:$B$1781,$A33,FEA!$D$2:$D$1781,"foodwaste_narrative",FEA!$F$2:$F$1781,"Engagement") | E33: =SUMIFS(FEA!$H$2:$H$1781,FEA!$B$2:$B$1781,$A33,FEA!$D$2:$D$1781,"foodwaste_visual",FEA!$F$2:$F$1781,"Engagement") | F33: =E33-D33 | H33: Median difference | I33: =MEDIAN(F5:F146) | J33: =MEDIAN(F5:F146)
A34: RESP0061 | B34: =INDEX(Session!$M$2:$M$261,MATCH($A34,Session!$A$2:$A$261,0)) | C34: =INDEX(Screening!$O$5:$O$182,MATCH($A34,Screening!$A$5:$A$182,0)) | D34: =SUMIFS(FEA!$H$2:$H$1781,FEA!$B$2:$B$1781,$A34,FEA!$D$2:$D$1781,"foodwaste_narrative",FEA!$F$2:$F$1781,"Engagement") | E34: =SUMIFS(FEA!$H$2:$H$1781,FEA!$B$2:$B$1781,$A34,FEA!$D$2:$D$1781,"foodwaste_visual",FEA!$F$2:$F$1781,"Engagement") | F34: =E34-D34
A35: RESP0062 | B35: =INDEX(Session!$M$2:$M$261,MATCH($A35,Session!$A$2:$A$261,0)) | C35: =INDEX(Screening!$O$5:$O$182,MATCH($A35,Screening!$A$5:$A$182,0)) | D35: =SUMIFS(FEA!$H$2:$H$1781,FEA!$B$2:$B$1781,$A35,FEA!$D$2:$D$1781,"foodwaste_narrative",FEA!$F$2:$F$1781,"Engagement") | E35: =SUMIFS(FEA!$H$2:$H$1781,FEA!$B$2:$B$1781,$A35,FEA!$D$2:$D$1781,"foodwaste_visual",FEA!$F$2:$F$1781,"Engagement") | F35: =E35-D35
A36: RESP0064 | B36: =INDEX(Session!$M$2:$M$261,MATCH($A36,Session!$A$2:$A$261,0)) | C36: =INDEX(Screening!$O$5:$O$182,MATCH($A36,Screening!$A$5:$A$182,0)) | D36: =SUMIFS(FEA!$H$2:$H$1781,FEA!$B$2:$B$1781,$A36,FEA!$D$2:$D$1781,"foodwaste_narrative",FEA!$F$2:$F$1781,"Engagement") | E36: =SUMIFS(FEA!$H$2:$H$1781,FEA!$B$2:$B$1781,$A36,FEA!$D$2:$D$1781,"foodwaste_visual",FEA!$F$2:$F$1781,"Engagement") | F36: =E36-D36 | H36: Statistic | I36: Value | J36: Formula shown | K36: Note
A37: RESP0067 | B37: =INDEX(Session!$M$2:$M$261,MATCH($A37,Session!$A$2:$A$261,0)) | C37: =INDEX(Screening!$O$5:$O$182,MATCH($A37,Screening!$A$5:$A$182,0)) | D37: =SUMIFS(FEA!$H$2:$H$1781,FEA!$B$2:$B$1781,$A37,FEA!$D$2:$D$1781,"foodwaste_narrative",FEA!$F$2:$F$1781,"Engagement") | E37: =SUMIFS(FEA!$H$2:$H$1781,FEA!$B$2:$B$1781,$A37,FEA!$D$2:$D$1781,"foodwaste_visual",FEA!$F$2:$F$1781,"Engagement") | F37: =E37-D37 | H37: Sensitivity: H1 at 3.0 degrees (rows 5 to 129, n = 125)
A38: RESP0069 | B38: =INDEX(Session!$M$2:$M$261,MATCH($A38,Session!$A$2:$A$261,0)) | C38: =INDEX(Screening!$O$5:$O$182,MATCH($A38,Screening!$A$5:$A$182,0)) | D38: =SUMIFS(FEA!$H$2:$H$1781,FEA!$B$2:$B$1781,$A38,FEA!$D$2:$D$1781,"foodwaste_narrative",FEA!$F$2:$F$1781,"Engagement") | E38: =SUMIFS(FEA!$H$2:$H$1781,FEA!$B$2:$B$1781,$A38,FEA!$D$2:$D$1781,"foodwaste_visual",FEA!$F$2:$F$1781,"Engagement") | F38: =E38-D38 | H38: Narrative mean (% of time) | I38: =AVERAGE(D5:D129) | J38: =AVERAGE(D5:D129) | K38: AVERAGE of the first column
A39: RESP0071 | B39: =INDEX(Session!$M$2:$M$261,MATCH($A39,Session!$A$2:$A$261,0)) | C39: =INDEX(Screening!$O$5:$O$182,MATCH($A39,Screening!$A$5:$A$182,0)) | D39: =SUMIFS(FEA!$H$2:$H$1781,FEA!$B$2:$B$1781,$A39,FEA!$D$2:$D$1781,"foodwaste_narrative",FEA!$F$2:$F$1781,"Engagement") | E39: =SUMIFS(FEA!$H$2:$H$1781,FEA!$B$2:$B$1781,$A39,FEA!$D$2:$D$1781,"foodwaste_visual",FEA!$F$2:$F$1781,"Engagement") | F39: =E39-D39 | H39: Narrative SD | I39: =_xlfn.STDEV.S(D5:D129) | J39: =STDEV.S(D5:D129) | K39: STDEV.S = sample standard deviation
A40: RESP0072 | B40: =INDEX(Session!$M$2:$M$261,MATCH($A40,Session!$A$2:$A$261,0)) | C40: =INDEX(Screening!$O$5:$O$182,MATCH($A40,Screening!$A$5:$A$182,0)) | D40: =SUMIFS(FEA!$H$2:$H$1781,FEA!$B$2:$B$1781,$A40,FEA!$D$2:$D$1781,"foodwaste_narrative",FEA!$F$2:$F$1781,"Engagement") | E40: =SUMIFS(FEA!$H$2:$H$1781,FEA!$B$2:$B$1781,$A40,FEA!$D$2:$D$1781,"foodwaste_visual",FEA!$F$2:$F$1781,"Engagement") | F40: =E40-D40 | H40: Visual mean (% of time) | I40: =AVERAGE(E5:E129) | J40: =AVERAGE(E5:E129)
A41: RESP0073 | B41: =INDEX(Session!$M$2:$M$261,MATCH($A41,Session!$A$2:$A$261,0)) | C41: =INDEX(Screening!$O$5:$O$182,MATCH($A41,Screening!$A$5:$A$182,0)) | D41: =SUMIFS(FEA!$H$2:$H$1781,FEA!$B$2:$B$1781,$A41,FEA!$D$2:$D$1781,"foodwaste_narrative",FEA!$F$2:$F$1781,"Engagement") | E41: =SUMIFS(FEA!$H$2:$H$1781,FEA!$B$2:$B$1781,$A41,FEA!$D$2:$D$1781,"foodwaste_visual",FEA!$F$2:$F$1781,"Engagement") | F41: =E41-D41 | H41: Visual SD | I41: =_xlfn.STDEV.S(E5:E129) | J41: =STDEV.S(E5:E129)
A42: RESP0074 | B42: =INDEX(Session!$M$2:$M$261,MATCH($A42,Session!$A$2:$A$261,0)) | C42: =INDEX(Screening!$O$5:$O$182,MATCH($A42,Screening!$A$5:$A$182,0)) | D42: =SUMIFS(FEA!$H$2:$H$1781,FEA!$B$2:$B$1781,$A42,FEA!$D$2:$D$1781,"foodwaste_narrative",FEA!$F$2:$F$1781,"Engagement") | E42: =SUMIFS(FEA!$H$2:$H$1781,FEA!$B$2:$B$1781,$A42,FEA!$D$2:$D$1781,"foodwaste_visual",FEA!$F$2:$F$1781,"Engagement") | F42: =E42-D42 | H42: n (respondents) | I42: =COUNT(F5:F129) | J42: =COUNT(F5:F129)
A43: RESP0079 | B43: =INDEX(Session!$M$2:$M$261,MATCH($A43,Session!$A$2:$A$261,0)) | C43: =INDEX(Screening!$O$5:$O$182,MATCH($A43,Screening!$A$5:$A$182,0)) | D43: =SUMIFS(FEA!$H$2:$H$1781,FEA!$B$2:$B$1781,$A43,FEA!$D$2:$D$1781,"foodwaste_narrative",FEA!$F$2:$F$1781,"Engagement") | E43: =SUMIFS(FEA!$H$2:$H$1781,FEA!$B$2:$B$1781,$A43,FEA!$D$2:$D$1781,"foodwaste_visual",FEA!$F$2:$F$1781,"Engagement") | F43: =E43-D43 | H43: Mean difference, Visual minus Narrative | I43: =AVERAGE(F5:F129) | J43: =AVERAGE(F5:F129)
A44: RESP0081 | B44: =INDEX(Session!$M$2:$M$261,MATCH($A44,Session!$A$2:$A$261,0)) | C44: =INDEX(Screening!$O$5:$O$182,MATCH($A44,Screening!$A$5:$A$182,0)) | D44: =SUMIFS(FEA!$H$2:$H$1781,FEA!$B$2:$B$1781,$A44,FEA!$D$2:$D$1781,"foodwaste_narrative",FEA!$F$2:$F$1781,"Engagement") | E44: =SUMIFS(FEA!$H$2:$H$1781,FEA!$B$2:$B$1781,$A44,FEA!$D$2:$D$1781,"foodwaste_visual",FEA!$F$2:$F$1781,"Engagement") | F44: =E44-D44 | H44: SD of the differences | I44: =_xlfn.STDEV.S(F5:F129) | J44: =STDEV.S(F5:F129) | K44: the SD that matters in a paired design
A45: RESP0082 | B45: =INDEX(Session!$M$2:$M$261,MATCH($A45,Session!$A$2:$A$261,0)) | C45: =INDEX(Screening!$O$5:$O$182,MATCH($A45,Screening!$A$5:$A$182,0)) | D45: =SUMIFS(FEA!$H$2:$H$1781,FEA!$B$2:$B$1781,$A45,FEA!$D$2:$D$1781,"foodwaste_narrative",FEA!$F$2:$F$1781,"Engagement") | E45: =SUMIFS(FEA!$H$2:$H$1781,FEA!$B$2:$B$1781,$A45,FEA!$D$2:$D$1781,"foodwaste_visual",FEA!$F$2:$F$1781,"Engagement") | F45: =E45-D45 | H45: SE of the mean difference | I45: =I44/SQRT(I42) | J45: =I44/SQRT(I42) | K45: SD of the differences / sqrt(n)
A46: RESP0090 | B46: =INDEX(Session!$M$2:$M$261,MATCH($A46,Session!$A$2:$A$261,0)) | C46: =INDEX(Screening!$O$5:$O$182,MATCH($A46,Screening!$A$5:$A$182,0)) | D46: =SUMIFS(FEA!$H$2:$H$1781,FEA!$B$2:$B$1781,$A46,FEA!$D$2:$D$1781,"foodwaste_narrative",FEA!$F$2:$F$1781,"Engagement") | E46: =SUMIFS(FEA!$H$2:$H$1781,FEA!$B$2:$B$1781,$A46,FEA!$D$2:$D$1781,"foodwaste_visual",FEA!$F$2:$F$1781,"Engagement") | F46: =E46-D46 | H46: t | I46: =I43/I45 | J46: =I43/I45 | K46: t = mean difference / SE
A47: RESP0093 | B47: =INDEX(Session!$M$2:$M$261,MATCH($A47,Session!$A$2:$A$261,0)) | C47: =INDEX(Screening!$O$5:$O$182,MATCH($A47,Screening!$A$5:$A$182,0)) | D47: =SUMIFS(FEA!$H$2:$H$1781,FEA!$B$2:$B$1781,$A47,FEA!$D$2:$D$1781,"foodwaste_narrative",FEA!$F$2:$F$1781,"Engagement") | E47: =SUMIFS(FEA!$H$2:$H$1781,FEA!$B$2:$B$1781,$A47,FEA!$D$2:$D$1781,"foodwaste_visual",FEA!$F$2:$F$1781,"Engagement") | F47: =E47-D47 | H47: df | I47: =I42-1 | J47: =I42-1 | K47: n minus 1
A48: RESP0094 | B48: =INDEX(Session!$M$2:$M$261,MATCH($A48,Session!$A$2:$A$261,0)) | C48: =INDEX(Screening!$O$5:$O$182,MATCH($A48,Screening!$A$5:$A$182,0)) | D48: =SUMIFS(FEA!$H$2:$H$1781,FEA!$B$2:$B$1781,$A48,FEA!$D$2:$D$1781,"foodwaste_narrative",FEA!$F$2:$F$1781,"Engagement") | E48: =SUMIFS(FEA!$H$2:$H$1781,FEA!$B$2:$B$1781,$A48,FEA!$D$2:$D$1781,"foodwaste_visual",FEA!$F$2:$F$1781,"Engagement") | F48: =E48-D48 | H48: p, two tailed (T.TEST type 1) | I48: =_xlfn.T.TEST(D5:D129,E5:E129,2,1) | J48: =T.TEST(D5:D129,E5:E129,2,1) | K48: tails = 2, type = 1 means paired
A49: RESP0095 | B49: =INDEX(Session!$M$2:$M$261,MATCH($A49,Session!$A$2:$A$261,0)) | C49: =INDEX(Screening!$O$5:$O$182,MATCH($A49,Screening!$A$5:$A$182,0)) | D49: =SUMIFS(FEA!$H$2:$H$1781,FEA!$B$2:$B$1781,$A49,FEA!$D$2:$D$1781,"foodwaste_narrative",FEA!$F$2:$F$1781,"Engagement") | E49: =SUMIFS(FEA!$H$2:$H$1781,FEA!$B$2:$B$1781,$A49,FEA!$D$2:$D$1781,"foodwaste_visual",FEA!$F$2:$F$1781,"Engagement") | F49: =E49-D49 | H49: p from the hand computed t | I49: =_xlfn.T.DIST.2T(ABS(I46),I47) | J49: =T.DIST.2T(ABS(I46),I47) | K49: must match the T.TEST cell
A50: RESP0098 | B50: =INDEX(Session!$M$2:$M$261,MATCH($A50,Session!$A$2:$A$261,0)) | C50: =INDEX(Screening!$O$5:$O$182,MATCH($A50,Screening!$A$5:$A$182,0)) | D50: =SUMIFS(FEA!$H$2:$H$1781,FEA!$B$2:$B$1781,$A50,FEA!$D$2:$D$1781,"foodwaste_narrative",FEA!$F$2:$F$1781,"Engagement") | E50: =SUMIFS(FEA!$H$2:$H$1781,FEA!$B$2:$B$1781,$A50,FEA!$D$2:$D$1781,"foodwaste_visual",FEA!$F$2:$F$1781,"Engagement") | F50: =E50-D50 | H50: Critical t (95%) | I50: =_xlfn.T.INV.2T(0.05,I47) | J50: =T.INV.2T(0.05,I47) | K50: two tailed, alpha = .05
A51: RESP0099 | B51: =INDEX(Session!$M$2:$M$261,MATCH($A51,Session!$A$2:$A$261,0)) | C51: =INDEX(Screening!$O$5:$O$182,MATCH($A51,Screening!$A$5:$A$182,0)) | D51: =SUMIFS(FEA!$H$2:$H$1781,FEA!$B$2:$B$1781,$A51,FEA!$D$2:$D$1781,"foodwaste_narrative",FEA!$F$2:$F$1781,"Engagement") | E51: =SUMIFS(FEA!$H$2:$H$1781,FEA!$B$2:$B$1781,$A51,FEA!$D$2:$D$1781,"foodwaste_visual",FEA!$F$2:$F$1781,"Engagement") | F51: =E51-D51 | H51: Mean difference 95% CI lower | I51: =I43-I50*I45 | J51: =I43-I50*I45
A52: RESP0102 | B52: =INDEX(Session!$M$2:$M$261,MATCH($A52,Session!$A$2:$A$261,0)) | C52: =INDEX(Screening!$O$5:$O$182,MATCH($A52,Screening!$A$5:$A$182,0)) | D52: =SUMIFS(FEA!$H$2:$H$1781,FEA!$B$2:$B$1781,$A52,FEA!$D$2:$D$1781,"foodwaste_narrative",FEA!$F$2:$F$1781,"Engagement") | E52: =SUMIFS(FEA!$H$2:$H$1781,FEA!$B$2:$B$1781,$A52,FEA!$D$2:$D$1781,"foodwaste_visual",FEA!$F$2:$F$1781,"Engagement") | F52: =E52-D52 | H52: Mean difference 95% CI upper | I52: =I43+I50*I45 | J52: =I43+I50*I45
A53: RESP0108 | B53: =INDEX(Session!$M$2:$M$261,MATCH($A53,Session!$A$2:$A$261,0)) | C53: =INDEX(Screening!$O$5:$O$182,MATCH($A53,Screening!$A$5:$A$182,0)) | D53: =SUMIFS(FEA!$H$2:$H$1781,FEA!$B$2:$B$1781,$A53,FEA!$D$2:$D$1781,"foodwaste_narrative",FEA!$F$2:$F$1781,"Engagement") | E53: =SUMIFS(FEA!$H$2:$H$1781,FEA!$B$2:$B$1781,$A53,FEA!$D$2:$D$1781,"foodwaste_visual",FEA!$F$2:$F$1781,"Engagement") | F53: =E53-D53 | H53: Cohen's d_z | I53: =I43/I44 | J53: =I43/I44 | K53: d_z = mean difference / SD of the differences
A54: RESP0111 | B54: =INDEX(Session!$M$2:$M$261,MATCH($A54,Session!$A$2:$A$261,0)) | C54: =INDEX(Screening!$O$5:$O$182,MATCH($A54,Screening!$A$5:$A$182,0)) | D54: =SUMIFS(FEA!$H$2:$H$1781,FEA!$B$2:$B$1781,$A54,FEA!$D$2:$D$1781,"foodwaste_narrative",FEA!$F$2:$F$1781,"Engagement") | E54: =SUMIFS(FEA!$H$2:$H$1781,FEA!$B$2:$B$1781,$A54,FEA!$D$2:$D$1781,"foodwaste_visual",FEA!$F$2:$F$1781,"Engagement") | F54: =E54-D54 | H54: SE of d_z (approximation) | I54: =SQRT(1/I42+I53^2/(2*I42)) | J54: =SQRT(1/I42+I53^2/(2*I42)) | K54: sqrt(1/n + d_z^2 / (2 n))
A55: RESP0112 | B55: =INDEX(Session!$M$2:$M$261,MATCH($A55,Session!$A$2:$A$261,0)) | C55: =INDEX(Screening!$O$5:$O$182,MATCH($A55,Screening!$A$5:$A$182,0)) | D55: =SUMIFS(FEA!$H$2:$H$1781,FEA!$B$2:$B$1781,$A55,FEA!$D$2:$D$1781,"foodwaste_narrative",FEA!$F$2:$F$1781,"Engagement") | E55: =SUMIFS(FEA!$H$2:$H$1781,FEA!$B$2:$B$1781,$A55,FEA!$D$2:$D$1781,"foodwaste_visual",FEA!$F$2:$F$1781,"Engagement") | F55: =E55-D55 | H55: d_z 95% CI lower (approximation) | I55: =I53-1.96*I54 | J55: =I53-1.96*I54 | K55: R also gives the exact noncentral t interval
A56: RESP0113 | B56: =INDEX(Session!$M$2:$M$261,MATCH($A56,Session!$A$2:$A$261,0)) | C56: =INDEX(Screening!$O$5:$O$182,MATCH($A56,Screening!$A$5:$A$182,0)) | D56: =SUMIFS(FEA!$H$2:$H$1781,FEA!$B$2:$B$1781,$A56,FEA!$D$2:$D$1781,"foodwaste_narrative",FEA!$F$2:$F$1781,"Engagement") | E56: =SUMIFS(FEA!$H$2:$H$1781,FEA!$B$2:$B$1781,$A56,FEA!$D$2:$D$1781,"foodwaste_visual",FEA!$F$2:$F$1781,"Engagement") | F56: =E56-D56 | H56: d_z 95% CI upper (approximation) | I56: =I53+1.96*I54 | J56: =I53+1.96*I54
A57: RESP0114 | B57: =INDEX(Session!$M$2:$M$261,MATCH($A57,Session!$A$2:$A$261,0)) | C57: =INDEX(Screening!$O$5:$O$182,MATCH($A57,Screening!$A$5:$A$182,0)) | D57: =SUMIFS(FEA!$H$2:$H$1781,FEA!$B$2:$B$1781,$A57,FEA!$D$2:$D$1781,"foodwaste_narrative",FEA!$F$2:$F$1781,"Engagement") | E57: =SUMIFS(FEA!$H$2:$H$1781,FEA!$B$2:$B$1781,$A57,FEA!$D$2:$D$1781,"foodwaste_visual",FEA!$F$2:$F$1781,"Engagement") | F57: =E57-D57 | H57: Correlation of the two columns | I57: =CORREL(D5:D129,E5:E129) | J57: =CORREL(D5:D129,E5:E129) | K57: how stable a respondent is from one column to the other
A58: RESP0115 | B58: =INDEX(Session!$M$2:$M$261,MATCH($A58,Session!$A$2:$A$261,0)) | C58: =INDEX(Screening!$O$5:$O$182,MATCH($A58,Screening!$A$5:$A$182,0)) | D58: =SUMIFS(FEA!$H$2:$H$1781,FEA!$B$2:$B$1781,$A58,FEA!$D$2:$D$1781,"foodwaste_narrative",FEA!$F$2:$F$1781,"Engagement") | E58: =SUMIFS(FEA!$H$2:$H$1781,FEA!$B$2:$B$1781,$A58,FEA!$D$2:$D$1781,"foodwaste_visual",FEA!$F$2:$F$1781,"Engagement") | F58: =E58-D58 | H58: Respondents with a positive difference | I58: =COUNTIF(F5:F129,">0") | J58: =COUNTIF(F5:F129,">0")
A59: RESP0117 | B59: =INDEX(Session!$M$2:$M$261,MATCH($A59,Session!$A$2:$A$261,0)) | C59: =INDEX(Screening!$O$5:$O$182,MATCH($A59,Screening!$A$5:$A$182,0)) | D59: =SUMIFS(FEA!$H$2:$H$1781,FEA!$B$2:$B$1781,$A59,FEA!$D$2:$D$1781,"foodwaste_narrative",FEA!$F$2:$F$1781,"Engagement") | E59: =SUMIFS(FEA!$H$2:$H$1781,FEA!$B$2:$B$1781,$A59,FEA!$D$2:$D$1781,"foodwaste_visual",FEA!$F$2:$F$1781,"Engagement") | F59: =E59-D59
A60: RESP0118 | B60: =INDEX(Session!$M$2:$M$261,MATCH($A60,Session!$A$2:$A$261,0)) | C60: =INDEX(Screening!$O$5:$O$182,MATCH($A60,Screening!$A$5:$A$182,0)) | D60: =SUMIFS(FEA!$H$2:$H$1781,FEA!$B$2:$B$1781,$A60,FEA!$D$2:$D$1781,"foodwaste_narrative",FEA!$F$2:$F$1781,"Engagement") | E60: =SUMIFS(FEA!$H$2:$H$1781,FEA!$B$2:$B$1781,$A60,FEA!$D$2:$D$1781,"foodwaste_visual",FEA!$F$2:$F$1781,"Engagement") | F60: =E60-D60
A61: RESP0120 | B61: =INDEX(Session!$M$2:$M$261,MATCH($A61,Session!$A$2:$A$261,0)) | C61: =INDEX(Screening!$O$5:$O$182,MATCH($A61,Screening!$A$5:$A$182,0)) | D61: =SUMIFS(FEA!$H$2:$H$1781,FEA!$B$2:$B$1781,$A61,FEA!$D$2:$D$1781,"foodwaste_narrative",FEA!$F$2:$F$1781,"Engagement") | E61: =SUMIFS(FEA!$H$2:$H$1781,FEA!$B$2:$B$1781,$A61,FEA!$D$2:$D$1781,"foodwaste_visual",FEA!$F$2:$F$1781,"Engagement") | F61: =E61-D61
A62: RESP0122 | B62: =INDEX(Session!$M$2:$M$261,MATCH($A62,Session!$A$2:$A$261,0)) | C62: =INDEX(Screening!$O$5:$O$182,MATCH($A62,Screening!$A$5:$A$182,0)) | D62: =SUMIFS(FEA!$H$2:$H$1781,FEA!$B$2:$B$1781,$A62,FEA!$D$2:$D$1781,"foodwaste_narrative",FEA!$F$2:$F$1781,"Engagement") | E62: =SUMIFS(FEA!$H$2:$H$1781,FEA!$B$2:$B$1781,$A62,FEA!$D$2:$D$1781,"foodwaste_visual",FEA!$F$2:$F$1781,"Engagement") | F62: =E62-D62 | H62: Statistic | I62: Value | J62: Formula shown | K62: Note
A63: RESP0123 | B63: =INDEX(Session!$M$2:$M$261,MATCH($A63,Session!$A$2:$A$261,0)) | C63: =INDEX(Screening!$O$5:$O$182,MATCH($A63,Screening!$A$5:$A$182,0)) | D63: =SUMIFS(FEA!$H$2:$H$1781,FEA!$B$2:$B$1781,$A63,FEA!$D$2:$D$1781,"foodwaste_narrative",FEA!$F$2:$F$1781,"Engagement") | E63: =SUMIFS(FEA!$H$2:$H$1781,FEA!$B$2:$B$1781,$A63,FEA!$D$2:$D$1781,"foodwaste_visual",FEA!$F$2:$F$1781,"Engagement") | F63: =E63-D63 | H63: Roster checks
A64: RESP0124 | B64: =INDEX(Session!$M$2:$M$261,MATCH($A64,Session!$A$2:$A$261,0)) | C64: =INDEX(Screening!$O$5:$O$182,MATCH($A64,Screening!$A$5:$A$182,0)) | D64: =SUMIFS(FEA!$H$2:$H$1781,FEA!$B$2:$B$1781,$A64,FEA!$D$2:$D$1781,"foodwaste_narrative",FEA!$F$2:$F$1781,"Engagement") | E64: =SUMIFS(FEA!$H$2:$H$1781,FEA!$B$2:$B$1781,$A64,FEA!$D$2:$D$1781,"foodwaste_visual",FEA!$F$2:$F$1781,"Engagement") | F64: =E64-D64 | H64: Kept respondents on the Screening sheet | I64: =COUNTIF(Screening!$L$5:$L$182,"Keep") | J64: =COUNTIF(Screening!$L$5:$L$182,"Keep") | K64: must equal n of the H1 block
A65: RESP0125 | B65: =INDEX(Session!$M$2:$M$261,MATCH($A65,Session!$A$2:$A$261,0)) | C65: =INDEX(Screening!$O$5:$O$182,MATCH($A65,Screening!$A$5:$A$182,0)) | D65: =SUMIFS(FEA!$H$2:$H$1781,FEA!$B$2:$B$1781,$A65,FEA!$D$2:$D$1781,"foodwaste_narrative",FEA!$F$2:$F$1781,"Engagement") | E65: =SUMIFS(FEA!$H$2:$H$1781,FEA!$B$2:$B$1781,$A65,FEA!$D$2:$D$1781,"foodwaste_visual",FEA!$F$2:$F$1781,"Engagement") | F65: =E65-D65 | H65: Rows in the sensitivity block marked Exclude at 3.0 (must be 0) | I65: =COUNTIF(C5:C129,"Exclude") | J65: =COUNTIF(C5:C129,"Exclude")
A66: RESP0129 | B66: =INDEX(Session!$M$2:$M$261,MATCH($A66,Session!$A$2:$A$261,0)) | C66: =INDEX(Screening!$O$5:$O$182,MATCH($A66,Screening!$A$5:$A$182,0)) | D66: =SUMIFS(FEA!$H$2:$H$1781,FEA!$B$2:$B$1781,$A66,FEA!$D$2:$D$1781,"foodwaste_narrative",FEA!$F$2:$F$1781,"Engagement") | E66: =SUMIFS(FEA!$H$2:$H$1781,FEA!$B$2:$B$1781,$A66,FEA!$D$2:$D$1781,"foodwaste_visual",FEA!$F$2:$F$1781,"Engagement") | F66: =E66-D66 | H66: Rows below the sensitivity block marked Exclude at 3.0 | I66: =COUNTIF(C130:C146,"Exclude") | J66: =COUNTIF(C130:C146,"Exclude")
A67: RESP0131 | B67: =INDEX(Session!$M$2:$M$261,MATCH($A67,Session!$A$2:$A$261,0)) | C67: =INDEX(Screening!$O$5:$O$182,MATCH($A67,Screening!$A$5:$A$182,0)) | D67: =SUMIFS(FEA!$H$2:$H$1781,FEA!$B$2:$B$1781,$A67,FEA!$D$2:$D$1781,"foodwaste_narrative",FEA!$F$2:$F$1781,"Engagement") | E67: =SUMIFS(FEA!$H$2:$H$1781,FEA!$B$2:$B$1781,$A67,FEA!$D$2:$D$1781,"foodwaste_visual",FEA!$F$2:$F$1781,"Engagement") | F67: =E67-D67
A68: RESP0133 | B68: =INDEX(Session!$M$2:$M$261,MATCH($A68,Session!$A$2:$A$261,0)) | C68: =INDEX(Screening!$O$5:$O$182,MATCH($A68,Screening!$A$5:$A$182,0)) | D68: =SUMIFS(FEA!$H$2:$H$1781,FEA!$B$2:$B$1781,$A68,FEA!$D$2:$D$1781,"foodwaste_narrative",FEA!$F$2:$F$1781,"Engagement") | E68: =SUMIFS(FEA!$H$2:$H$1781,FEA!$B$2:$B$1781,$A68,FEA!$D$2:$D$1781,"foodwaste_visual",FEA!$F$2:$F$1781,"Engagement") | F68: =E68-D68
A69: RESP0140 | B69: =INDEX(Session!$M$2:$M$261,MATCH($A69,Session!$A$2:$A$261,0)) | C69: =INDEX(Screening!$O$5:$O$182,MATCH($A69,Screening!$A$5:$A$182,0)) | D69: =SUMIFS(FEA!$H$2:$H$1781,FEA!$B$2:$B$1781,$A69,FEA!$D$2:$D$1781,"foodwaste_narrative",FEA!$F$2:$F$1781,"Engagement") | E69: =SUMIFS(FEA!$H$2:$H$1781,FEA!$B$2:$B$1781,$A69,FEA!$D$2:$D$1781,"foodwaste_visual",FEA!$F$2:$F$1781,"Engagement") | F69: =E69-D69
A70: RESP0141 | B70: =INDEX(Session!$M$2:$M$261,MATCH($A70,Session!$A$2:$A$261,0)) | C70: =INDEX(Screening!$O$5:$O$182,MATCH($A70,Screening!$A$5:$A$182,0)) | D70: =SUMIFS(FEA!$H$2:$H$1781,FEA!$B$2:$B$1781,$A70,FEA!$D$2:$D$1781,"foodwaste_narrative",FEA!$F$2:$F$1781,"Engagement") | E70: =SUMIFS(FEA!$H$2:$H$1781,FEA!$B$2:$B$1781,$A70,FEA!$D$2:$D$1781,"foodwaste_visual",FEA!$F$2:$F$1781,"Engagement") | F70: =E70-D70
A71: RESP0142 | B71: =INDEX(Session!$M$2:$M$261,MATCH($A71,Session!$A$2:$A$261,0)) | C71: =INDEX(Screening!$O$5:$O$182,MATCH($A71,Screening!$A$5:$A$182,0)) | D71: =SUMIFS(FEA!$H$2:$H$1781,FEA!$B$2:$B$1781,$A71,FEA!$D$2:$D$1781,"foodwaste_narrative",FEA!$F$2:$F$1781,"Engagement") | E71: =SUMIFS(FEA!$H$2:$H$1781,FEA!$B$2:$B$1781,$A71,FEA!$D$2:$D$1781,"foodwaste_visual",FEA!$F$2:$F$1781,"Engagement") | F71: =E71-D71
A72: RESP0143 | B72: =INDEX(Session!$M$2:$M$261,MATCH($A72,Session!$A$2:$A$261,0)) | C72: =INDEX(Screening!$O$5:$O$182,MATCH($A72,Screening!$A$5:$A$182,0)) | D72: =SUMIFS(FEA!$H$2:$H$1781,FEA!$B$2:$B$1781,$A72,FEA!$D$2:$D$1781,"foodwaste_narrative",FEA!$F$2:$F$1781,"Engagement") | E72: =SUMIFS(FEA!$H$2:$H$1781,FEA!$B$2:$B$1781,$A72,FEA!$D$2:$D$1781,"foodwaste_visual",FEA!$F$2:$F$1781,"Engagement") | F72: =E72-D72
A73: RESP0144 | B73: =INDEX(Session!$M$2:$M$261,MATCH($A73,Session!$A$2:$A$261,0)) | C73: =INDEX(Screening!$O$5:$O$182,MATCH($A73,Screening!$A$5:$A$182,0)) | D73: =SUMIFS(FEA!$H$2:$H$1781,FEA!$B$2:$B$1781,$A73,FEA!$D$2:$D$1781,"foodwaste_narrative",FEA!$F$2:$F$1781,"Engagement") | E73: =SUMIFS(FEA!$H$2:$H$1781,FEA!$B$2:$B$1781,$A73,FEA!$D$2:$D$1781,"foodwaste_visual",FEA!$F$2:$F$1781,"Engagement") | F73: =E73-D73
A74: RESP0145 | B74: =INDEX(Session!$M$2:$M$261,MATCH($A74,Session!$A$2:$A$261,0)) | C74: =INDEX(Screening!$O$5:$O$182,MATCH($A74,Screening!$A$5:$A$182,0)) | D74: =SUMIFS(FEA!$H$2:$H$1781,FEA!$B$2:$B$1781,$A74,FEA!$D$2:$D$1781,"foodwaste_narrative",FEA!$F$2:$F$1781,"Engagement") | E74: =SUMIFS(FEA!$H$2:$H$1781,FEA!$B$2:$B$1781,$A74,FEA!$D$2:$D$1781,"foodwaste_visual",FEA!$F$2:$F$1781,"Engagement") | F74: =E74-D74
A75: RESP0149 | B75: =INDEX(Session!$M$2:$M$261,MATCH($A75,Session!$A$2:$A$261,0)) | C75: =INDEX(Screening!$O$5:$O$182,MATCH($A75,Screening!$A$5:$A$182,0)) | D75: =SUMIFS(FEA!$H$2:$H$1781,FEA!$B$2:$B$1781,$A75,FEA!$D$2:$D$1781,"foodwaste_narrative",FEA!$F$2:$F$1781,"Engagement") | E75: =SUMIFS(FEA!$H$2:$H$1781,FEA!$B$2:$B$1781,$A75,FEA!$D$2:$D$1781,"foodwaste_visual",FEA!$F$2:$F$1781,"Engagement") | F75: =E75-D75
A76: RESP0150 | B76: =INDEX(Session!$M$2:$M$261,MATCH($A76,Session!$A$2:$A$261,0)) | C76: =INDEX(Screening!$O$5:$O$182,MATCH($A76,Screening!$A$5:$A$182,0)) | D76: =SUMIFS(FEA!$H$2:$H$1781,FEA!$B$2:$B$1781,$A76,FEA!$D$2:$D$1781,"foodwaste_narrative",FEA!$F$2:$F$1781,"Engagement") | E76: =SUMIFS(FEA!$H$2:$H$1781,FEA!$B$2:$B$1781,$A76,FEA!$D$2:$D$1781,"foodwaste_visual",FEA!$F$2:$F$1781,"Engagement") | F76: =E76-D76
A77: RESP0151 | B77: =INDEX(Session!$M$2:$M$261,MATCH($A77,Session!$A$2:$A$261,0)) | C77: =INDEX(Screening!$O$5:$O$182,MATCH($A77,Screening!$A$5:$A$182,0)) | D77: =SUMIFS(FEA!$H$2:$H$1781,FEA!$B$2:$B$1781,$A77,FEA!$D$2:$D$1781,"foodwaste_narrative",FEA!$F$2:$F$1781,"Engagement") | E77: =SUMIFS(FEA!$H$2:$H$1781,FEA!$B$2:$B$1781,$A77,FEA!$D$2:$D$1781,"foodwaste_visual",FEA!$F$2:$F$1781,"Engagement") | F77: =E77-D77
A78: RESP0154 | B78: =INDEX(Session!$M$2:$M$261,MATCH($A78,Session!$A$2:$A$261,0)) | C78: =INDEX(Screening!$O$5:$O$182,MATCH($A78,Screening!$A$5:$A$182,0)) | D78: =SUMIFS(FEA!$H$2:$H$1781,FEA!$B$2:$B$1781,$A78,FEA!$D$2:$D$1781,"foodwaste_narrative",FEA!$F$2:$F$1781,"Engagement") | E78: =SUMIFS(FEA!$H$2:$H$1781,FEA!$B$2:$B$1781,$A78,FEA!$D$2:$D$1781,"foodwaste_visual",FEA!$F$2:$F$1781,"Engagement") | F78: =E78-D78
... A146: RESP0236 | B146: =INDEX(Session!$M$2:$M$261,MATCH($A146,Session!$A$2:$A$261,0)) | C146: =INDEX(Screening!$O$5:$O$182,MATCH($A146,Screening!$A$5:$A$182,0)) | D146: =SUMIFS(FEA!$H$2:$H$1781,FEA!$B$2:$B$1781,$A146,FEA!$D$2:$D$1781,"foodwaste_narrative",FEA!$F$2:$F$1781,"Engagement") | E146: =SUMIFS(FEA!$H$2:$H$1781,FEA!$B$2:$B$1781,$A146,FEA!$D$2:$D$1781,"foodwaste_visual",FEA!$F$2:$F$1781,"Engagement") | F146: =E146-D146

Sheet H3
A1: H3. Intention to reduce food waste (1 to 7) by order, kept respondents: the randomization check. SIMULATED data.
A2: Rows 5 to 73: Narrative first (Study flow 1); rows 74 to 146: Visual first (Study flow 2). Column C looks the answer up in the Survey sheet.
A4: Respondent Name | B4: Order | C4: Intention (1 to 7)
A5: RESP0002 | B5: =INDEX(Session!$M$2:$M$261,MATCH($A5,Session!$A$2:$A$261,0)) | C5: =INDEX(Survey!$E$2:$E$179,MATCH($A5,Survey!$B$2:$B$179,0)) | E5: Statistic | F5: Value | G5: Formula shown | H5: Note
A6: RESP0007 | B6: =INDEX(Session!$M$2:$M$261,MATCH($A6,Session!$A$2:$A$261,0)) | C6: =INDEX(Survey!$E$2:$E$179,MATCH($A6,Survey!$B$2:$B$179,0)) | E6: H3: intention, Narrative first versus Visual first (n = 69 and 73)
A7: RESP0009 | B7: =INDEX(Session!$M$2:$M$261,MATCH($A7,Session!$A$2:$A$261,0)) | C7: =INDEX(Survey!$E$2:$E$179,MATCH($A7,Survey!$B$2:$B$179,0)) | E7: Narrative first mean | F7: =AVERAGE(C5:C73) | G7: =AVERAGE(C5:C73)
A8: RESP0010 | B8: =INDEX(Session!$M$2:$M$261,MATCH($A8,Session!$A$2:$A$261,0)) | C8: =INDEX(Survey!$E$2:$E$179,MATCH($A8,Survey!$B$2:$B$179,0)) | E8: Narrative first SD | F8: =_xlfn.STDEV.S(C5:C73) | G8: =STDEV.S(C5:C73)
A9: RESP0015 | B9: =INDEX(Session!$M$2:$M$261,MATCH($A9,Session!$A$2:$A$261,0)) | C9: =INDEX(Survey!$E$2:$E$179,MATCH($A9,Survey!$B$2:$B$179,0)) | E9: Narrative first n | F9: =COUNT(C5:C73) | G9: =COUNT(C5:C73)
A10: RESP0019 | B10: =INDEX(Session!$M$2:$M$261,MATCH($A10,Session!$A$2:$A$261,0)) | C10: =INDEX(Survey!$E$2:$E$179,MATCH($A10,Survey!$B$2:$B$179,0)) | E10: Visual first mean | F10: =AVERAGE(C74:C146) | G10: =AVERAGE(C74:C146)
A11: RESP0020 | B11: =INDEX(Session!$M$2:$M$261,MATCH($A11,Session!$A$2:$A$261,0)) | C11: =INDEX(Survey!$E$2:$E$179,MATCH($A11,Survey!$B$2:$B$179,0)) | E11: Visual first SD | F11: =_xlfn.STDEV.S(C74:C146) | G11: =STDEV.S(C74:C146)
A12: RESP0022 | B12: =INDEX(Session!$M$2:$M$261,MATCH($A12,Session!$A$2:$A$261,0)) | C12: =INDEX(Survey!$E$2:$E$179,MATCH($A12,Survey!$B$2:$B$179,0)) | E12: Visual first n | F12: =COUNT(C74:C146) | G12: =COUNT(C74:C146)
A13: RESP0023 | B13: =INDEX(Session!$M$2:$M$261,MATCH($A13,Session!$A$2:$A$261,0)) | C13: =INDEX(Survey!$E$2:$E$179,MATCH($A13,Survey!$B$2:$B$179,0)) | E13: Difference, Narrative first minus Visual first | F13: =F7-F10 | G13: =F7-F10
A14: RESP0025 | B14: =INDEX(Session!$M$2:$M$261,MATCH($A14,Session!$A$2:$A$261,0)) | C14: =INDEX(Survey!$E$2:$E$179,MATCH($A14,Survey!$B$2:$B$179,0)) | E14: SE of the difference (Welch) | F14: =SQRT(F8^2/F9+F11^2/F12) | G14: =SQRT(F8^2/F9+F11^2/F12) | H14: each group keeps its own variance
A15: RESP0026 | B15: =INDEX(Session!$M$2:$M$261,MATCH($A15,Session!$A$2:$A$261,0)) | C15: =INDEX(Survey!$E$2:$E$179,MATCH($A15,Survey!$B$2:$B$179,0)) | E15: Welch t | F15: =F13/F14 | G15: =F13/F14
A16: RESP0035 | B16: =INDEX(Session!$M$2:$M$261,MATCH($A16,Session!$A$2:$A$261,0)) | C16: =INDEX(Survey!$E$2:$E$179,MATCH($A16,Survey!$B$2:$B$179,0)) | E16: Welch df | F16: =(F8^2/F9+F11^2/F12)^2/((F8^2/F9)^2/(F9-1)+(F11^2/F12)^2/(F12-1)) | G16: =(F8^2/F9+F11^2/F12)^2/((F8^2/F9)^2/(F9-1)+(F11^2/F12)^2/(F12-1)) | H16: Welch Satterthwaite formula; not a whole number
A17: RESP0036 | B17: =INDEX(Session!$M$2:$M$261,MATCH($A17,Session!$A$2:$A$261,0)) | C17: =INDEX(Survey!$E$2:$E$179,MATCH($A17,Survey!$B$2:$B$179,0)) | E17: p, two tailed (T.TEST type 3) | F17: =_xlfn.T.TEST(C5:C73,C74:C146,2,3) | G17: =T.TEST(C5:C73,C74:C146,2,3) | H17: type 3 = two groups, unequal variances (Welch)
A18: RESP0038 | B18: =INDEX(Session!$M$2:$M$261,MATCH($A18,Session!$A$2:$A$261,0)) | C18: =INDEX(Survey!$E$2:$E$179,MATCH($A18,Survey!$B$2:$B$179,0)) | E18: p from the hand computed t | F18: =_xlfn.T.DIST.2T(ABS(F15),F16) | G18: =T.DIST.2T(ABS(F15),F16) | H18: may round the df down to a whole number; report the T.TEST cell
A19: RESP0040 | B19: =INDEX(Session!$M$2:$M$261,MATCH($A19,Session!$A$2:$A$261,0)) | C19: =INDEX(Survey!$E$2:$E$179,MATCH($A19,Survey!$B$2:$B$179,0)) | E19: Critical t (95%) | F19: =_xlfn.T.INV.2T(0.05,F16) | G19: =T.INV.2T(0.05,F16) | H19: may also round the df down
A20: RESP0044 | B20: =INDEX(Session!$M$2:$M$261,MATCH($A20,Session!$A$2:$A$261,0)) | C20: =INDEX(Survey!$E$2:$E$179,MATCH($A20,Survey!$B$2:$B$179,0)) | E20: Difference 95% CI lower | F20: =F13-F19*F14 | G20: =F13-F19*F14
A21: RESP0047 | B21: =INDEX(Session!$M$2:$M$261,MATCH($A21,Session!$A$2:$A$261,0)) | C21: =INDEX(Survey!$E$2:$E$179,MATCH($A21,Survey!$B$2:$B$179,0)) | E21: Difference 95% CI upper | F21: =F13+F19*F14 | G21: =F13+F19*F14
A22: RESP0048 | B22: =INDEX(Session!$M$2:$M$261,MATCH($A22,Session!$A$2:$A$261,0)) | C22: =INDEX(Survey!$E$2:$E$179,MATCH($A22,Survey!$B$2:$B$179,0)) | E22: Pooled SD (for the effect size) | F22: =SQRT(((F9-1)*F8^2+(F12-1)*F11^2)/(F9+F12-2)) | G22: =SQRT(((F9-1)*F8^2+(F12-1)*F11^2)/(F9+F12-2))
A23: RESP0050 | B23: =INDEX(Session!$M$2:$M$261,MATCH($A23,Session!$A$2:$A$261,0)) | C23: =INDEX(Survey!$E$2:$E$179,MATCH($A23,Survey!$B$2:$B$179,0)) | E23: Cohen's d | F23: =F13/F22 | G23: =F13/F22 | H23: difference / pooled SD
A24: RESP0053 | B24: =INDEX(Session!$M$2:$M$261,MATCH($A24,Session!$A$2:$A$261,0)) | C24: =INDEX(Survey!$E$2:$E$179,MATCH($A24,Survey!$B$2:$B$179,0)) | E24: Small sample correction J | F24: =1-3/(4*(F9+F12)-9) | G24: =1-3/(4*(F9+F12)-9) | H24: Hedges' approximation
A25: RESP0059 | B25: =INDEX(Session!$M$2:$M$261,MATCH($A25,Session!$A$2:$A$261,0)) | C25: =INDEX(Survey!$E$2:$E$179,MATCH($A25,Survey!$B$2:$B$179,0)) | E25: Hedges' g | F25: =F24*F23 | G25: =F24*F23
A26: RESP0067 | B26: =INDEX(Session!$M$2:$M$261,MATCH($A26,Session!$A$2:$A$261,0)) | C26: =INDEX(Survey!$E$2:$E$179,MATCH($A26,Survey!$B$2:$B$179,0)) | E26: SE of g (approximation) | F26: =SQRT((F9+F12)/(F9*F12)+F25^2/(2*(F9+F12))) | G26: =SQRT((F9+F12)/(F9*F12)+F25^2/(2*(F9+F12)))
A27: RESP0069 | B27: =INDEX(Session!$M$2:$M$261,MATCH($A27,Session!$A$2:$A$261,0)) | C27: =INDEX(Survey!$E$2:$E$179,MATCH($A27,Survey!$B$2:$B$179,0)) | E27: g 95% CI lower (approximation) | F27: =F25-1.96*F26 | G27: =F25-1.96*F26 | H27: R also gives the exact noncentral t interval
A28: RESP0072 | B28: =INDEX(Session!$M$2:$M$261,MATCH($A28,Session!$A$2:$A$261,0)) | C28: =INDEX(Survey!$E$2:$E$179,MATCH($A28,Survey!$B$2:$B$179,0)) | E28: g 95% CI upper (approximation) | F28: =F25+1.96*F26 | G28: =F25+1.96*F26
A29: RESP0073 | B29: =INDEX(Session!$M$2:$M$261,MATCH($A29,Session!$A$2:$A$261,0)) | C29: =INDEX(Survey!$E$2:$E$179,MATCH($A29,Survey!$B$2:$B$179,0))
A30: RESP0079 | B30: =INDEX(Session!$M$2:$M$261,MATCH($A30,Session!$A$2:$A$261,0)) | C30: =INDEX(Survey!$E$2:$E$179,MATCH($A30,Survey!$B$2:$B$179,0)) | E30: Roster checks
A31: RESP0082 | B31: =INDEX(Session!$M$2:$M$261,MATCH($A31,Session!$A$2:$A$261,0)) | C31: =INDEX(Survey!$E$2:$E$179,MATCH($A31,Survey!$B$2:$B$179,0)) | E31: Visual first rows inside the Narrative first range (must be 0) | F31: =COUNTIF(B5:B73,"Visual first") | G31: =COUNTIF(B5:B73,"Visual first")
A32: RESP0088 | B32: =INDEX(Session!$M$2:$M$261,MATCH($A32,Session!$A$2:$A$261,0)) | C32: =INDEX(Survey!$E$2:$E$179,MATCH($A32,Survey!$B$2:$B$179,0)) | E32: Narrative first rows inside the Visual first range (must be 0) | F32: =COUNTIF(B74:B146,"Narrative first") | G32: =COUNTIF(B74:B146,"Narrative first")
A33: RESP0093 | B33: =INDEX(Session!$M$2:$M$261,MATCH($A33,Session!$A$2:$A$261,0)) | C33: =INDEX(Survey!$E$2:$E$179,MATCH($A33,Survey!$B$2:$B$179,0))
A34: RESP0095 | B34: =INDEX(Session!$M$2:$M$261,MATCH($A34,Session!$A$2:$A$261,0)) | C34: =INDEX(Survey!$E$2:$E$179,MATCH($A34,Survey!$B$2:$B$179,0))
A35: RESP0098 | B35: =INDEX(Session!$M$2:$M$261,MATCH($A35,Session!$A$2:$A$261,0)) | C35: =INDEX(Survey!$E$2:$E$179,MATCH($A35,Survey!$B$2:$B$179,0))
A36: RESP0102 | B36: =INDEX(Session!$M$2:$M$261,MATCH($A36,Session!$A$2:$A$261,0)) | C36: =INDEX(Survey!$E$2:$E$179,MATCH($A36,Survey!$B$2:$B$179,0))
A37: RESP0108 | B37: =INDEX(Session!$M$2:$M$261,MATCH($A37,Session!$A$2:$A$261,0)) | C37: =INDEX(Survey!$E$2:$E$179,MATCH($A37,Survey!$B$2:$B$179,0))
A38: RESP0109 | B38: =INDEX(Session!$M$2:$M$261,MATCH($A38,Session!$A$2:$A$261,0)) | C38: =INDEX(Survey!$E$2:$E$179,MATCH($A38,Survey!$B$2:$B$179,0))
A39: RESP0113 | B39: =INDEX(Session!$M$2:$M$261,MATCH($A39,Session!$A$2:$A$261,0)) | C39: =INDEX(Survey!$E$2:$E$179,MATCH($A39,Survey!$B$2:$B$179,0))
A40: RESP0114 | B40: =INDEX(Session!$M$2:$M$261,MATCH($A40,Session!$A$2:$A$261,0)) | C40: =INDEX(Survey!$E$2:$E$179,MATCH($A40,Survey!$B$2:$B$179,0))
A41: RESP0115 | B41: =INDEX(Session!$M$2:$M$261,MATCH($A41,Session!$A$2:$A$261,0)) | C41: =INDEX(Survey!$E$2:$E$179,MATCH($A41,Survey!$B$2:$B$179,0))
A42: RESP0122 | B42: =INDEX(Session!$M$2:$M$261,MATCH($A42,Session!$A$2:$A$261,0)) | C42: =INDEX(Survey!$E$2:$E$179,MATCH($A42,Survey!$B$2:$B$179,0))
A43: RESP0124 | B43: =INDEX(Session!$M$2:$M$261,MATCH($A43,Session!$A$2:$A$261,0)) | C43: =INDEX(Survey!$E$2:$E$179,MATCH($A43,Survey!$B$2:$B$179,0))
A44: RESP0141 | B44: =INDEX(Session!$M$2:$M$261,MATCH($A44,Session!$A$2:$A$261,0)) | C44: =INDEX(Survey!$E$2:$E$179,MATCH($A44,Survey!$B$2:$B$179,0))
... A146: RESP0256 | B146: =INDEX(Session!$M$2:$M$261,MATCH($A146,Session!$A$2:$A$261,0)) | C146: =INDEX(Survey!$E$2:$E$179,MATCH($A146,Survey!$B$2:$B$179,0))

Sheet Check
A1: Live Excel results next to the values analysis.R produced (SIMULATED data). Status is OK when they agree within the tolerance.
A3: Quantity | B3: Excel (live formula) | C3: analysis.R | D3: Difference | E3: Tolerance | F3: Status
A4: H1: m1 (m1) | B4: =H1!I7 | C4: 19.49 | D4: =B4-C4 | E4: 1e-06 | F4: =IF(ABS(D4)<=E4,"OK","CHECK")
A5: H1: m2 (m2) | B5: =H1!I9 | C5: 43.631268 | D5: =B5-C5 | E5: 1e-06 | F5: =IF(ABS(D5)<=E5,"OK","CHECK")
A6: H1: n (n) | B6: =H1!I11 | C6: 142 | D6: =B6-C6 | E6: 1e-09 | F6: =IF(ABS(D6)<=E6,"OK","CHECK")
A7: H1: mean_diff (md) | B7: =H1!I12 | C7: 24.141268 | D7: =B7-C7 | E7: 1e-06 | F7: =IF(ABS(D7)<=E7,"OK","CHECK")
A8: H1: sd_diff (sdd) | B8: =H1!I13 | C8: 28.833751 | D8: =B8-C8 | E8: 1e-06 | F8: =IF(ABS(D8)<=E8,"OK","CHECK")
A9: H1: statistic (t) | B9: =H1!I15 | C9: 9.977072 | D9: =B9-C9 | E9: 0.0001 | F9: =IF(ABS(D9)<=E9,"OK","CHECK")
A10: H1: df (df) | B10: =H1!I16 | C10: 141 | D10: =B10-C10 | E10: 1e-09 | F10: =IF(ABS(D10)<=E10,"OK","CHECK")
A11: H1: p (p_tt) | B11: =H1!I17 | C11: 4.5702842e-18 | D11: =B11-C11 | E11: 1e-09 | F11: =IF(ABS(D11)<=E11,"OK","CHECK")
A12: H1: p (p_hand) | B12: =H1!I18 | C12: 4.5702842e-18 | D12: =B12-C12 | E12: 1e-09 | F12: =IF(ABS(D12)<=E12,"OK","CHECK")
A13: H1: diff_ci_low (ci_lo) | B13: =H1!I20 | C13: 19.357737 | D13: =B13-C13 | E13: 1e-06 | F13: =IF(ABS(D13)<=E13,"OK","CHECK")
A14: H1: diff_ci_high (ci_hi) | B14: =H1!I21 | C14: 28.924799 | D14: =B14-C14 | E14: 1e-06 | F14: =IF(ABS(D14)<=E14,"OK","CHECK")
A15: H1: es (dz) | B15: =H1!I22 | C15: 0.83725728 | D15: =B15-C15 | E15: 1e-05 | F15: =IF(ABS(D15)<=E15,"OK","CHECK")
A16: H1: es_ci_low_approx (dz_lo) | B16: =H1!I24 | C16: 0.64611394 | D16: =B16-C16 | E16: 1e-05 | F16: =IF(ABS(D16)<=E16,"OK","CHECK")
A17: H1: es_ci_high_approx (dz_hi) | B17: =H1!I25 | C17: 1.0284006 | D17: =B17-C17 | E17: 1e-05 | F17: =IF(ABS(D17)<=E17,"OK","CHECK")
A18: H1: d_z exact CI lower (noncentral t in R) versus the approximation | B18: =H1!I24 | C18: 0.64487148 | D18: =B18-C18 | E18: 0.03 | F18: =IF(ABS(D18)<=E18,"OK","CHECK") | G18: method differs; looser tolerance
A19: H1: d_z exact CI upper (noncentral t in R) versus the approximation | B19: =H1!I25 | C19: 1.0274122 | D19: =B19-C19 | E19: 0.03 | F19: =IF(ABS(D19)<=E19,"OK","CHECK") | G19: method differs; looser tolerance
A20: S30_H1: m1 (m1) | B20: =H1!I38 | C20: 18.07536 | D20: =B20-C20 | E20: 1e-06 | F20: =IF(ABS(D20)<=E20,"OK","CHECK")
A21: S30_H1: m2 (m2) | B21: =H1!I40 | C21: 42.43048 | D21: =B21-C21 | E21: 1e-06 | F21: =IF(ABS(D21)<=E21,"OK","CHECK")
A22: S30_H1: n (n) | B22: =H1!I42 | C22: 125 | D22: =B22-C22 | E22: 1e-09 | F22: =IF(ABS(D22)<=E22,"OK","CHECK")
A23: S30_H1: mean_diff (md) | B23: =H1!I43 | C23: 24.35512 | D23: =B23-C23 | E23: 1e-06 | F23: =IF(ABS(D23)<=E23,"OK","CHECK")
A24: S30_H1: sd_diff (sdd) | B24: =H1!I44 | C24: 27.59009 | D24: =B24-C24 | E24: 1e-06 | F24: =IF(ABS(D24)<=E24,"OK","CHECK")
A25: S30_H1: statistic (t) | B25: =H1!I46 | C25: 9.8694322 | D25: =B25-C25 | E25: 0.0001 | F25: =IF(ABS(D25)<=E25,"OK","CHECK")
A26: S30_H1: df (df) | B26: =H1!I47 | C26: 124 | D26: =B26-C26 | E26: 1e-09 | F26: =IF(ABS(D26)<=E26,"OK","CHECK")
A27: S30_H1: p (p_tt) | B27: =H1!I48 | C27: 2.6230823e-17 | D27: =B27-C27 | E27: 1e-09 | F27: =IF(ABS(D27)<=E27,"OK","CHECK")
A28: S30_H1: p (p_hand) | B28: =H1!I49 | C28: 2.6230823e-17 | D28: =B28-C28 | E28: 1e-09 | F28: =IF(ABS(D28)<=E28,"OK","CHECK")
A29: S30_H1: diff_ci_low (ci_lo) | B29: =H1!I51 | C29: 19.470786 | D29: =B29-C29 | E29: 1e-06 | F29: =IF(ABS(D29)<=E29,"OK","CHECK")
A30: S30_H1: diff_ci_high (ci_hi) | B30: =H1!I52 | C30: 29.239454 | D30: =B30-C30 | E30: 1e-06 | F30: =IF(ABS(D30)<=E30,"OK","CHECK")
A31: S30_H1: es (dz) | B31: =H1!I53 | C31: 0.88274885 | D31: =B31-C31 | E31: 1e-05 | F31: =IF(ABS(D31)<=E31,"OK","CHECK")
A32: S30_H1: es_ci_low_approx (dz_lo) | B32: =H1!I55 | C32: 0.67609213 | D32: =B32-C32 | E32: 1e-05 | F32: =IF(ABS(D32)<=E32,"OK","CHECK")
A33: S30_H1: es_ci_high_approx (dz_hi) | B33: =H1!I56 | C33: 1.0894056 | D33: =B33-C33 | E33: 1e-05 | F33: =IF(ABS(D33)<=E33,"OK","CHECK")
A34: S30_H1: d_z exact CI lower (noncentral t in R) versus the approximation | B34: =H1!I55 | C34: 0.67462168 | D34: =B34-C34 | E34: 0.03 | F34: =IF(ABS(D34)<=E34,"OK","CHECK") | G34: method differs; looser tolerance
A35: S30_H1: d_z exact CI upper (noncentral t in R) versus the approximation | B35: =H1!I56 | C35: 1.0882736 | D35: =B35-C35 | E35: 0.03 | F35: =IF(ABS(D35)<=E35,"OK","CHECK") | G35: method differs; looser tolerance
A36: H3: m1 (m1) | B36: =H3!F7 | C36: 5.0434783 | D36: =B36-C36 | E36: 1e-06 | F36: =IF(ABS(D36)<=E36,"OK","CHECK")
A37: H3: m2 (m2) | B37: =H3!F10 | C37: 5.3424658 | D37: =B37-C37 | E37: 1e-06 | F37: =IF(ABS(D37)<=E37,"OK","CHECK")
A38: H3: n1 (n1) | B38: =H3!F9 | C38: 69 | D38: =B38-C38 | E38: 1e-09 | F38: =IF(ABS(D38)<=E38,"OK","CHECK")
A39: H3: n2 (n2) | B39: =H3!F12 | C39: 73 | D39: =B39-C39 | E39: 1e-09 | F39: =IF(ABS(D39)<=E39,"OK","CHECK")
A40: H3: mean_diff (diff) | B40: =H3!F13 | C40: -0.29898749 | D40: =B40-C40 | E40: 1e-06 | F40: =IF(ABS(D40)<=E40,"OK","CHECK")
A41: H3: statistic (t) | B41: =H3!F15 | C41: -1.3748858 | D41: =B41-C41 | E41: 0.0001 | F41: =IF(ABS(D41)<=E41,"OK","CHECK")
A42: H3: df (df) | B42: =H3!F16 | C42: 135.96835 | D42: =B42-C42 | E42: 0.0001 | F42: =IF(ABS(D42)<=E42,"OK","CHECK")
A43: H3: p (p_tt) | B43: =H3!F17 | C43: 0.17142828 | D43: =B43-C43 | E43: 1e-06 | F43: =IF(ABS(D43)<=E43,"OK","CHECK")
A44: H3: diff_ci_low (ci_lo) | B44: =H3!F20 | C44: -0.7290357 | D44: =B44-C44 | E44: 0.0005 | F44: =IF(ABS(D44)<=E44,"OK","CHECK") | G44: Welch CI: the spreadsheet critical t may use a whole number df
A45: H3: diff_ci_high (ci_hi) | B45: =H3!F21 | C45: 0.13106071 | D45: =B45-C45 | E45: 0.0005 | F45: =IF(ABS(D45)<=E45,"OK","CHECK") | G45: Welch CI: the spreadsheet critical t may use a whole number df
A46: H3: sd_pooled (sp) | B46: =H3!F22 | C46: 1.2909241 | D46: =B46-C46 | E46: 1e-06 | F46: =IF(ABS(D46)<=E46,"OK","CHECK")
A47: H3: es (d) | B47: =H3!F23 | C47: -0.23160733 | D47: =B47-C47 | E47: 1e-05 | F47: =IF(ABS(D47)<=E47,"OK","CHECK")
A48: H3: g (g) | B48: =H3!F25 | C48: -0.23036436 | D48: =B48-C48 | E48: 1e-05 | F48: =IF(ABS(D48)<=E48,"OK","CHECK")
A49: H3: g_ci_low_approx (g_lo) | B49: =H3!F27 | C49: -0.56054287 | D49: =B49-C49 | E49: 1e-05 | F49: =IF(ABS(D49)<=E49,"OK","CHECK")
A50: H3: g_ci_high_approx (g_hi) | B50: =H3!F28 | C50: 0.099814164 | D50: =B50-C50 | E50: 1e-05 | F50: =IF(ABS(D50)<=E50,"OK","CHECK")
A51: DRIFT_ALL: m1 (m1) | B51: =Screening!S28 | C51: 1.7060112 | D51: =B51-C51 | E51: 1e-06 | F51: =IF(ABS(D51)<=E51,"OK","CHECK")
A52: DRIFT_ALL: m2 (m2) | B52: =Screening!S30 | C52: 2.4238202 | D52: =B52-C52 | E52: 1e-06 | F52: =IF(ABS(D52)<=E52,"OK","CHECK")
A53: DRIFT_ALL: n (n) | B53: =Screening!S32 | C53: 178 | D53: =B53-C53 | E53: 1e-09 | F53: =IF(ABS(D53)<=E53,"OK","CHECK")
A54: DRIFT_ALL: mean_diff (md) | B54: =Screening!S33 | C54: 0.71780899 | D54: =B54-C54 | E54: 1e-06 | F54: =IF(ABS(D54)<=E54,"OK","CHECK")
A55: DRIFT_ALL: sd_diff (sdd) | B55: =Screening!S34 | C55: 0.50271717 | D55: =B55-C55 | E55: 1e-06 | F55: =IF(ABS(D55)<=E55,"OK","CHECK")
A56: DRIFT_ALL: statistic (t) | B56: =Screening!S36 | C56: 19.050009 | D56: =B56-C56 | E56: 0.0001 | F56: =IF(ABS(D56)<=E56,"OK","CHECK")
A57: DRIFT_ALL: df (df) | B57: =Screening!S37 | C57: 177 | D57: =B57-C57 | E57: 1e-09 | F57: =IF(ABS(D57)<=E57,"OK","CHECK")
A58: DRIFT_ALL: p (p_tt) | B58: =Screening!S38 | C58: 9.9570419e-45 | D58: =B58-C58 | E58: 1e-09 | F58: =IF(ABS(D58)<=E58,"OK","CHECK")
A59: DRIFT_ALL: p (p_hand) | B59: =Screening!S39 | C59: 9.9570419e-45 | D59: =B59-C59 | E59: 1e-09 | F59: =IF(ABS(D59)<=E59,"OK","CHECK")
A60: DRIFT_ALL: diff_ci_low (ci_lo) | B60: =Screening!S41 | C60: 0.64344864 | D60: =B60-C60 | E60: 1e-06 | F60: =IF(ABS(D60)<=E60,"OK","CHECK")
A61: DRIFT_ALL: diff_ci_high (ci_hi) | B61: =Screening!S42 | C61: 0.79216934 | D61: =B61-C61 | E61: 1e-06 | F61: =IF(ABS(D61)<=E61,"OK","CHECK")
A62: DRIFT_ALL: es (dz) | B62: =Screening!S43 | C62: 1.4278585 | D62: =B62-C62 | E62: 1e-05 | F62: =IF(ABS(D62)<=E62,"OK","CHECK")
A63: DRIFT_ALL: es_ci_low_approx (dz_lo) | B63: =Screening!S45 | C63: 1.2190942 | D63: =B63-C63 | E63: 1e-05 | F63: =IF(ABS(D63)<=E63,"OK","CHECK")
A64: DRIFT_ALL: es_ci_high_approx (dz_hi) | B64: =Screening!S46 | C64: 1.6366228 | D64: =B64-C64 | E64: 1e-05 | F64: =IF(ABS(D64)<=E64,"OK","CHECK")
A65: DRIFT_ALL: d_z exact CI lower (noncentral t in R) versus the approximation | B65: =Screening!S45 | C65: 1.2178353 | D65: =B65-C65 | E65: 0.03 | F65: =IF(ABS(D65)<=E65,"OK","CHECK") | G65: method differs; looser tolerance
A66: DRIFT_ALL: d_z exact CI upper (noncentral t in R) versus the approximation | B66: =Screening!S46 | C66: 1.6357898 | D66: =B66-C66 | E66: 0.03 | F66: =IF(ABS(D66)<=E66,"OK","CHECK") | G66: method differs; looser tolerance
A67: ATTRITION_ALL: statistic (x2) | B67: =Funnel!L23 | C67: 0.038892567 | D67: =B67-C67 | E67: 1e-06 | F67: =IF(ABS(D67)<=E67,"OK","CHECK")
A68: ATTRITION_ALL: p (p) | B68: =Funnel!L25 | C68: 0.84366165 | D68: =B68-C68 | E68: 1e-06 | F68: =IF(ABS(D68)<=E68,"OK","CHECK")
A69: ATTRITION_ALL: p (p_ct) | B69: =Funnel!L26 | C69: 0.84366165 | D69: =B69-C69 | E69: 1e-06 | F69: =IF(ABS(D69)<=E69,"OK","CHECK")
A70: ATTRITION_ALL: es (phi) | B70: =Funnel!L27 | C70: 0.012230568 | D70: =B70-C70 | E70: 1e-06 | F70: =IF(ABS(D70)<=E70,"OK","CHECK")
A71: ATTRITION_STIMULI: statistic (x2) | B71: =Funnel!L38 | C71: 0.18414456 | D71: =B71-C71 | E71: 1e-06 | F71: =IF(ABS(D71)<=E71,"OK","CHECK")
A72: ATTRITION_STIMULI: p (p) | B72: =Funnel!L39 | C72: 0.6678354 | D72: =B72-C72 | E72: 1e-06 | F72: =IF(ABS(D72)<=E72,"OK","CHECK")
A73: Funnel Entered STEP 1 Testing upload | B73: =Funnel!C5 | C73: 260 | D73: =B73-C73 | E73: 1e-09 | F73: =IF(ABS(D73)<=E73,"OK","CHECK") | G73: from SIMULATED_descriptives.csv or counted by this script
A74: Funnel Stopped at STEP 1 Testing upload | B74: =Funnel!D5 | C74: 2 | D74: =B74-C74 | E74: 1e-09 | F74: =IF(ABS(D74)<=E74,"OK","CHECK") | G74: from SIMULATED_descriptives.csv or counted by this script
A75: Funnel Percent of opened | B75: =Funnel!F5 | C75: 100 | D75: =B75-C75 | E75: 0.05 | F75: =IF(ABS(D75)<=E75,"OK","CHECK") | G75: from SIMULATED_descriptives.csv or counted by this script
A76: Funnel Entered STEP 2 Consent screen | B76: =Funnel!C6 | C76: 258 | D76: =B76-C76 | E76: 1e-09 | F76: =IF(ABS(D76)<=E76,"OK","CHECK") | G76: from SIMULATED_descriptives.csv or counted by this script
A77: Funnel Stopped at STEP 2 Consent screen | B77: =Funnel!D6 | C77: 14 | D77: =B77-C77 | E77: 1e-09 | F77: =IF(ABS(D77)<=E77,"OK","CHECK") | G77: from SIMULATED_descriptives.csv or counted by this script
A78: Funnel Percent of opened | B78: =Funnel!F6 | C78: 99.230769 | D78: =B78-C78 | E78: 0.05 | F78: =IF(ABS(D78)<=E78,"OK","CHECK") | G78: from SIMULATED_descriptives.csv or counted by this script
A79: Funnel Entered STEP 3 Screen recording setup | B79: =Funnel!C7 | C79: 244 | D79: =B79-C79 | E79: 1e-09 | F79: =IF(ABS(D79)<=E79,"OK","CHECK") | G79: from SIMULATED_descriptives.csv or counted by this script
A80: Funnel Stopped at STEP 3 Screen recording setup | B80: =Funnel!D7 | C80: 0 | D80: =B80-C80 | E80: 1e-09 | F80: =IF(ABS(D80)<=E80,"OK","CHECK") | G80: from SIMULATED_descriptives.csv or counted by this script
A81: Funnel Percent of opened | B81: =Funnel!F7 | C81: 93.846154 | D81: =B81-C81 | E81: 0.05 | F81: =IF(ABS(D81)<=E81,"OK","CHECK") | G81: from SIMULATED_descriptives.csv or counted by this script
A82: Funnel Entered STEP 4 Respondent camera setup | B82: =Funnel!C8 | C82: 244 | D82: =B82-C82 | E82: 1e-09 | F82: =IF(ABS(D82)<=E82,"OK","CHECK") | G82: from SIMULATED_descriptives.csv or counted by this script
A83: Funnel Stopped at STEP 4 Respondent camera setup | B83: =Funnel!D8 | C83: 12 | D83: =B83-C83 | E83: 1e-09 | F83: =IF(ABS(D83)<=E83,"OK","CHECK") | G83: from SIMULATED_descriptives.csv or counted by this script
A84: Funnel Percent of opened | B84: =Funnel!F8 | C84: 93.846154 | D84: =B84-C84 | E84: 0.05 | F84: =IF(ABS(D84)<=E84,"OK","CHECK") | G84: from SIMULATED_descriptives.csv or counted by this script
A85: Funnel Entered STEP 5 Screen size | B85: =Funnel!C9 | C85: 232 | D85: =B85-C85 | E85: 1e-09 | F85: =IF(ABS(D85)<=E85,"OK","CHECK") | G85: from SIMULATED_descriptives.csv or counted by this script
A86: Funnel Stopped at STEP 5 Screen size | B86: =Funnel!D9 | C86: 36 | D86: =B86-C86 | E86: 1e-09 | F86: =IF(ABS(D86)<=E86,"OK","CHECK") | G86: from SIMULATED_descriptives.csv or counted by this script
A87: Funnel Percent of opened | B87: =Funnel!F9 | C87: 89.230769 | D87: =B87-C87 | E87: 0.05 | F87: =IF(ABS(D87)<=E87,"OK","CHECK") | G87: from SIMULATED_descriptives.csv or counted by this script
A88: Funnel Entered STEP 6 Enter fullscreen | B88: =Funnel!C10 | C88: 196 | D88: =B88-C88 | E88: 1e-09 | F88: =IF(ABS(D88)<=E88,"OK","CHECK") | G88: from SIMULATED_descriptives.csv or counted by this script
A89: Funnel Stopped at STEP 6 Enter fullscreen | B89: =Funnel!D10 | C89: 3 | D89: =B89-C89 | E89: 1e-09 | F89: =IF(ABS(D89)<=E89,"OK","CHECK") | G89: from SIMULATED_descriptives.csv or counted by this script
A90: Funnel Percent of opened | B90: =Funnel!F10 | C90: 75.384615 | D90: =B90-C90 | E90: 0.05 | F90: =IF(ABS(D90)<=E90,"OK","CHECK") | G90: from SIMULATED_descriptives.csv or counted by this script
A91: Funnel Entered STEP 7 Prepare positioning | B91: =Funnel!C11 | C91: 193 | D91: =B91-C91 | E91: 1e-09 | F91: =IF(ABS(D91)<=E91,"OK","CHECK") | G91: from SIMULATED_descriptives.csv or counted by this script
A92: Funnel Stopped at STEP 7 Prepare positioning | B92: =Funnel!D11 | C92: 2 | D92: =B92-C92 | E92: 1e-09 | F92: =IF(ABS(D92)<=E92,"OK","CHECK") | G92: from SIMULATED_descriptives.csv or counted by this script
A93: Funnel Percent of opened | B93: =Funnel!F11 | C93: 74.230769 | D93: =B93-C93 | E93: 0.05 | F93: =IF(ABS(D93)<=E93,"OK","CHECK") | G93: from SIMULATED_descriptives.csv or counted by this script
A94: Funnel Entered STEP 8 Positioning check | B94: =Funnel!C12 | C94: 191 | D94: =B94-C94 | E94: 1e-09 | F94: =IF(ABS(D94)<=E94,"OK","CHECK") | G94: from SIMULATED_descriptives.csv or counted by this script
A95: Funnel Stopped at STEP 8 Positioning check | B95: =Funnel!D12 | C95: 6 | D95: =B95-C95 | E95: 1e-09 | F95: =IF(ABS(D95)<=E95,"OK","CHECK") | G95: from SIMULATED_descriptives.csv or counted by this script
A96: Funnel Percent of opened | B96: =Funnel!F12 | C96: 73.461538 | D96: =B96-C96 | E96: 0.05 | F96: =IF(ABS(D96)<=E96,"OK","CHECK") | G96: from SIMULATED_descriptives.csv or counted by this script
A97: Funnel Entered STEP 9 Stimuli presentation* | B97: =Funnel!C13 | C97: 185 | D97: =B97-C97 | E97: 1e-09 | F97: =IF(ABS(D97)<=E97,"OK","CHECK") | G97: from SIMULATED_descriptives.csv or counted by this script
A98: Funnel Stopped at STEP 9 Stimuli presentation* | B98: =Funnel!D13 | C98: 4 | D98: =B98-C98 | E98: 1e-09 | F98: =IF(ABS(D98)<=E98,"OK","CHECK") | G98: from SIMULATED_descriptives.csv or counted by this script
A99: Funnel Percent of opened | B99: =Funnel!F13 | C99: 71.153846 | D99: =B99-C99 | E99: 0.05 | F99: =IF(ABS(D99)<=E99,"OK","CHECK") | G99: from SIMULATED_descriptives.csv or counted by this script
A100: Funnel Entered STEP 10 Study data upload | B100: =Funnel!C14 | C100: 181 | D100: =B100-C100 | E100: 1e-09 | F100: =IF(ABS(D100)<=E100,"OK","CHECK") | G100: from SIMULATED_descriptives.csv or counted by this script
A101: Funnel Stopped at STEP 10 Study data upload | B101: =Funnel!D14 | C101: 3 | D101: =B101-C101 | E101: 1e-09 | F101: =IF(ABS(D101)<=E101,"OK","CHECK") | G101: from SIMULATED_descriptives.csv or counted by this script
...
