Workbook

Sheet README
A1: SIMULATED GSR and heart rate workbook (teaching material)
A3: Every number in this workbook is SIMULATED. It was generated by make_simulated_data.py (seed 20278504) to
A4: resemble a two commercial arousal test in the style of the lab's own library studies Nike Campaign Ad Evaluation and
A5: e.l.f. Campaign Ad Evaluation: a 60 s Baseline, the commercial (Nike 60 s, e.l.f. 30 s), a 15 s Recovery, and a short
A6: questionnaire, recorded with two Shimmer3 GSR+ units (GSR plus PPG heart rate). No real person was recorded.
A8: Sheets:
A9: Data GSR Peak Metrics export as exported (columns A to O, rows 2 to 181). Columns P to T hold the Device,
A10: Signal-to-Noise ratio, Signal missing, mean PPG heart rate, and self reported arousal matched to each row (pasted values).
A11: Helper columns U to AA are live formulas: Phase, Brand, Position (first or second sequence), Keep (exclusion rule),
A12: Nonresponder (Has Peaks = 0 in at least 4 of 6 stimuli), PPM_recalc, PPM_if_Duration.
A13: Summary Mean, SD, n by stimulus (COUNTIFS, AVERAGEIFS, STDEV.S(IF(...))), the Signal Duration check, the device check.
A14: H1 Arousal response. Paired t tests of each commercial against its own baseline (Peaks Per Minute), the sensitivity analysis
... A30: analysis_output.txt (its console output), results_text.md (model paragraphs).

Sheet Data
A1: Study Name | B1: Respondent Name | C1: Gender | D1: Age | E1: Group | F1: Type | G1: Label | H1: Start (ms) | I1: Duration (ms) | J1: Signal Duration (ms) | K1: Parent Stimulus | L1: Has Peaks | M1: Peak Count | N1: Peaks Per Minute | O1: Average Peak Amplitude (microSiemens) | P1: Device | Q1: Signal-to-Noise ratio (dB) | R1: Signal missing (%) | S1: Mean PPG Heart Rate (BPM) | T1: Arousal_1to9 (survey) | U1: Phase | V1: Brand | W1: Position | X1: Keep | Y1: Nonresponder | Z1: PPM_recalc | AA1: PPM_if_Duration
A2: SIMULATED_Arousal_Nike_vs_elf | B2: P01 | C2: M | D2: 35 | E2: B | F2: Stimulus | G2: Baseline_Nike | H2: 303859 | I2: 60000 | J2: 60000 | K2: Baseline_Nike | L2: 1 | M2: 3 | N2: 3 | O2: 0.2683 | P2: Shimmer3-8956 | Q2: 23.3 | R2: 0 | S2: 81.6 | T2: NA | U2: =IF(LEFT(G2,8)="Baseline","Baseline",IF(LEFT(G2,8)="Recovery","Recovery","Commercial")) | V2: =IF(ISNUMBER(SEARCH("Nike",G2)),"Nike","elf") | W2: =IF(OR(AND(E2="A",V2="Nike"),AND(E2="B",V2="elf")),"first","second") | X2: =IF(COUNTIFS(Data!$B$2:$B$181,B2,Data!$U$2:$U$181,"Commercial",Data!$Q$2:$Q$181,"<0")+COUNTIFS(Data!$B$2:$B$181,B2,Data!$U$2:$U$181,"Commercial",Data!$R$2:$R$181,">20")>0,"No","Yes") | Y2: =IF(COUNTIFS(Data!$B$2:$B$181,B2,Data!$L$2:$L$181,0)>=4,1,0) | Z2: =M2/(J2/60000) | AA2: =M2/(I2/60000)
A3: SIMULATED_Arousal_Nike_vs_elf | B3: P01 | C3: M | D3: 35 | E3: B | F3: Stimulus | G3: Nike_Commercial | H3: 363859 | I3: 60000 | J3: 60000 | K3: Nike_Commercial | L3: 1 | M3: 7 | N3: 7 | O3: 0.5089 | P3: Shimmer3-8956 | Q3: 20.8 | R3: 0 | S3: 82.1 | T3: 5 | U3: =IF(LEFT(G3,8)="Baseline","Baseline",IF(LEFT(G3,8)="Recovery","Recovery","Commercial")) | V3: =IF(ISNUMBER(SEARCH("Nike",G3)),"Nike","elf") | W3: =IF(OR(AND(E3="A",V3="Nike"),AND(E3="B",V3="elf")),"first","second") | X3: =IF(COUNTIFS(Data!$B$2:$B$181,B3,Data!$U$2:$U$181,"Commercial",Data!$Q$2:$Q$181,"<0")+COUNTIFS(Data!$B$2:$B$181,B3,Data!$U$2:$U$181,"Commercial",Data!$R$2:$R$181,">20")>0,"No","Yes") | Y3: =IF(COUNTIFS(Data!$B$2:$B$181,B3,Data!$L$2:$L$181,0)>=4,1,0) | Z3: =M3/(J3/60000) | AA3: =M3/(I3/60000)
A4: SIMULATED_Arousal_Nike_vs_elf | B4: P01 | C4: M | D4: 35 | E4: B | F4: Stimulus | G4: Recovery_Nike | H4: 423859 | I4: 15000 | J4: 15000 | K4: Recovery_Nike | L4: 0 | M4: 0 | N4: 0 | O4: NA | P4: Shimmer3-8956 | Q4: 22.2 | R4: 0 | S4: 84.3 | T4: NA | U4: =IF(LEFT(G4,8)="Baseline","Baseline",IF(LEFT(G4,8)="Recovery","Recovery","Commercial")) | V4: =IF(ISNUMBER(SEARCH("Nike",G4)),"Nike","elf") | W4: =IF(OR(AND(E4="A",V4="Nike"),AND(E4="B",V4="elf")),"first","second") | X4: =IF(COUNTIFS(Data!$B$2:$B$181,B4,Data!$U$2:$U$181,"Commercial",Data!$Q$2:$Q$181,"<0")+COUNTIFS(Data!$B$2:$B$181,B4,Data!$U$2:$U$181,"Commercial",Data!$R$2:$R$181,">20")>0,"No","Yes") | Y4: =IF(COUNTIFS(Data!$B$2:$B$181,B4,Data!$L$2:$L$181,0)>=4,1,0) | Z4: =M4/(J4/60000) | AA4: =M4/(I4/60000)
A5: SIMULATED_Arousal_Nike_vs_elf | B5: P01 | C5: M | D5: 35 | E5: B | F5: Stimulus | G5: Baseline_elf | H5: 36744 | I5: 60000 | J5: 60000 | K5: Baseline_elf | L5: 0 | M5: 0 | N5: 0 | O5: NA | P5: Shimmer3-8956 | Q5: 23 | R5: 2.6 | S5: 82.7 | T5: NA | U5: =IF(LEFT(G5,8)="Baseline","Baseline",IF(LEFT(G5,8)="Recovery","Recovery","Commercial")) | V5: =IF(ISNUMBER(SEARCH("Nike",G5)),"Nike","elf") | W5: =IF(OR(AND(E5="A",V5="Nike"),AND(E5="B",V5="elf")),"first","second") | X5: =IF(COUNTIFS(Data!$B$2:$B$181,B5,Data!$U$2:$U$181,"Commercial",Data!$Q$2:$Q$181,"<0")+COUNTIFS(Data!$B$2:$B$181,B5,Data!$U$2:$U$181,"Commercial",Data!$R$2:$R$181,">20")>0,"No","Yes") | Y5: =IF(COUNTIFS(Data!$B$2:$B$181,B5,Data!$L$2:$L$181,0)>=4,1,0) | Z5: =M5/(J5/60000) | AA5: =M5/(I5/60000)
A6: SIMULATED_Arousal_Nike_vs_elf | B6: P01 | C6: M | D6: 35 | E6: B | F6: Stimulus | G6: elf_Commercial | H6: 96744 | I6: 30000 | J6: 30000 | K6: elf_Commercial | L6: 1 | M6: 1 | N6: 2 | O6: 0.4461 | P6: Shimmer3-8956 | Q6: 19.5 | R6: 0 | S6: 79.7 | T6: 3 | U6: =IF(LEFT(G6,8)="Baseline","Baseline",IF(LEFT(G6,8)="Recovery","Recovery","Commercial")) | V6: =IF(ISNUMBER(SEARCH("Nike",G6)),"Nike","elf") | W6: =IF(OR(AND(E6="A",V6="Nike"),AND(E6="B",V6="elf")),"first","second") | X6: =IF(COUNTIFS(Data!$B$2:$B$181,B6,Data!$U$2:$U$181,"Commercial",Data!$Q$2:$Q$181,"<0")+COUNTIFS(Data!$B$2:$B$181,B6,Data!$U$2:$U$181,"Commercial",Data!$R$2:$R$181,">20")>0,"No","Yes") | Y6: =IF(COUNTIFS(Data!$B$2:$B$181,B6,Data!$L$2:$L$181,0)>=4,1,0) | Z6: =M6/(J6/60000) | AA6: =M6/(I6/60000)
A7: SIMULATED_Arousal_Nike_vs_elf | B7: P01 | C7: M | D7: 35 | E7: B | F7: Stimulus | G7: Recovery_elf | H7: 126744 | I7: 15000 | J7: 15000 | K7: Recovery_elf | L7: 0 | M7: 0 | N7: 0 | O7: NA | P7: Shimmer3-8956 | Q7: 20.7 | R7: 3.7 | S7: 81.2 | T7: NA | U7: =IF(LEFT(G7,8)="Baseline","Baseline",IF(LEFT(G7,8)="Recovery","Recovery","Commercial")) | V7: =IF(ISNUMBER(SEARCH("Nike",G7)),"Nike","elf") | W7: =IF(OR(AND(E7="A",V7="Nike"),AND(E7="B",V7="elf")),"first","second") | X7: =IF(COUNTIFS(Data!$B$2:$B$181,B7,Data!$U$2:$U$181,"Commercial",Data!$Q$2:$Q$181,"<0")+COUNTIFS(Data!$B$2:$B$181,B7,Data!$U$2:$U$181,"Commercial",Data!$R$2:$R$181,">20")>0,"No","Yes") | Y7: =IF(COUNTIFS(Data!$B$2:$B$181,B7,Data!$L$2:$L$181,0)>=4,1,0) | Z7: =M7/(J7/60000) | AA7: =M7/(I7/60000)
A8: SIMULATED_Arousal_Nike_vs_elf | B8: P02 | C8: F | D8: 22 | E8: A | F8: Stimulus | G8: Baseline_Nike | H8: 37605 | I8: 60000 | J8: 54900 | K8: Baseline_Nike | L8: 1 | M8: 3 | N8: 3.279 | O8: 0.1754 | P8: Shimmer3-B | Q8: 21.7 | R8: 8.5 | S8: 74.6 | T8: NA | U8: =IF(LEFT(G8,8)="Baseline","Baseline",IF(LEFT(G8,8)="Recovery","Recovery","Commercial")) | V8: =IF(ISNUMBER(SEARCH("Nike",G8)),"Nike","elf") | W8: =IF(OR(AND(E8="A",V8="Nike"),AND(E8="B",V8="elf")),"first","second") | X8: =IF(COUNTIFS(Data!$B$2:$B$181,B8,Data!$U$2:$U$181,"Commercial",Data!$Q$2:$Q$181,"<0")+COUNTIFS(Data!$B$2:$B$181,B8,Data!$U$2:$U$181,"Commercial",Data!$R$2:$R$181,">20")>0,"No","Yes") | Y8: =IF(COUNTIFS(Data!$B$2:$B$181,B8,Data!$L$2:$L$181,0)>=4,1,0) | Z8: =M8/(J8/60000) | AA8: =M8/(I8/60000)
A9: SIMULATED_Arousal_Nike_vs_elf | B9: P02 | C9: F | D9: 22 | E9: A | F9: Stimulus | G9: Nike_Commercial | H9: 97605 | I9: 60000 | J9: 60000 | K9: Nike_Commercial | L9: 1 | M9: 3 | N9: 3 | O9: 0.2869 | P9: Shimmer3-B | Q9: 21.3 | R9: 0 | S9: 73.5 | T9: 5 | U9: =IF(LEFT(G9,8)="Baseline","Baseline",IF(LEFT(G9,8)="Recovery","Recovery","Commercial")) | V9: =IF(ISNUMBER(SEARCH("Nike",G9)),"Nike","elf") | W9: =IF(OR(AND(E9="A",V9="Nike"),AND(E9="B",V9="elf")),"first","second") | X9: =IF(COUNTIFS(Data!$B$2:$B$181,B9,Data!$U$2:$U$181,"Commercial",Data!$Q$2:$Q$181,"<0")+COUNTIFS(Data!$B$2:$B$181,B9,Data!$U$2:$U$181,"Commercial",Data!$R$2:$R$181,">20")>0,"No","Yes") | Y9: =IF(COUNTIFS(Data!$B$2:$B$181,B9,Data!$L$2:$L$181,0)>=4,1,0) | Z9: =M9/(J9/60000) | AA9: =M9/(I9/60000)
A10: SIMULATED_Arousal_Nike_vs_elf | B10: P02 | C10: F | D10: 22 | E10: A | F10: Stimulus | G10: Recovery_Nike | H10: 157605 | I10: 15000 | J10: 15000 | K10: Recovery_Nike | L10: 1 | M10: 1 | N10: 4 | O10: 0.1389 | P10: Shimmer3-B | Q10: 26.1 | R10: 0 | S10: 74.4 | T10: NA | U10: =IF(LEFT(G10,8)="Baseline","Baseline",IF(LEFT(G10,8)="Recovery","Recovery","Commercial")) | V10: =IF(ISNUMBER(SEARCH("Nike",G10)),"Nike","elf") | W10: =IF(OR(AND(E10="A",V10="Nike"),AND(E10="B",V10="elf")),"first","second") | X10: =IF(COUNTIFS(Data!$B$2:$B$181,B10,Data!$U$2:$U$181,"Commercial",Data!$Q$2:$Q$181,"<0")+COUNTIFS(Data!$B$2:$B$181,B10,Data!$U$2:$U$181,"Commercial",Data!$R$2:$R$181,">20")>0,"No","Yes") | Y10: =IF(COUNTIFS(Data!$B$2:$B$181,B10,Data!$L$2:$L$181,0)>=4,1,0) | Z10: =M10/(J10/60000) | AA10: =M10/(I10/60000)
A11: SIMULATED_Arousal_Nike_vs_elf | B11: P02 | C11: F | D11: 22 | E11: A | F11: Stimulus | G11: Baseline_elf | H11: 345129 | I11: 60000 | J11: 60000 | K11: Baseline_elf | L11: 1 | M11: 2 | N11: 2 | O11: 0.1886 | P11: Shimmer3-B | Q11: 20.9 | R11: 0 | S11: 73.5 | T11: NA | U11: =IF(LEFT(G11,8)="Baseline","Baseline",IF(LEFT(G11,8)="Recovery","Recovery","Commercial")) | V11: =IF(ISNUMBER(SEARCH("Nike",G11)),"Nike","elf") | W11: =IF(OR(AND(E11="A",V11="Nike"),AND(E11="B",V11="elf")),"first","second") | X11: =IF(COUNTIFS(Data!$B$2:$B$181,B11,Data!$U$2:$U$181,"Commercial",Data!$Q$2:$Q$181,"<0")+COUNTIFS(Data!$B$2:$B$181,B11,Data!$U$2:$U$181,"Commercial",Data!$R$2:$R$181,">20")>0,"No","Yes") | Y11: =IF(COUNTIFS(Data!$B$2:$B$181,B11,Data!$L$2:$L$181,0)>=4,1,0) | Z11: =M11/(J11/60000) | AA11: =M11/(I11/60000)
A12: SIMULATED_Arousal_Nike_vs_elf | B12: P02 | C12: F | D12: 22 | E12: A | F12: Stimulus | G12: elf_Commercial | H12: 405129 | I12: 30000 | J12: 30000 | K12: elf_Commercial | L12: 1 | M12: 2 | N12: 4 | O12: 0.2249 | P12: Shimmer3-B | Q12: 22.2 | R12: 0 | S12: 70.4 | T12: 4 | U12: =IF(LEFT(G12,8)="Baseline","Baseline",IF(LEFT(G12,8)="Recovery","Recovery","Commercial")) | V12: =IF(ISNUMBER(SEARCH("Nike",G12)),"Nike","elf") | W12: =IF(OR(AND(E12="A",V12="Nike"),AND(E12="B",V12="elf")),"first","second") | X12: =IF(COUNTIFS(Data!$B$2:$B$181,B12,Data!$U$2:$U$181,"Commercial",Data!$Q$2:$Q$181,"<0")+COUNTIFS(Data!$B$2:$B$181,B12,Data!$U$2:$U$181,"Commercial",Data!$R$2:$R$181,">20")>0,"No","Yes") | Y12: =IF(COUNTIFS(Data!$B$2:$B$181,B12,Data!$L$2:$L$181,0)>=4,1,0) | Z12: =M12/(J12/60000) | AA12: =M12/(I12/60000)
A13: SIMULATED_Arousal_Nike_vs_elf | B13: P02 | C13: F | D13: 22 | E13: A | F13: Stimulus | G13: Recovery_elf | H13: 435129 | I13: 15000 | J13: 15000 | K13: Recovery_elf | L13: 1 | M13: 1 | N13: 4 | O13: 0.237 | P13: Shimmer3-B | Q13: 19.2 | R13: 0 | S13: 74.6 | T13: NA | U13: =IF(LEFT(G13,8)="Baseline","Baseline",IF(LEFT(G13,8)="Recovery","Recovery","Commercial")) | V13: =IF(ISNUMBER(SEARCH("Nike",G13)),"Nike","elf") | W13: =IF(OR(AND(E13="A",V13="Nike"),AND(E13="B",V13="elf")),"first","second") | X13: =IF(COUNTIFS(Data!$B$2:$B$181,B13,Data!$U$2:$U$181,"Commercial",Data!$Q$2:$Q$181,"<0")+COUNTIFS(Data!$B$2:$B$181,B13,Data!$U$2:$U$181,"Commercial",Data!$R$2:$R$181,">20")>0,"No","Yes") | Y13: =IF(COUNTIFS(Data!$B$2:$B$181,B13,Data!$L$2:$L$181,0)>=4,1,0) | Z13: =M13/(J13/60000) | AA13: =M13/(I13/60000)
A14: SIMULATED_Arousal_Nike_vs_elf | B14: P03 | C14: F | D14: 31 | E14: B | F14: Stimulus | G14: Baseline_Nike | H14: 319025 | I14: 60000 | J14: 60000 | K14: Baseline_Nike | L14: 1 | M14: 1 | N14: 1 | O14: 0.0668 | P14: Shimmer3-B | Q14: 16 | R14: 0.6 | S14: 74 | T14: NA | U14: =IF(LEFT(G14,8)="Baseline","Baseline",IF(LEFT(G14,8)="Recovery","Recovery","Commercial")) | V14: =IF(ISNUMBER(SEARCH("Nike",G14)),"Nike","elf") | W14: =IF(OR(AND(E14="A",V14="Nike"),AND(E14="B",V14="elf")),"first","second") | X14: =IF(COUNTIFS(Data!$B$2:$B$181,B14,Data!$U$2:$U$181,"Commercial",Data!$Q$2:$Q$181,"<0")+COUNTIFS(Data!$B$2:$B$181,B14,Data!$U$2:$U$181,"Commercial",Data!$R$2:$R$181,">20")>0,"No","Yes") | Y14: =IF(COUNTIFS(Data!$B$2:$B$181,B14,Data!$L$2:$L$181,0)>=4,1,0) | Z14: =M14/(J14/60000) | AA14: =M14/(I14/60000)
A15: SIMULATED_Arousal_Nike_vs_elf | B15: P03 | C15: F | D15: 31 | E15: B | F15: Stimulus | G15: Nike_Commercial | H15: 379025 | I15: 60000 | J15: 60000 | K15: Nike_Commercial | L15: 0 | M15: 0 | N15: 0 | O15: NA | P15: Shimmer3-B | Q15: 17.8 | R15: 0.5 | S15: 74 | T15: 5 | U15: =IF(LEFT(G15,8)="Baseline","Baseline",IF(LEFT(G15,8)="Recovery","Recovery","Commercial")) | V15: =IF(ISNUMBER(SEARCH("Nike",G15)),"Nike","elf") | W15: =IF(OR(AND(E15="A",V15="Nike"),AND(E15="B",V15="elf")),"first","second") | X15: =IF(COUNTIFS(Data!$B$2:$B$181,B15,Data!$U$2:$U$181,"Commercial",Data!$Q$2:$Q$181,"<0")+COUNTIFS(Data!$B$2:$B$181,B15,Data!$U$2:$U$181,"Commercial",Data!$R$2:$R$181,">20")>0,"No","Yes") | Y15: =IF(COUNTIFS(Data!$B$2:$B$181,B15,Data!$L$2:$L$181,0)>=4,1,0) | Z15: =M15/(J15/60000) | AA15: =M15/(I15/60000)
A16: SIMULATED_Arousal_Nike_vs_elf | B16: P03 | C16: F | D16: 31 | E16: B | F16: Stimulus | G16: Recovery_Nike | H16: 439025 | I16: 15000 | J16: 15000 | K16: Recovery_Nike | L16: 0 | M16: 0 | N16: 0 | O16: NA | P16: Shimmer3-B | Q16: 15.9 | R16: 0 | S16: 71.6 | T16: NA | U16: =IF(LEFT(G16,8)="Baseline","Baseline",IF(LEFT(G16,8)="Recovery","Recovery","Commercial")) | V16: =IF(ISNUMBER(SEARCH("Nike",G16)),"Nike","elf") | W16: =IF(OR(AND(E16="A",V16="Nike"),AND(E16="B",V16="elf")),"first","second") | X16: =IF(COUNTIFS(Data!$B$2:$B$181,B16,Data!$U$2:$U$181,"Commercial",Data!$Q$2:$Q$181,"<0")+COUNTIFS(Data!$B$2:$B$181,B16,Data!$U$2:$U$181,"Commercial",Data!$R$2:$R$181,">20")>0,"No","Yes") | Y16: =IF(COUNTIFS(Data!$B$2:$B$181,B16,Data!$L$2:$L$181,0)>=4,1,0) | Z16: =M16/(J16/60000) | AA16: =M16/(I16/60000)
A17: SIMULATED_Arousal_Nike_vs_elf | B17: P03 | C17: F | D17: 31 | E17: B | F17: Stimulus | G17: Baseline_elf | H17: 39501 | I17: 60000 | J17: 60000 | K17: Baseline_elf | L17: 0 | M17: 0 | N17: 0 | O17: NA | P17: Shimmer3-B | Q17: 15.5 | R17: 0 | S17: 73.9 | T17: NA | U17: =IF(LEFT(G17,8)="Baseline","Baseline",IF(LEFT(G17,8)="Recovery","Recovery","Commercial")) | V17: =IF(ISNUMBER(SEARCH("Nike",G17)),"Nike","elf") | W17: =IF(OR(AND(E17="A",V17="Nike"),AND(E17="B",V17="elf")),"first","second") | X17: =IF(COUNTIFS(Data!$B$2:$B$181,B17,Data!$U$2:$U$181,"Commercial",Data!$Q$2:$Q$181,"<0")+COUNTIFS(Data!$B$2:$B$181,B17,Data!$U$2:$U$181,"Commercial",Data!$R$2:$R$181,">20")>0,"No","Yes") | Y17: =IF(COUNTIFS(Data!$B$2:$B$181,B17,Data!$L$2:$L$181,0)>=4,1,0) | Z17: =M17/(J17/60000) | AA17: =M17/(I17/60000)
A18: SIMULATED_Arousal_Nike_vs_elf | B18: P03 | C18: F | D18: 31 | E18: B | F18: Stimulus | G18: elf_Commercial | H18: 99501 | I18: 30000 | J18: 30000 | K18: elf_Commercial | L18: 0 | M18: 0 | N18: 0 | O18: NA | P18: Shimmer3-B | Q18: 14.5 | R18: 0 | S18: 74.4 | T18: 4 | U18: =IF(LEFT(G18,8)="Baseline","Baseline",IF(LEFT(G18,8)="Recovery","Recovery","Commercial")) | V18: =IF(ISNUMBER(SEARCH("Nike",G18)),"Nike","elf") | W18: =IF(OR(AND(E18="A",V18="Nike"),AND(E18="B",V18="elf")),"first","second") | X18: =IF(COUNTIFS(Data!$B$2:$B$181,B18,Data!$U$2:$U$181,"Commercial",Data!$Q$2:$Q$181,"<0")+COUNTIFS(Data!$B$2:$B$181,B18,Data!$U$2:$U$181,"Commercial",Data!$R$2:$R$181,">20")>0,"No","Yes") | Y18: =IF(COUNTIFS(Data!$B$2:$B$181,B18,Data!$L$2:$L$181,0)>=4,1,0) | Z18: =M18/(J18/60000) | AA18: =M18/(I18/60000)
A19: SIMULATED_Arousal_Nike_vs_elf | B19: P03 | C19: F | D19: 31 | E19: B | F19: Stimulus | G19: Recovery_elf | H19: 129501 | I19: 15000 | J19: 15000 | K19: Recovery_elf | L19: 0 | M19: 0 | N19: 0 | O19: NA | P19: Shimmer3-B | Q19: 16.6 | R19: 0 | S19: 73.6 | T19: NA | U19: =IF(LEFT(G19,8)="Baseline","Baseline",IF(LEFT(G19,8)="Recovery","Recovery","Commercial")) | V19: =IF(ISNUMBER(SEARCH("Nike",G19)),"Nike","elf") | W19: =IF(OR(AND(E19="A",V19="Nike"),AND(E19="B",V19="elf")),"first","second") | X19: =IF(COUNTIFS(Data!$B$2:$B$181,B19,Data!$U$2:$U$181,"Commercial",Data!$Q$2:$Q$181,"<0")+COUNTIFS(Data!$B$2:$B$181,B19,Data!$U$2:$U$181,"Commercial",Data!$R$2:$R$181,">20")>0,"No","Yes") | Y19: =IF(COUNTIFS(Data!$B$2:$B$181,B19,Data!$L$2:$L$181,0)>=4,1,0) | Z19: =M19/(J19/60000) | AA19: =M19/(I19/60000)
A20: SIMULATED_Arousal_Nike_vs_elf | B20: P04 | C20: M | D20: 33 | E20: A | F20: Stimulus | G20: Baseline_Nike | H20: 27608 | I20: 60000 | J20: 60000 | K20: Baseline_Nike | L20: 1 | M20: 2 | N20: 2 | O20: 0.1484 | P20: Shimmer3-8956 | Q20: 20.8 | R20: 0 | S20: 80.1 | T20: NA | U20: =IF(LEFT(G20,8)="Baseline","Baseline",IF(LEFT(G20,8)="Recovery","Recovery","Commercial")) | V20: =IF(ISNUMBER(SEARCH("Nike",G20)),"Nike","elf") | W20: =IF(OR(AND(E20="A",V20="Nike"),AND(E20="B",V20="elf")),"first","second") | X20: =IF(COUNTIFS(Data!$B$2:$B$181,B20,Data!$U$2:$U$181,"Commercial",Data!$Q$2:$Q$181,"<0")+COUNTIFS(Data!$B$2:$B$181,B20,Data!$U$2:$U$181,"Commercial",Data!$R$2:$R$181,">20")>0,"No","Yes") | Y20: =IF(COUNTIFS(Data!$B$2:$B$181,B20,Data!$L$2:$L$181,0)>=4,1,0) | Z20: =M20/(J20/60000) | AA20: =M20/(I20/60000)
A21: SIMULATED_Arousal_Nike_vs_elf | B21: P04 | C21: M | D21: 33 | E21: A | F21: Stimulus | G21: Nike_Commercial | H21: 87608 | I21: 60000 | J21: 60000 | K21: Nike_Commercial | L21: 1 | M21: 5 | N21: 5 | O21: 0.2084 | P21: Shimmer3-8956 | Q21: 25 | R21: 0.9 | S21: 76.5 | T21: 5 | U21: =IF(LEFT(G21,8)="Baseline","Baseline",IF(LEFT(G21,8)="Recovery","Recovery","Commercial")) | V21: =IF(ISNUMBER(SEARCH("Nike",G21)),"Nike","elf") | W21: =IF(OR(AND(E21="A",V21="Nike"),AND(E21="B",V21="elf")),"first","second") | X21: =IF(COUNTIFS(Data!$B$2:$B$181,B21,Data!$U$2:$U$181,"Commercial",Data!$Q$2:$Q$181,"<0")+COUNTIFS(Data!$B$2:$B$181,B21,Data!$U$2:$U$181,"Commercial",Data!$R$2:$R$181,">20")>0,"No","Yes") | Y21: =IF(COUNTIFS(Data!$B$2:$B$181,B21,Data!$L$2:$L$181,0)>=4,1,0) | Z21: =M21/(J21/60000) | AA21: =M21/(I21/60000)
A22: SIMULATED_Arousal_Nike_vs_elf | B22: P04 | C22: M | D22: 33 | E22: A | F22: Stimulus | G22: Recovery_Nike | H22: 147608 | I22: 15000 | J22: 15000 | K22: Recovery_Nike | L22: 1 | M22: 1 | N22: 4 | O22: 0.158 | P22: Shimmer3-8956 | Q22: 20 | R22: 0 | S22: 77.1 | T22: NA | U22: =IF(LEFT(G22,8)="Baseline","Baseline",IF(LEFT(G22,8)="Recovery","Recovery","Commercial")) | V22: =IF(ISNUMBER(SEARCH("Nike",G22)),"Nike","elf") | W22: =IF(OR(AND(E22="A",V22="Nike"),AND(E22="B",V22="elf")),"first","second") | X22: =IF(COUNTIFS(Data!$B$2:$B$181,B22,Data!$U$2:$U$181,"Commercial",Data!$Q$2:$Q$181,"<0")+COUNTIFS(Data!$B$2:$B$181,B22,Data!$U$2:$U$181,"Commercial",Data!$R$2:$R$181,">20")>0,"No","Yes") | Y22: =IF(COUNTIFS(Data!$B$2:$B$181,B22,Data!$L$2:$L$181,0)>=4,1,0) | Z22: =M22/(J22/60000) | AA22: =M22/(I22/60000)
A23: SIMULATED_Arousal_Nike_vs_elf | B23: P04 | C23: M | D23: 33 | E23: A | F23: Stimulus | G23: Baseline_elf | H23: 330113 | I23: 60000 | J23: 60000 | K23: Baseline_elf | L23: 1 | M23: 2 | N23: 2 | O23: 0.153 | P23: Shimmer3-8956 | Q23: 19.3 | R23: 0.1 | S23: 74.1 | T23: NA | U23: =IF(LEFT(G23,8)="Baseline","Baseline",IF(LEFT(G23,8)="Recovery","Recovery","Commercial")) | V23: =IF(ISNUMBER(SEARCH("Nike",G23)),"Nike","elf") | W23: =IF(OR(AND(E23="A",V23="Nike"),AND(E23="B",V23="elf")),"first","second") | X23: =IF(COUNTIFS(Data!$B$2:$B$181,B23,Data!$U$2:$U$181,"Commercial",Data!$Q$2:$Q$181,"<0")+COUNTIFS(Data!$B$2:$B$181,B23,Data!$U$2:$U$181,"Commercial",Data!$R$2:$R$181,">20")>0,"No","Yes") | Y23: =IF(COUNTIFS(Data!$B$2:$B$181,B23,Data!$L$2:$L$181,0)>=4,1,0) | Z23: =M23/(J23/60000) | AA23: =M23/(I23/60000)
A24: SIMULATED_Arousal_Nike_vs_elf | B24: P04 | C24: M | D24: 33 | E24: A | F24: Stimulus | G24: elf_Commercial | H24: 390113 | I24: 30000 | J24: 30000 | K24: elf_Commercial | L24: 1 | M24: 2 | N24: 4 | O24: 0.2476 | P24: Shimmer3-8956 | Q24: 21.7 | R24: 0 | S24: 72.1 | T24: 2 | U24: =IF(LEFT(G24,8)="Baseline","Baseline",IF(LEFT(G24,8)="Recovery","Recovery","Commercial")) | V24: =IF(ISNUMBER(SEARCH("Nike",G24)),"Nike","elf") | W24: =IF(OR(AND(E24="A",V24="Nike"),AND(E24="B",V24="elf")),"first","second") | X24: =IF(COUNTIFS(Data!$B$2:$B$181,B24,Data!$U$2:$U$181,"Commercial",Data!$Q$2:$Q$181,"<0")+COUNTIFS(Data!$B$2:$B$181,B24,Data!$U$2:$U$181,"Commercial",Data!$R$2:$R$181,">20")>0,"No","Yes") | Y24: =IF(COUNTIFS(Data!$B$2:$B$181,B24,Data!$L$2:$L$181,0)>=4,1,0) | Z24: =M24/(J24/60000) | AA24: =M24/(I24/60000)
A25: SIMULATED_Arousal_Nike_vs_elf | B25: P04 | C25: M | D25: 33 | E25: A | F25: Stimulus | G25: Recovery_elf | H25: 420113 | I25: 15000 | J25: 15000 | K25: Recovery_elf | L25: 1 | M25: 1 | N25: 4 | O25: 0.1323 | P25: Shimmer3-8956 | Q25: 18.5 | R25: 1.1 | S25: 73.5 | T25: NA | U25: =IF(LEFT(G25,8)="Baseline","Baseline",IF(LEFT(G25,8)="Recovery","Recovery","Commercial")) | V25: =IF(ISNUMBER(SEARCH("Nike",G25)),"Nike","elf") | W25: =IF(OR(AND(E25="A",V25="Nike"),AND(E25="B",V25="elf")),"first","second") | X25: =IF(COUNTIFS(Data!$B$2:$B$181,B25,Data!$U$2:$U$181,"Commercial",Data!$Q$2:$Q$181,"<0")+COUNTIFS(Data!$B$2:$B$181,B25,Data!$U$2:$U$181,"Commercial",Data!$R$2:$R$181,">20")>0,"No","Yes") | Y25: =IF(COUNTIFS(Data!$B$2:$B$181,B25,Data!$L$2:$L$181,0)>=4,1,0) | Z25: =M25/(J25/60000) | AA25: =M25/(I25/60000)
A26: SIMULATED_Arousal_Nike_vs_elf | B26: P05 | C26: F | D26: 19 | E26: B | F26: Stimulus | G26: Baseline_Nike | H26: 296987 | I26: 60000 | J26: 60000 | K26: Baseline_Nike | L26: 1 | M26: 3 | N26: 3 | O26: 0.274 | P26: Shimmer3-B | Q26: 27.9 | R26: 0 | S26: 85.6 | T26: NA | U26: =IF(LEFT(G26,8)="Baseline","Baseline",IF(LEFT(G26,8)="Recovery","Recovery","Commercial")) | V26: =IF(ISNUMBER(SEARCH("Nike",G26)),"Nike","elf") | W26: =IF(OR(AND(E26="A",V26="Nike"),AND(E26="B",V26="elf")),"first","second") | X26: =IF(COUNTIFS(Data!$B$2:$B$181,B26,Data!$U$2:$U$181,"Commercial",Data!$Q$2:$Q$181,"<0")+COUNTIFS(Data!$B$2:$B$181,B26,Data!$U$2:$U$181,"Commercial",Data!$R$2:$R$181,">20")>0,"No","Yes") | Y26: =IF(COUNTIFS(Data!$B$2:$B$181,B26,Data!$L$2:$L$181,0)>=4,1,0) | Z26: =M26/(J26/60000) | AA26: =M26/(I26/60000)
A27: SIMULATED_Arousal_Nike_vs_elf | B27: P05 | C27: F | D27: 19 | E27: B | F27: Stimulus | G27: Nike_Commercial | H27: 356987 | I27: 60000 | J27: 60000 | K27: Nike_Commercial | L27: 1 | M27: 6 | N27: 6 | O27: 0.3949 | P27: Shimmer3-B | Q27: 28.3 | R27: 0 | S27: 84.3 | T27: 6 | U27: =IF(LEFT(G27,8)="Baseline","Baseline",IF(LEFT(G27,8)="Recovery","Recovery","Commercial")) | V27: =IF(ISNUMBER(SEARCH("Nike",G27)),"Nike","elf") | W27: =IF(OR(AND(E27="A",V27="Nike"),AND(E27="B",V27="elf")),"first","second") | X27: =IF(COUNTIFS(Data!$B$2:$B$181,B27,Data!$U$2:$U$181,"Commercial",Data!$Q$2:$Q$181,"<0")+COUNTIFS(Data!$B$2:$B$181,B27,Data!$U$2:$U$181,"Commercial",Data!$R$2:$R$181,">20")>0,"No","Yes") | Y27: =IF(COUNTIFS(Data!$B$2:$B$181,B27,Data!$L$2:$L$181,0)>=4,1,0) | Z27: =M27/(J27/60000) | AA27: =M27/(I27/60000)
A28: SIMULATED_Arousal_Nike_vs_elf | B28: P05 | C28: F | D28: 19 | E28: B | F28: Stimulus | G28: Recovery_Nike | H28: 416987 | I28: 15000 | J28: 15000 | K28: Recovery_Nike | L28: 1 | M28: 2 | N28: 8 | O28: 0.2062 | P28: Shimmer3-B | Q28: 26.4 | R28: 0 | S28: 87.7 | T28: NA | U28: =IF(LEFT(G28,8)="Baseline","Baseline",IF(LEFT(G28,8)="Recovery","Recovery","Commercial")) | V28: =IF(ISNUMBER(SEARCH("Nike",G28)),"Nike","elf") | W28: =IF(OR(AND(E28="A",V28="Nike"),AND(E28="B",V28="elf")),"first","second") | X28: =IF(COUNTIFS(Data!$B$2:$B$181,B28,Data!$U$2:$U$181,"Commercial",Data!$Q$2:$Q$181,"<0")+COUNTIFS(Data!$B$2:$B$181,B28,Data!$U$2:$U$181,"Commercial",Data!$R$2:$R$181,">20")>0,"No","Yes") | Y28: =IF(COUNTIFS(Data!$B$2:$B$181,B28,Data!$L$2:$L$181,0)>=4,1,0) | Z28: =M28/(J28/60000) | AA28: =M28/(I28/60000)
A29: SIMULATED_Arousal_Nike_vs_elf | B29: P05 | C29: F | D29: 19 | E29: B | F29: Stimulus | G29: Baseline_elf | H29: 35702 | I29: 60000 | J29: 60000 | K29: Baseline_elf | L29: 1 | M29: 1 | N29: 1 | O29: 0.3101 | P29: Shimmer3-B | Q29: 29.3 | R29: 1.1 | S29: 86.8 | T29: NA | U29: =IF(LEFT(G29,8)="Baseline","Baseline",IF(LEFT(G29,8)="Recovery","Recovery","Commercial")) | V29: =IF(ISNUMBER(SEARCH("Nike",G29)),"Nike","elf") | W29: =IF(OR(AND(E29="A",V29="Nike"),AND(E29="B",V29="elf")),"first","second") | X29: =IF(COUNTIFS(Data!$B$2:$B$181,B29,Data!$U$2:$U$181,"Commercial",Data!$Q$2:$Q$181,"<0")+COUNTIFS(Data!$B$2:$B$181,B29,Data!$U$2:$U$181,"Commercial",Data!$R$2:$R$181,">20")>0,"No","Yes") | Y29: =IF(COUNTIFS(Data!$B$2:$B$181,B29,Data!$L$2:$L$181,0)>=4,1,0) | Z29: =M29/(J29/60000) | AA29: =M29/(I29/60000)
A30: SIMULATED_Arousal_Nike_vs_elf | B30: P05 | C30: F | D30: 19 | E30: B | F30: Stimulus | G30: elf_Commercial | H30: 95702 | I30: 30000 | J30: 30000 | K30: elf_Commercial | L30: 1 | M30: 3 | N30: 6 | O30: 0.4185 | P30: Shimmer3-B | Q30: 28.1 | R30: 0 | S30: 82.8 | T30: 5 | U30: =IF(LEFT(G30,8)="Baseline","Baseline",IF(LEFT(G30,8)="Recovery","Recovery","Commercial")) | V30: =IF(ISNUMBER(SEARCH("Nike",G30)),"Nike","elf") | W30: =IF(OR(AND(E30="A",V30="Nike"),AND(E30="B",V30="elf")),"first","second") | X30: =IF(COUNTIFS(Data!$B$2:$B$181,B30,Data!$U$2:$U$181,"Commercial",Data!$Q$2:$Q$181,"<0")+COUNTIFS(Data!$B$2:$B$181,B30,Data!$U$2:$U$181,"Commercial",Data!$R$2:$R$181,">20")>0,"No","Yes") | Y30: =IF(COUNTIFS(Data!$B$2:$B$181,B30,Data!$L$2:$L$181,0)>=4,1,0) | Z30: =M30/(J30/60000) | AA30: =M30/(I30/60000)
A31: SIMULATED_Arousal_Nike_vs_elf | B31: P05 | C31: F | D31: 19 | E31: B | F31: Stimulus | G31: Recovery_elf | H31: 125702 | I31: 15000 | J31: 15000 | K31: Recovery_elf | L31: 0 | M31: 0 | N31: 0 | O31: NA | P31: Shimmer3-B | Q31: 28.3 | R31: 1.3 | S31: 88.4 | T31: NA | U31: =IF(LEFT(G31,8)="Baseline","Baseline",IF(LEFT(G31,8)="Recovery","Recovery","Commercial")) | V31: =IF(ISNUMBER(SEARCH("Nike",G31)),"Nike","elf") | W31: =IF(OR(AND(E31="A",V31="Nike"),AND(E31="B",V31="elf")),"first","second") | X31: =IF(COUNTIFS(Data!$B$2:$B$181,B31,Data!$U$2:$U$181,"Commercial",Data!$Q$2:$Q$181,"<0")+COUNTIFS(Data!$B$2:$B$181,B31,Data!$U$2:$U$181,"Commercial",Data!$R$2:$R$181,">20")>0,"No","Yes") | Y31: =IF(COUNTIFS(Data!$B$2:$B$181,B31,Data!$L$2:$L$181,0)>=4,1,0) | Z31: =M31/(J31/60000) | AA31: =M31/(I31/60000)
A32: SIMULATED_Arousal_Nike_vs_elf | B32: P06 | C32: M | D32: 45 | E32: A | F32: Stimulus | G32: Baseline_Nike | H32: 38406 | I32: 60000 | J32: 60000 | K32: Baseline_Nike | L32: 1 | M32: 1 | N32: 1 | O32: 0.1736 | P32: Shimmer3-8956 | Q32: 19.7 | R32: 0.8 | S32: 69.6 | T32: NA | U32: =IF(LEFT(G32,8)="Baseline","Baseline",IF(LEFT(G32,8)="Recovery","Recovery","Commercial")) | V32: =IF(ISNUMBER(SEARCH("Nike",G32)),"Nike","elf") | W32: =IF(OR(AND(E32="A",V32="Nike"),AND(E32="B",V32="elf")),"first","second") | X32: =IF(COUNTIFS(Data!$B$2:$B$181,B32,Data!$U$2:$U$181,"Commercial",Data!$Q$2:$Q$181,"<0")+COUNTIFS(Data!$B$2:$B$181,B32,Data!$U$2:$U$181,"Commercial",Data!$R$2:$R$181,">20")>0,"No","Yes") | Y32: =IF(COUNTIFS(Data!$B$2:$B$181,B32,Data!$L$2:$L$181,0)>=4,1,0) | Z32: =M32/(J32/60000) | AA32: =M32/(I32/60000)
A33: SIMULATED_Arousal_Nike_vs_elf | B33: P06 | C33: M | D33: 45 | E33: A | F33: Stimulus | G33: Nike_Commercial | H33: 98406 | I33: 60000 | J33: 60000 | K33: Nike_Commercial | L33: 1 | M33: 1 | N33: 1 | O33: 0.2445 | P33: Shimmer3-8956 | Q33: 23.2 | R33: 3.2 | S33: 69.9 | T33: 3 | U33: =IF(LEFT(G33,8)="Baseline","Baseline",IF(LEFT(G33,8)="Recovery","Recovery","Commercial")) | V33: =IF(ISNUMBER(SEARCH("Nike",G33)),"Nike","elf") | W33: =IF(OR(AND(E33="A",V33="Nike"),AND(E33="B",V33="elf")),"first","second") | X33: =IF(COUNTIFS(Data!$B$2:$B$181,B33,Data!$U$2:$U$181,"Commercial",Data!$Q$2:$Q$181,"<0")+COUNTIFS(Data!$B$2:$B$181,B33,Data!$U$2:$U$181,"Commercial",Data!$R$2:$R$181,">20")>0,"No","Yes") | Y33: =IF(COUNTIFS(Data!$B$2:$B$181,B33,Data!$L$2:$L$181,0)>=4,1,0) | Z33: =M33/(J33/60000) | AA33: =M33/(I33/60000)
A34: SIMULATED_Arousal_Nike_vs_elf | B34: P06 | C34: M | D34: 45 | E34: A | F34: Stimulus | G34: Recovery_Nike | H34: 158406 | I34: 15000 | J34: 15000 | K34: Recovery_Nike | L34: 1 | M34: 2 | N34: 8 | O34: 0.2235 | P34: Shimmer3-8956 | Q34: 23.6 | R34: 0 | S34: 71 | T34: NA | U34: =IF(LEFT(G34,8)="Baseline","Baseline",IF(LEFT(G34,8)="Recovery","Recovery","Commercial")) | V34: =IF(ISNUMBER(SEARCH("Nike",G34)),"Nike","elf") | W34: =IF(OR(AND(E34="A",V34="Nike"),AND(E34="B",V34="elf")),"first","second") | X34: =IF(COUNTIFS(Data!$B$2:$B$181,B34,Data!$U$2:$U$181,"Commercial",Data!$Q$2:$Q$181,"<0")+COUNTIFS(Data!$B$2:$B$181,B34,Data!$U$2:$U$181,"Commercial",Data!$R$2:$R$181,">20")>0,"No","Yes") | Y34: =IF(COUNTIFS(Data!$B$2:$B$181,B34,Data!$L$2:$L$181,0)>=4,1,0) | Z34: =M34/(J34/60000) | AA34: =M34/(I34/60000)
A35: SIMULATED_Arousal_Nike_vs_elf | B35: P06 | C35: M | D35: 45 | E35: A | F35: Stimulus | G35: Baseline_elf | H35: 351264 | I35: 60000 | J35: 60000 | K35: Baseline_elf | L35: 1 | M35: 3 | N35: 3 | O35: 0.1489 | P35: Shimmer3-8956 | Q35: 20.9 | R35: 0.9 | S35: 70.2 | T35: NA | U35: =IF(LEFT(G35,8)="Baseline","Baseline",IF(LEFT(G35,8)="Recovery","Recovery","Commercial")) | V35: =IF(ISNUMBER(SEARCH("Nike",G35)),"Nike","elf") | W35: =IF(OR(AND(E35="A",V35="Nike"),AND(E35="B",V35="elf")),"first","second") | X35: =IF(COUNTIFS(Data!$B$2:$B$181,B35,Data!$U$2:$U$181,"Commercial",Data!$Q$2:$Q$181,"<0")+COUNTIFS(Data!$B$2:$B$181,B35,Data!$U$2:$U$181,"Commercial",Data!$R$2:$R$181,">20")>0,"No","Yes") | Y35: =IF(COUNTIFS(Data!$B$2:$B$181,B35,Data!$L$2:$L$181,0)>=4,1,0) | Z35: =M35/(J35/60000) | AA35: =M35/(I35/60000)
A36: SIMULATED_Arousal_Nike_vs_elf | B36: P06 | C36: M | D36: 45 | E36: A | F36: Stimulus | G36: elf_Commercial | H36: 411264 | I36: 30000 | J36: 30000 | K36: elf_Commercial | L36: 1 | M36: 1 | N36: 2 | O36: 0.4101 | P36: Shimmer3-8956 | Q36: 18.5 | R36: 0 | S36: 73 | T36: 2 | U36: =IF(LEFT(G36,8)="Baseline","Baseline",IF(LEFT(G36,8)="Recovery","Recovery","Commercial")) | V36: =IF(ISNUMBER(SEARCH("Nike",G36)),"Nike","elf") | W36: =IF(OR(AND(E36="A",V36="Nike"),AND(E36="B",V36="elf")),"first","second") | X36: =IF(COUNTIFS(Data!$B$2:$B$181,B36,Data!$U$2:$U$181,"Commercial",Data!$Q$2:$Q$181,"<0")+COUNTIFS(Data!$B$2:$B$181,B36,Data!$U$2:$U$181,"Commercial",Data!$R$2:$R$181,">20")>0,"No","Yes") | Y36: =IF(COUNTIFS(Data!$B$2:$B$181,B36,Data!$L$2:$L$181,0)>=4,1,0) | Z36: =M36/(J36/60000) | AA36: =M36/(I36/60000)
A37: SIMULATED_Arousal_Nike_vs_elf | B37: P06 | C37: M | D37: 45 | E37: A | F37: Stimulus | G37: Recovery_elf | H37: 441264 | I37: 15000 | J37: 15000 | K37: Recovery_elf | L37: 1 | M37: 1 | N37: 4 | O37: 0.2115 | P37: Shimmer3-8956 | Q37: 21.9 | R37: 0 | S37: 72.4 | T37: NA | U37: =IF(LEFT(G37,8)="Baseline","Baseline",IF(LEFT(G37,8)="Recovery","Recovery","Commercial")) | V37: =IF(ISNUMBER(SEARCH("Nike",G37)),"Nike","elf") | W37: =IF(OR(AND(E37="A",V37="Nike"),AND(E37="B",V37="elf")),"first","second") | X37: =IF(COUNTIFS(Data!$B$2:$B$181,B37,Data!$U$2:$U$181,"Commercial",Data!$Q$2:$Q$181,"<0")+COUNTIFS(Data!$B$2:$B$181,B37,Data!$U$2:$U$181,"Commercial",Data!$R$2:$R$181,">20")>0,"No","Yes") | Y37: =IF(COUNTIFS(Data!$B$2:$B$181,B37,Data!$L$2:$L$181,0)>=4,1,0) | Z37: =M37/(J37/60000) | AA37: =M37/(I37/60000)
A38: SIMULATED_Arousal_Nike_vs_elf | B38: P07 | C38: M | D38: 23 | E38: A | F38: Stimulus | G38: Baseline_Nike | H38: 24276 | I38: 60000 | J38: 60000 | K38: Baseline_Nike | L38: 1 | M38: 3 | N38: 3 | O38: 0.1573 | P38: Shimmer3-8956 | Q38: 22.9 | R38: 0 | S38: 68.6 | T38: NA | U38: =IF(LEFT(G38,8)="Baseline","Baseline",IF(LEFT(G38,8)="Recovery","Recovery","Commercial")) | V38: =IF(ISNUMBER(SEARCH("Nike",G38)),"Nike","elf") | W38: =IF(OR(AND(E38="A",V38="Nike"),AND(E38="B",V38="elf")),"first","second") | X38: =IF(COUNTIFS(Data!$B$2:$B$181,B38,Data!$U$2:$U$181,"Commercial",Data!$Q$2:$Q$181,"<0")+COUNTIFS(Data!$B$2:$B$181,B38,Data!$U$2:$U$181,"Commercial",Data!$R$2:$R$181,">20")>0,"No","Yes") | Y38: =IF(COUNTIFS(Data!$B$2:$B$181,B38,Data!$L$2:$L$181,0)>=4,1,0) | Z38: =M38/(J38/60000) | AA38: =M38/(I38/60000)
A39: SIMULATED_Arousal_Nike_vs_elf | B39: P07 | C39: M | D39: 23 | E39: A | F39: Stimulus | G39: Nike_Commercial | H39: 84276 | I39: 60000 | J39: 60000 | K39: Nike_Commercial | L39: 1 | M39: 6 | N39: 6 | O39: 0.1439 | P39: Shimmer3-8956 | Q39: 23.2 | R39: 1.4 | S39: 67.6 | T39: 4 | U39: =IF(LEFT(G39,8)="Baseline","Baseline",IF(LEFT(G39,8)="Recovery","Recovery","Commercial")) | V39: =IF(ISNUMBER(SEARCH("Nike",G39)),"Nike","elf") | W39: =IF(OR(AND(E39="A",V39="Nike"),AND(E39="B",V39="elf")),"first","second") | X39: =IF(COUNTIFS(Data!$B$2:$B$181,B39,Data!$U$2:$U$181,"Commercial",Data!$Q$2:$Q$181,"<0")+COUNTIFS(Data!$B$2:$B$181,B39,Data!$U$2:$U$181,"Commercial",Data!$R$2:$R$181,">20")>0,"No","Yes") | Y39: =IF(COUNTIFS(Data!$B$2:$B$181,B39,Data!$L$2:$L$181,0)>=4,1,0) | Z39: =M39/(J39/60000) | AA39: =M39/(I39/60000)
A40: SIMULATED_Arousal_Nike_vs_elf | B40: P07 | C40: M | D40: 23 | E40: A | F40: Stimulus | G40: Recovery_Nike | H40: 144276 | I40: 15000 | J40: 15000 | K40: Recovery_Nike | L40: 1 | M40: 1 | N40: 4 | O40: 0.1043 | P40: Shimmer3-8956 | Q40: 20.7 | R40: 1.1 | S40: 68.4 | T40: NA | U40: =IF(LEFT(G40,8)="Baseline","Baseline",IF(LEFT(G40,8)="Recovery","Recovery","Commercial")) | V40: =IF(ISNUMBER(SEARCH("Nike",G40)),"Nike","elf") | W40: =IF(OR(AND(E40="A",V40="Nike"),AND(E40="B",V40="elf")),"first","second") | X40: =IF(COUNTIFS(Data!$B$2:$B$181,B40,Data!$U$2:$U$181,"Commercial",Data!$Q$2:$Q$181,"<0")+COUNTIFS(Data!$B$2:$B$181,B40,Data!$U$2:$U$181,"Commercial",Data!$R$2:$R$181,">20")>0,"No","Yes") | Y40: =IF(COUNTIFS(Data!$B$2:$B$181,B40,Data!$L$2:$L$181,0)>=4,1,0) | Z40: =M40/(J40/60000) | AA40: =M40/(I40/60000)
A41: SIMULATED_Arousal_Nike_vs_elf | B41: P07 | C41: M | D41: 23 | E41: A | F41: Stimulus | G41: Baseline_elf | H41: 349178 | I41: 60000 | J41: 60000 | K41: Baseline_elf | L41: 1 | M41: 4 | N41: 4 | O41: 0.1288 | P41: Shimmer3-8956 | Q41: 18.3 | R41: 0 | S41: 72.2 | T41: NA | U41: =IF(LEFT(G41,8)="Baseline","Baseline",IF(LEFT(G41,8)="Recovery","Recovery","Commercial")) | V41: =IF(ISNUMBER(SEARCH("Nike",G41)),"Nike","elf") | W41: =IF(OR(AND(E41="A",V41="Nike"),AND(E41="B",V41="elf")),"first","second") | X41: =IF(COUNTIFS(Data!$B$2:$B$181,B41,Data!$U$2:$U$181,"Commercial",Data!$Q$2:$Q$181,"<0")+COUNTIFS(Data!$B$2:$B$181,B41,Data!$U$2:$U$181,"Commercial",Data!$R$2:$R$181,">20")>0,"No","Yes") | Y41: =IF(COUNTIFS(Data!$B$2:$B$181,B41,Data!$L$2:$L$181,0)>=4,1,0) | Z41: =M41/(J41/60000) | AA41: =M41/(I41/60000)
A42: SIMULATED_Arousal_Nike_vs_elf | B42: P07 | C42: M | D42: 23 | E42: A | F42: Stimulus | G42: elf_Commercial | H42: 409178 | I42: 30000 | J42: 30000 | K42: elf_Commercial | L42: 1 | M42: 2 | N42: 4 | O42: 0.192 | P42: Shimmer3-8956 | Q42: 20.9 | R42: 1.3 | S42: 73.1 | T42: 3 | U42: =IF(LEFT(G42,8)="Baseline","Baseline",IF(LEFT(G42,8)="Recovery","Recovery","Commercial")) | V42: =IF(ISNUMBER(SEARCH("Nike",G42)),"Nike","elf") | W42: =IF(OR(AND(E42="A",V42="Nike"),AND(E42="B",V42="elf")),"first","second") | X42: =IF(COUNTIFS(Data!$B$2:$B$181,B42,Data!$U$2:$U$181,"Commercial",Data!$Q$2:$Q$181,"<0")+COUNTIFS(Data!$B$2:$B$181,B42,Data!$U$2:$U$181,"Commercial",Data!$R$2:$R$181,">20")>0,"No","Yes") | Y42: =IF(COUNTIFS(Data!$B$2:$B$181,B42,Data!$L$2:$L$181,0)>=4,1,0) | Z42: =M42/(J42/60000) | AA42: =M42/(I42/60000)
A43: SIMULATED_Arousal_Nike_vs_elf | B43: P07 | C43: M | D43: 23 | E43: A | F43: Stimulus | G43: Recovery_elf | H43: 439178 | I43: 15000 | J43: 15000 | K43: Recovery_elf | L43: 1 | M43: 1 | N43: 4 | O43: 0.1417 | P43: Shimmer3-8956 | Q43: 22.6 | R43: 0 | S43: 72.6 | T43: NA | U43: =IF(LEFT(G43,8)="Baseline","Baseline",IF(LEFT(G43,8)="Recovery","Recovery","Commercial")) | V43: =IF(ISNUMBER(SEARCH("Nike",G43)),"Nike","elf") | W43: =IF(OR(AND(E43="A",V43="Nike"),AND(E43="B",V43="elf")),"first","second") | X43: =IF(COUNTIFS(Data!$B$2:$B$181,B43,Data!$U$2:$U$181,"Commercial",Data!$Q$2:$Q$181,"<0")+COUNTIFS(Data!$B$2:$B$181,B43,Data!$U$2:$U$181,"Commercial",Data!$R$2:$R$181,">20")>0,"No","Yes") | Y43: =IF(COUNTIFS(Data!$B$2:$B$181,B43,Data!$L$2:$L$181,0)>=4,1,0) | Z43: =M43/(J43/60000) | AA43: =M43/(I43/60000)
A44: SIMULATED_Arousal_Nike_vs_elf | B44: P08 | C44: F | D44: 26 | E44: B | F44: Stimulus | G44: Baseline_Nike | H44: 299672 | I44: 60000 | J44: 60000 | K44: Baseline_Nike | L44: 1 | M44: 4 | N44: 4 | O44: 0.2444 | P44: Shimmer3-B | Q44: 22.2 | R44: 0 | S44: 62.6 | T44: NA | U44: =IF(LEFT(G44,8)="Baseline","Baseline",IF(LEFT(G44,8)="Recovery","Recovery","Commercial")) | V44: =IF(ISNUMBER(SEARCH("Nike",G44)),"Nike","elf") | W44: =IF(OR(AND(E44="A",V44="Nike"),AND(E44="B",V44="elf")),"first","second") | X44: =IF(COUNTIFS(Data!$B$2:$B$181,B44,Data!$U$2:$U$181,"Commercial",Data!$Q$2:$Q$181,"<0")+COUNTIFS(Data!$B$2:$B$181,B44,Data!$U$2:$U$181,"Commercial",Data!$R$2:$R$181,">20")>0,"No","Yes") | Y44: =IF(COUNTIFS(Data!$B$2:$B$181,B44,Data!$L$2:$L$181,0)>=4,1,0) | Z44: =M44/(J44/60000) | AA44: =M44/(I44/60000)
A45: SIMULATED_Arousal_Nike_vs_elf | B45: P08 | C45: F | D45: 26 | E45: B | F45: Stimulus | G45: Nike_Commercial | H45: 359672 | I45: 60000 | J45: 60000 | K45: Nike_Commercial | L45: 1 | M45: 6 | N45: 6 | O45: 0.2938 | P45: Shimmer3-B | Q45: 24.2 | R45: 0 | S45: 62.4 | T45: 8 | U45: =IF(LEFT(G45,8)="Baseline","Baseline",IF(LEFT(G45,8)="Recovery","Recovery","Commercial")) | V45: =IF(ISNUMBER(SEARCH("Nike",G45)),"Nike","elf") | W45: =IF(OR(AND(E45="A",V45="Nike"),AND(E45="B",V45="elf")),"first","second") | X45: =IF(COUNTIFS(Data!$B$2:$B$181,B45,Data!$U$2:$U$181,"Commercial",Data!$Q$2:$Q$181,"<0")+COUNTIFS(Data!$B$2:$B$181,B45,Data!$U$2:$U$181,"Commercial",Data!$R$2:$R$181,">20")>0,"No","Yes") | Y45: =IF(COUNTIFS(Data!$B$2:$B$181,B45,Data!$L$2:$L$181,0)>=4,1,0) | Z45: =M45/(J45/60000) | AA45: =M45/(I45/60000)
A46: SIMULATED_Arousal_Nike_vs_elf | B46: P08 | C46: F | D46: 26 | E46: B | F46: Stimulus | G46: Recovery_Nike | H46: 419672 | I46: 15000 | J46: 15000 | K46: Recovery_Nike | L46: 1 | M46: 1 | N46: 4 | O46: 0.1367 | P46: Shimmer3-B | Q46: 21.1 | R46: 0 | S46: 63.8 | T46: NA | U46: =IF(LEFT(G46,8)="Baseline","Baseline",IF(LEFT(G46,8)="Recovery","Recovery","Commercial")) | V46: =IF(ISNUMBER(SEARCH("Nike",G46)),"Nike","elf") | W46: =IF(OR(AND(E46="A",V46="Nike"),AND(E46="B",V46="elf")),"first","second") | X46: =IF(COUNTIFS(Data!$B$2:$B$181,B46,Data!$U$2:$U$181,"Commercial",Data!$Q$2:$Q$181,"<0")+COUNTIFS(Data!$B$2:$B$181,B46,Data!$U$2:$U$181,"Commercial",Data!$R$2:$R$181,">20")>0,"No","Yes") | Y46: =IF(COUNTIFS(Data!$B$2:$B$181,B46,Data!$L$2:$L$181,0)>=4,1,0) | Z46: =M46/(J46/60000) | AA46: =M46/(I46/60000)
A47: SIMULATED_Arousal_Nike_vs_elf | B47: P08 | C47: F | D47: 26 | E47: B | F47: Stimulus | G47: Baseline_elf | H47: 33613 | I47: 60000 | J47: 60000 | K47: Baseline_elf | L47: 1 | M47: 4 | N47: 4 | O47: 0.2557 | P47: Shimmer3-B | Q47: 21.9 | R47: 0.8 | S47: 62.7 | T47: NA | U47: =IF(LEFT(G47,8)="Baseline","Baseline",IF(LEFT(G47,8)="Recovery","Recovery","Commercial")) | V47: =IF(ISNUMBER(SEARCH("Nike",G47)),"Nike","elf") | W47: =IF(OR(AND(E47="A",V47="Nike"),AND(E47="B",V47="elf")),"first","second") | X47: =IF(COUNTIFS(Data!$B$2:$B$181,B47,Data!$U$2:$U$181,"Commercial",Data!$Q$2:$Q$181,"<0")+COUNTIFS(Data!$B$2:$B$181,B47,Data!$U$2:$U$181,"Commercial",Data!$R$2:$R$181,">20")>0,"No","Yes") | Y47: =IF(COUNTIFS(Data!$B$2:$B$181,B47,Data!$L$2:$L$181,0)>=4,1,0) | Z47: =M47/(J47/60000) | AA47: =M47/(I47/60000)
A48: SIMULATED_Arousal_Nike_vs_elf | B48: P08 | C48: F | D48: 26 | E48: B | F48: Stimulus | G48: elf_Commercial | H48: 93613 | I48: 30000 | J48: 30000 | K48: elf_Commercial | L48: 1 | M48: 3 | N48: 6 | O48: 0.274 | P48: Shimmer3-B | Q48: 23.8 | R48: 0 | S48: 63 | T48: 7 | U48: =IF(LEFT(G48,8)="Baseline","Baseline",IF(LEFT(G48,8)="Recovery","Recovery","Commercial")) | V48: =IF(ISNUMBER(SEARCH("Nike",G48)),"Nike","elf") | W48: =IF(OR(AND(E48="A",V48="Nike"),AND(E48="B",V48="elf")),"first","second") | X48: =IF(COUNTIFS(Data!$B$2:$B$181,B48,Data!$U$2:$U$181,"Commercial",Data!$Q$2:$Q$181,"<0")+COUNTIFS(Data!$B$2:$B$181,B48,Data!$U$2:$U$181,"Commercial",Data!$R$2:$R$181,">20")>0,"No","Yes") | Y48: =IF(COUNTIFS(Data!$B$2:$B$181,B48,Data!$L$2:$L$181,0)>=4,1,0) | Z48: =M48/(J48/60000) | AA48: =M48/(I48/60000)
A49: SIMULATED_Arousal_Nike_vs_elf | B49: P08 | C49: F | D49: 26 | E49: B | F49: Stimulus | G49: Recovery_elf | H49: 123613 | I49: 15000 | J49: 15000 | K49: Recovery_elf | L49: 1 | M49: 1 | N49: 4 | O49: 0.2786 | P49: Shimmer3-B | Q49: 21.1 | R49: 0 | S49: 62 | T49: NA | U49: =IF(LEFT(G49,8)="Baseline","Baseline",IF(LEFT(G49,8)="Recovery","Recovery","Commercial")) | V49: =IF(ISNUMBER(SEARCH("Nike",G49)),"Nike","elf") | W49: =IF(OR(AND(E49="A",V49="Nike"),AND(E49="B",V49="elf")),"first","second") | X49: =IF(COUNTIFS(Data!$B$2:$B$181,B49,Data!$U$2:$U$181,"Commercial",Data!$Q$2:$Q$181,"<0")+COUNTIFS(Data!$B$2:$B$181,B49,Data!$U$2:$U$181,"Commercial",Data!$R$2:$R$181,">20")>0,"No","Yes") | Y49: =IF(COUNTIFS(Data!$B$2:$B$181,B49,Data!$L$2:$L$181,0)>=4,1,0) | Z49: =M49/(J49/60000) | AA49: =M49/(I49/60000)
A50: SIMULATED_Arousal_Nike_vs_elf | B50: P09 | C50: F | D50: 33 | E50: A | F50: Stimulus | G50: Baseline_Nike | H50: 35796 | I50: 60000 | J50: 60000 | K50: Baseline_Nike | L50: 1 | M50: 3 | N50: 3 | O50: 0.1325 | P50: Shimmer3-8956 | Q50: 20.8 | R50: 0 | S50: 80.2 | T50: NA | U50: =IF(LEFT(G50,8)="Baseline","Baseline",IF(LEFT(G50,8)="Recovery","Recovery","Commercial")) | V50: =IF(ISNUMBER(SEARCH("Nike",G50)),"Nike","elf") | W50: =IF(OR(AND(E50="A",V50="Nike"),AND(E50="B",V50="elf")),"first","second") | X50: =IF(COUNTIFS(Data!$B$2:$B$181,B50,Data!$U$2:$U$181,"Commercial",Data!$Q$2:$Q$181,"<0")+COUNTIFS(Data!$B$2:$B$181,B50,Data!$U$2:$U$181,"Commercial",Data!$R$2:$R$181,">20")>0,"No","Yes") | Y50: =IF(COUNTIFS(Data!$B$2:$B$181,B50,Data!$L$2:$L$181,0)>=4,1,0) | Z50: =M50/(J50/60000) | AA50: =M50/(I50/60000)
A51: SIMULATED_Arousal_Nike_vs_elf | B51: P09 | C51: F | D51: 33 | E51: A | F51: Stimulus | G51: Nike_Commercial | H51: 95796 | I51: 60000 | J51: 60000 | K51: Nike_Commercial | L51: 1 | M51: 7 | N51: 7 | O51: 0.1964 | P51: Shimmer3-8956 | Q51: 21.6 | R51: 0 | S51: 78.3 | T51: 6 | U51: =IF(LEFT(G51,8)="Baseline","Baseline",IF(LEFT(G51,8)="Recovery","Recovery","Commercial")) | V51: =IF(ISNUMBER(SEARCH("Nike",G51)),"Nike","elf") | W51: =IF(OR(AND(E51="A",V51="Nike"),AND(E51="B",V51="elf")),"first","second") | X51: =IF(COUNTIFS(Data!$B$2:$B$181,B51,Data!$U$2:$U$181,"Commercial",Data!$Q$2:$Q$181,"<0")+COUNTIFS(Data!$B$2:$B$181,B51,Data!$U$2:$U$181,"Commercial",Data!$R$2:$R$181,">20")>0,"No","Yes") | Y51: =IF(COUNTIFS(Data!$B$2:$B$181,B51,Data!$L$2:$L$181,0)>=4,1,0) | Z51: =M51/(J51/60000) | AA51: =M51/(I51/60000)
A52: SIMULATED_Arousal_Nike_vs_elf | B52: P09 | C52: F | D52: 33 | E52: A | F52: Stimulus | G52: Recovery_Nike | H52: 155796 | I52: 15000 | J52: 15000 | K52: Recovery_Nike | L52: 1 | M52: 1 | N52: 4 | O52: 0.2187 | P52: Shimmer3-8956 | Q52: 20.4 | R52: 0 | S52: 84.3 | T52: NA | U52: =IF(LEFT(G52,8)="Baseline","Baseline",IF(LEFT(G52,8)="Recovery","Recovery","Commercial")) | V52: =IF(ISNUMBER(SEARCH("Nike",G52)),"Nike","elf") | W52: =IF(OR(AND(E52="A",V52="Nike"),AND(E52="B",V52="elf")),"first","second") | X52: =IF(COUNTIFS(Data!$B$2:$B$181,B52,Data!$U$2:$U$181,"Commercial",Data!$Q$2:$Q$181,"<0")+COUNTIFS(Data!$B$2:$B$181,B52,Data!$U$2:$U$181,"Commercial",Data!$R$2:$R$181,">20")>0,"No","Yes") | Y52: =IF(COUNTIFS(Data!$B$2:$B$181,B52,Data!$L$2:$L$181,0)>=4,1,0) | Z52: =M52/(J52/60000) | AA52: =M52/(I52/60000)
A53: SIMULATED_Arousal_Nike_vs_elf | B53: P09 | C53: F | D53: 33 | E53: A | F53: Stimulus | G53: Baseline_elf | H53: 342999 | I53: 60000 | J53: 60000 | K53: Baseline_elf | L53: 1 | M53: 3 | N53: 3 | O53: 0.1158 | P53: Shimmer3-8956 | Q53: 21.6 | R53: 0.6 | S53: 83.2 | T53: NA | U53: =IF(LEFT(G53,8)="Baseline","Baseline",IF(LEFT(G53,8)="Recovery","Recovery","Commercial")) | V53: =IF(ISNUMBER(SEARCH("Nike",G53)),"Nike","elf") | W53: =IF(OR(AND(E53="A",V53="Nike"),AND(E53="B",V53="elf")),"first","second") | X53: =IF(COUNTIFS(Data!$B$2:$B$181,B53,Data!$U$2:$U$181,"Commercial",Data!$Q$2:$Q$181,"<0")+COUNTIFS(Data!$B$2:$B$181,B53,Data!$U$2:$U$181,"Commercial",Data!$R$2:$R$181,">20")>0,"No","Yes") | Y53: =IF(COUNTIFS(Data!$B$2:$B$181,B53,Data!$L$2:$L$181,0)>=4,1,0) | Z53: =M53/(J53/60000) | AA53: =M53/(I53/60000)
A54: SIMULATED_Arousal_Nike_vs_elf | B54: P09 | C54: F | D54: 33 | E54: A | F54: Stimulus | G54: elf_Commercial | H54: 402999 | I54: 30000 | J54: 30000 | K54: elf_Commercial | L54: 1 | M54: 1 | N54: 2 | O54: 0.231 | P54: Shimmer3-8956 | Q54: 20.4 | R54: 0 | S54: 80.2 | T54: 6 | U54: =IF(LEFT(G54,8)="Baseline","Baseline",IF(LEFT(G54,8)="Recovery","Recovery","Commercial")) | V54: =IF(ISNUMBER(SEARCH("Nike",G54)),"Nike","elf") | W54: =IF(OR(AND(E54="A",V54="Nike"),AND(E54="B",V54="elf")),"first","second") | X54: =IF(COUNTIFS(Data!$B$2:$B$181,B54,Data!$U$2:$U$181,"Commercial",Data!$Q$2:$Q$181,"<0")+COUNTIFS(Data!$B$2:$B$181,B54,Data!$U$2:$U$181,"Commercial",Data!$R$2:$R$181,">20")>0,"No","Yes") | Y54: =IF(COUNTIFS(Data!$B$2:$B$181,B54,Data!$L$2:$L$181,0)>=4,1,0) | Z54: =M54/(J54/60000) | AA54: =M54/(I54/60000)
A55: SIMULATED_Arousal_Nike_vs_elf | B55: P09 | C55: F | D55: 33 | E55: A | F55: Stimulus | G55: Recovery_elf | H55: 432999 | I55: 15000 | J55: 15000 | K55: Recovery_elf | L55: 1 | M55: 1 | N55: 4 | O55: 0.1443 | P55: Shimmer3-8956 | Q55: 19 | R55: 2.2 | S55: 80.4 | T55: NA | U55: =IF(LEFT(G55,8)="Baseline","Baseline",IF(LEFT(G55,8)="Recovery","Recovery","Commercial")) | V55: =IF(ISNUMBER(SEARCH("Nike",G55)),"Nike","elf") | W55: =IF(OR(AND(E55="A",V55="Nike"),AND(E55="B",V55="elf")),"first","second") | X55: =IF(COUNTIFS(Data!$B$2:$B$181,B55,Data!$U$2:$U$181,"Commercial",Data!$Q$2:$Q$181,"<0")+COUNTIFS(Data!$B$2:$B$181,B55,Data!$U$2:$U$181,"Commercial",Data!$R$2:$R$181,">20")>0,"No","Yes") | Y55: =IF(COUNTIFS(Data!$B$2:$B$181,B55,Data!$L$2:$L$181,0)>=4,1,0) | Z55: =M55/(J55/60000) | AA55: =M55/(I55/60000)
A56: SIMULATED_Arousal_Nike_vs_elf | B56: P10 | C56: M | D56: 22 | E56: B | F56: Stimulus | G56: Baseline_Nike | H56: 286312 | I56: 60000 | J56: 60000 | K56: Baseline_Nike | L56: 1 | M56: 2 | N56: 2 | O56: 0.1945 | P56: Shimmer3-B | Q56: 24 | R56: 0.3 | S56: 80.7 | T56: NA | U56: =IF(LEFT(G56,8)="Baseline","Baseline",IF(LEFT(G56,8)="Recovery","Recovery","Commercial")) | V56: =IF(ISNUMBER(SEARCH("Nike",G56)),"Nike","elf") | W56: =IF(OR(AND(E56="A",V56="Nike"),AND(E56="B",V56="elf")),"first","second") | X56: =IF(COUNTIFS(Data!$B$2:$B$181,B56,Data!$U$2:$U$181,"Commercial",Data!$Q$2:$Q$181,"<0")+COUNTIFS(Data!$B$2:$B$181,B56,Data!$U$2:$U$181,"Commercial",Data!$R$2:$R$181,">20")>0,"No","Yes") | Y56: =IF(COUNTIFS(Data!$B$2:$B$181,B56,Data!$L$2:$L$181,0)>=4,1,0) | Z56: =M56/(J56/60000) | AA56: =M56/(I56/60000)
A57: SIMULATED_Arousal_Nike_vs_elf | B57: P10 | C57: M | D57: 22 | E57: B | F57: Stimulus | G57: Nike_Commercial | H57: 346312 | I57: 60000 | J57: 60000 | K57: Nike_Commercial | L57: 1 | M57: 5 | N57: 5 | O57: 0.1935 | P57: Shimmer3-B | Q57: 23.4 | R57: 0 | S57: 80 | T57: 9 | U57: =IF(LEFT(G57,8)="Baseline","Baseline",IF(LEFT(G57,8)="Recovery","Recovery","Commercial")) | V57: =IF(ISNUMBER(SEARCH("Nike",G57)),"Nike","elf") | W57: =IF(OR(AND(E57="A",V57="Nike"),AND(E57="B",V57="elf")),"first","second") | X57: =IF(COUNTIFS(Data!$B$2:$B$181,B57,Data!$U$2:$U$181,"Commercial",Data!$Q$2:$Q$181,"<0")+COUNTIFS(Data!$B$2:$B$181,B57,Data!$U$2:$U$181,"Commercial",Data!$R$2:$R$181,">20")>0,"No","Yes") | Y57: =IF(COUNTIFS(Data!$B$2:$B$181,B57,Data!$L$2:$L$181,0)>=4,1,0) | Z57: =M57/(J57/60000) | AA57: =M57/(I57/60000)
A58: SIMULATED_Arousal_Nike_vs_elf | B58: P10 | C58: M | D58: 22 | E58: B | F58: Stimulus | G58: Recovery_Nike | H58: 406312 | I58: 15000 | J58: 15000 | K58: Recovery_Nike | L58: 1 | M58: 1 | N58: 4 | O58: 0.196 | P58: Shimmer3-B | Q58: 23.4 | R58: 0.8 | S58: 78.3 | T58: NA | U58: =IF(LEFT(G58,8)="Baseline","Baseline",IF(LEFT(G58,8)="Recovery","Recovery","Commercial")) | V58: =IF(ISNUMBER(SEARCH("Nike",G58)),"Nike","elf") | W58: =IF(OR(AND(E58="A",V58="Nike"),AND(E58="B",V58="elf")),"first","second") | X58: =IF(COUNTIFS(Data!$B$2:$B$181,B58,Data!$U$2:$U$181,"Commercial",Data!$Q$2:$Q$181,"<0")+COUNTIFS(Data!$B$2:$B$181,B58,Data!$U$2:$U$181,"Commercial",Data!$R$2:$R$181,">20")>0,"No","Yes") | Y58: =IF(COUNTIFS(Data!$B$2:$B$181,B58,Data!$L$2:$L$181,0)>=4,1,0) | Z58: =M58/(J58/60000) | AA58: =M58/(I58/60000)
A59: SIMULATED_Arousal_Nike_vs_elf | B59: P10 | C59: M | D59: 22 | E59: B | F59: Stimulus | G59: Baseline_elf | H59: 22945 | I59: 60000 | J59: 60000 | K59: Baseline_elf | L59: 1 | M59: 3 | N59: 3 | O59: 0.1585 | P59: Shimmer3-B | Q59: 22.5 | R59: 0 | S59: 80.7 | T59: NA | U59: =IF(LEFT(G59,8)="Baseline","Baseline",IF(LEFT(G59,8)="Recovery","Recovery","Commercial")) | V59: =IF(ISNUMBER(SEARCH("Nike",G59)),"Nike","elf") | W59: =IF(OR(AND(E59="A",V59="Nike"),AND(E59="B",V59="elf")),"first","second") | X59: =IF(COUNTIFS(Data!$B$2:$B$181,B59,Data!$U$2:$U$181,"Commercial",Data!$Q$2:$Q$181,"<0")+COUNTIFS(Data!$B$2:$B$181,B59,Data!$U$2:$U$181,"Commercial",Data!$R$2:$R$181,">20")>0,"No","Yes") | Y59: =IF(COUNTIFS(Data!$B$2:$B$181,B59,Data!$L$2:$L$181,0)>=4,1,0) | Z59: =M59/(J59/60000) | AA59: =M59/(I59/60000)
A60: SIMULATED_Arousal_Nike_vs_elf | B60: P10 | C60: M | D60: 22 | E60: B | F60: Stimulus | G60: elf_Commercial | H60: 82945 | I60: 30000 | J60: 30000 | K60: elf_Commercial | L60: 1 | M60: 1 | N60: 2 | O60: 0.1595 | P60: Shimmer3-B | Q60: 23.4 | R60: 0 | S60: 81.9 | T60: 5 | U60: =IF(LEFT(G60,8)="Baseline","Baseline",IF(LEFT(G60,8)="Recovery","Recovery","Commercial")) | V60: =IF(ISNUMBER(SEARCH("Nike",G60)),"Nike","elf") | W60: =IF(OR(AND(E60="A",V60="Nike"),AND(E60="B",V60="elf")),"first","second") | X60: =IF(COUNTIFS(Data!$B$2:$B$181,B60,Data!$U$2:$U$181,"Commercial",Data!$Q$2:$Q$181,"<0")+COUNTIFS(Data!$B$2:$B$181,B60,Data!$U$2:$U$181,"Commercial",Data!$R$2:$R$181,">20")>0,"No","Yes") | Y60: =IF(COUNTIFS(Data!$B$2:$B$181,B60,Data!$L$2:$L$181,0)>=4,1,0) | Z60: =M60/(J60/60000) | AA60: =M60/(I60/60000)
A61: SIMULATED_Arousal_Nike_vs_elf | B61: P10 | C61: M | D61: 22 | E61: B | F61: Stimulus | G61: Recovery_elf | H61: 112945 | I61: 15000 | J61: 15000 | K61: Recovery_elf | L61: 1 | M61: 1 | N61: 4 | O61: 0.1379 | P61: Shimmer3-B | Q61: 23.2 | R61: 0 | S61: 83.3 | T61: NA | U61: =IF(LEFT(G61,8)="Baseline","Baseline",IF(LEFT(G61,8)="Recovery","Recovery","Commercial")) | V61: =IF(ISNUMBER(SEARCH("Nike",G61)),"Nike","elf") | W61: =IF(OR(AND(E61="A",V61="Nike"),AND(E61="B",V61="elf")),"first","second") | X61: =IF(COUNTIFS(Data!$B$2:$B$181,B61,Data!$U$2:$U$181,"Commercial",Data!$Q$2:$Q$181,"<0")+COUNTIFS(Data!$B$2:$B$181,B61,Data!$U$2:$U$181,"Commercial",Data!$R$2:$R$181,">20")>0,"No","Yes") | Y61: =IF(COUNTIFS(Data!$B$2:$B$181,B61,Data!$L$2:$L$181,0)>=4,1,0) | Z61: =M61/(J61/60000) | AA61: =M61/(I61/60000)
A62: SIMULATED_Arousal_Nike_vs_elf | B62: P11 | C62: F | D62: 26 | E62: B | F62: Stimulus | G62: Baseline_Nike | H62: 320082 | I62: 60000 | J62: 60000 | K62: Baseline_Nike | L62: 1 | M62: 3 | N62: 3 | O62: 0.2937 | P62: Shimmer3-8956 | Q62: 23.4 | R62: 0 | S62: 72.6 | T62: NA | U62: =IF(LEFT(G62,8)="Baseline","Baseline",IF(LEFT(G62,8)="Recovery","Recovery","Commercial")) | V62: =IF(ISNUMBER(SEARCH("Nike",G62)),"Nike","elf") | W62: =IF(OR(AND(E62="A",V62="Nike"),AND(E62="B",V62="elf")),"first","second") | X62: =IF(COUNTIFS(Data!$B$2:$B$181,B62,Data!$U$2:$U$181,"Commercial",Data!$Q$2:$Q$181,"<0")+COUNTIFS(Data!$B$2:$B$181,B62,Data!$U$2:$U$181,"Commercial",Data!$R$2:$R$181,">20")>0,"No","Yes") | Y62: =IF(COUNTIFS(Data!$B$2:$B$181,B62,Data!$L$2:$L$181,0)>=4,1,0) | Z62: =M62/(J62/60000) | AA62: =M62/(I62/60000)
A63: SIMULATED_Arousal_Nike_vs_elf | B63: P11 | C63: F | D63: 26 | E63: B | F63: Stimulus | G63: Nike_Commercial | H63: 380082 | I63: 60000 | J63: 60000 | K63: Nike_Commercial | L63: 1 | M63: 9 | N63: 9 | O63: 0.0691 | P63: Shimmer3-8956 | Q63: -3.4 | R63: 0 | S63: 71.4 | T63: 5 | U63: =IF(LEFT(G63,8)="Baseline","Baseline",IF(LEFT(G63,8)="Recovery","Recovery","Commercial")) | V63: =IF(ISNUMBER(SEARCH("Nike",G63)),"Nike","elf") | W63: =IF(OR(AND(E63="A",V63="Nike"),AND(E63="B",V63="elf")),"first","second") | X63: =IF(COUNTIFS(Data!$B$2:$B$181,B63,Data!$U$2:$U$181,"Commercial",Data!$Q$2:$Q$181,"<0")+COUNTIFS(Data!$B$2:$B$181,B63,Data!$U$2:$U$181,"Commercial",Data!$R$2:$R$181,">20")>0,"No","Yes") | Y63: =IF(COUNTIFS(Data!$B$2:$B$181,B63,Data!$L$2:$L$181,0)>=4,1,0) | Z63: =M63/(J63/60000) | AA63: =M63/(I63/60000)
A64: SIMULATED_Arousal_Nike_vs_elf | B64: P11 | C64: F | D64: 26 | E64: B | F64: Stimulus | G64: Recovery_Nike | H64: 440082 | I64: 15000 | J64: 15000 | K64: Recovery_Nike | L64: 1 | M64: 2 | N64: 8 | O64: 0.0568 | P64: Shimmer3-8956 | Q64: 2.6 | R64: 0 | S64: 70.1 | T64: NA | U64: =IF(LEFT(G64,8)="Baseline","Baseline",IF(LEFT(G64,8)="Recovery","Recovery","Commercial")) | V64: =IF(ISNUMBER(SEARCH("Nike",G64)),"Nike","elf") | W64: =IF(OR(AND(E64="A",V64="Nike"),AND(E64="B",V64="elf")),"first","second") | X64: =IF(COUNTIFS(Data!$B$2:$B$181,B64,Data!$U$2:$U$181,"Commercial",Data!$Q$2:$Q$181,"<0")+COUNTIFS(Data!$B$2:$B$181,B64,Data!$U$2:$U$181,"Commercial",Data!$R$2:$R$181,">20")>0,"No","Yes") | Y64: =IF(COUNTIFS(Data!$B$2:$B$181,B64,Data!$L$2:$L$181,0)>=4,1,0) | Z64: =M64/(J64/60000) | AA64: =M64/(I64/60000)
A65: SIMULATED_Arousal_Nike_vs_elf | B65: P11 | C65: F | D65: 26 | E65: B | F65: Stimulus | G65: Baseline_elf | H65: 25846 | I65: 60000 | J65: 60000 | K65: Baseline_elf | L65: 1 | M65: 4 | N65: 4 | O65: 0.1875 | P65: Shimmer3-8956 | Q65: 23.6 | R65: 0 | S65: 70.2 | T65: NA | U65: =IF(LEFT(G65,8)="Baseline","Baseline",IF(LEFT(G65,8)="Recovery","Recovery","Commercial")) | V65: =IF(ISNUMBER(SEARCH("Nike",G65)),"Nike","elf") | W65: =IF(OR(AND(E65="A",V65="Nike"),AND(E65="B",V65="elf")),"first","second") | X65: =IF(COUNTIFS(Data!$B$2:$B$181,B65,Data!$U$2:$U$181,"Commercial",Data!$Q$2:$Q$181,"<0")+COUNTIFS(Data!$B$2:$B$181,B65,Data!$U$2:$U$181,"Commercial",Data!$R$2:$R$181,">20")>0,"No","Yes") | Y65: =IF(COUNTIFS(Data!$B$2:$B$181,B65,Data!$L$2:$L$181,0)>=4,1,0) | Z65: =M65/(J65/60000) | AA65: =M65/(I65/60000)
A66: SIMULATED_Arousal_Nike_vs_elf | B66: P11 | C66: F | D66: 26 | E66: B | F66: Stimulus | G66: elf_Commercial | H66: 85846 | I66: 30000 | J66: 30000 | K66: elf_Commercial | L66: 1 | M66: 3 | N66: 6 | O66: 0.2571 | P66: Shimmer3-8956 | Q66: 24.5 | R66: 0.5 | S66: 65.7 | T66: 4 | U66: =IF(LEFT(G66,8)="Baseline","Baseline",IF(LEFT(G66,8)="Recovery","Recovery","Commercial")) | V66: =IF(ISNUMBER(SEARCH("Nike",G66)),"Nike","elf") | W66: =IF(OR(AND(E66="A",V66="Nike"),AND(E66="B",V66="elf")),"first","second") | X66: =IF(COUNTIFS(Data!$B$2:$B$181,B66,Data!$U$2:$U$181,"Commercial",Data!$Q$2:$Q$181,"<0")+COUNTIFS(Data!$B$2:$B$181,B66,Data!$U$2:$U$181,"Commercial",Data!$R$2:$R$181,">20")>0,"No","Yes") | Y66: =IF(COUNTIFS(Data!$B$2:$B$181,B66,Data!$L$2:$L$181,0)>=4,1,0) | Z66: =M66/(J66/60000) | AA66: =M66/(I66/60000)
A67: SIMULATED_Arousal_Nike_vs_elf | B67: P11 | C67: F | D67: 26 | E67: B | F67: Stimulus | G67: Recovery_elf | H67: 115846 | I67: 15000 | J67: 15000 | K67: Recovery_elf | L67: 1 | M67: 2 | N67: 8 | O67: 0.2847 | P67: Shimmer3-8956 | Q67: 22.6 | R67: 1.3 | S67: 72.1 | T67: NA | U67: =IF(LEFT(G67,8)="Baseline","Baseline",IF(LEFT(G67,8)="Recovery","Recovery","Commercial")) | V67: =IF(ISNUMBER(SEARCH("Nike",G67)),"Nike","elf") | W67: =IF(OR(AND(E67="A",V67="Nike"),AND(E67="B",V67="elf")),"first","second") | X67: =IF(COUNTIFS(Data!$B$2:$B$181,B67,Data!$U$2:$U$181,"Commercial",Data!$Q$2:$Q$181,"<0")+COUNTIFS(Data!$B$2:$B$181,B67,Data!$U$2:$U$181,"Commercial",Data!$R$2:$R$181,">20")>0,"No","Yes") | Y67: =IF(COUNTIFS(Data!$B$2:$B$181,B67,Data!$L$2:$L$181,0)>=4,1,0) | Z67: =M67/(J67/60000) | AA67: =M67/(I67/60000)
A68: SIMULATED_Arousal_Nike_vs_elf | B68: P12 | C68: F | D68: 25 | E68: A | F68: Stimulus | G68: Baseline_Nike | H68: 28354 | I68: 60000 | J68: 60000 | K68: Baseline_Nike | L68: 1 | M68: 2 | N68: 2 | O68: 0.2703 | P68: Shimmer3-B | Q68: 24.6 | R68: 0 | S68: 68 | T68: NA | U68: =IF(LEFT(G68,8)="Baseline","Baseline",IF(LEFT(G68,8)="Recovery","Recovery","Commercial")) | V68: =IF(ISNUMBER(SEARCH("Nike",G68)),"Nike","elf") | W68: =IF(OR(AND(E68="A",V68="Nike"),AND(E68="B",V68="elf")),"first","second") | X68: =IF(COUNTIFS(Data!$B$2:$B$181,B68,Data!$U$2:$U$181,"Commercial",Data!$Q$2:$Q$181,"<0")+COUNTIFS(Data!$B$2:$B$181,B68,Data!$U$2:$U$181,"Commercial",Data!$R$2:$R$181,">20")>0,"No","Yes") | Y68: =IF(COUNTIFS(Data!$B$2:$B$181,B68,Data!$L$2:$L$181,0)>=4,1,0) | Z68: =M68/(J68/60000) | AA68: =M68/(I68/60000)
A69: SIMULATED_Arousal_Nike_vs_elf | B69: P12 | C69: F | D69: 25 | E69: A | F69: Stimulus | G69: Nike_Commercial | H69: 88354 | I69: 60000 | J69: 60000 | K69: Nike_Commercial | L69: 1 | M69: 7 | N69: 7 | O69: 0.275 | P69: Shimmer3-B | Q69: 26.3 | R69: 0 | S69: 62.5 | T69: 7 | U69: =IF(LEFT(G69,8)="Baseline","Baseline",IF(LEFT(G69,8)="Recovery","Recovery","Commercial")) | V69: =IF(ISNUMBER(SEARCH("Nike",G69)),"Nike","elf") | W69: =IF(OR(AND(E69="A",V69="Nike"),AND(E69="B",V69="elf")),"first","second") | X69: =IF(COUNTIFS(Data!$B$2:$B$181,B69,Data!$U$2:$U$181,"Commercial",Data!$Q$2:$Q$181,"<0")+COUNTIFS(Data!$B$2:$B$181,B69,Data!$U$2:$U$181,"Commercial",Data!$R$2:$R$181,">20")>0,"No","Yes") | Y69: =IF(COUNTIFS(Data!$B$2:$B$181,B69,Data!$L$2:$L$181,0)>=4,1,0) | Z69: =M69/(J69/60000) | AA69: =M69/(I69/60000)
A70: SIMULATED_Arousal_Nike_vs_elf | B70: P12 | C70: F | D70: 25 | E70: A | F70: Stimulus | G70: Recovery_Nike | H70: 148354 | I70: 15000 | J70: 15000 | K70: Recovery_Nike | L70: 1 | M70: 1 | N70: 4 | O70: 0.1813 | P70: Shimmer3-B | Q70: 24.7 | R70: 1.2 | S70: 64.2 | T70: NA | U70: =IF(LEFT(G70,8)="Baseline","Baseline",IF(LEFT(G70,8)="Recovery","Recovery","Commercial")) | V70: =IF(ISNUMBER(SEARCH("Nike",G70)),"Nike","elf") | W70: =IF(OR(AND(E70="A",V70="Nike"),AND(E70="B",V70="elf")),"first","second") | X70: =IF(COUNTIFS(Data!$B$2:$B$181,B70,Data!$U$2:$U$181,"Commercial",Data!$Q$2:$Q$181,"<0")+COUNTIFS(Data!$B$2:$B$181,B70,Data!$U$2:$U$181,"Commercial",Data!$R$2:$R$181,">20")>0,"No","Yes") | Y70: =IF(COUNTIFS(Data!$B$2:$B$181,B70,Data!$L$2:$L$181,0)>=4,1,0) | Z70: =M70/(J70/60000) | AA70: =M70/(I70/60000)
A71: SIMULATED_Arousal_Nike_vs_elf | B71: P12 | C71: F | D71: 25 | E71: A | F71: Stimulus | G71: Baseline_elf | H71: 352993 | I71: 60000 | J71: 60000 | K71: Baseline_elf | L71: 1 | M71: 3 | N71: 3 | O71: 0.2223 | P71: Shimmer3-B | Q71: 24.4 | R71: 0 | S71: 67.2 | T71: NA | U71: =IF(LEFT(G71,8)="Baseline","Baseline",IF(LEFT(G71,8)="Recovery","Recovery","Commercial")) | V71: =IF(ISNUMBER(SEARCH("Nike",G71)),"Nike","elf") | W71: =IF(OR(AND(E71="A",V71="Nike"),AND(E71="B",V71="elf")),"first","second") | X71: =IF(COUNTIFS(Data!$B$2:$B$181,B71,Data!$U$2:$U$181,"Commercial",Data!$Q$2:$Q$181,"<0")+COUNTIFS(Data!$B$2:$B$181,B71,Data!$U$2:$U$181,"Commercial",Data!$R$2:$R$181,">20")>0,"No","Yes") | Y71: =IF(COUNTIFS(Data!$B$2:$B$181,B71,Data!$L$2:$L$181,0)>=4,1,0) | Z71: =M71/(J71/60000) | AA71: =M71/(I71/60000)
A72: SIMULATED_Arousal_Nike_vs_elf | B72: P12 | C72: F | D72: 25 | E72: A | F72: Stimulus | G72: elf_Commercial | H72: 412993 | I72: 30000 | J72: 30000 | K72: elf_Commercial | L72: 1 | M72: 2 | N72: 4 | O72: 0.2271 | P72: Shimmer3-B | Q72: 27.4 | R72: 0.3 | S72: 65.6 | T72: 7 | U72: =IF(LEFT(G72,8)="Baseline","Baseline",IF(LEFT(G72,8)="Recovery","Recovery","Commercial")) | V72: =IF(ISNUMBER(SEARCH("Nike",G72)),"Nike","elf") | W72: =IF(OR(AND(E72="A",V72="Nike"),AND(E72="B",V72="elf")),"first","second") | X72: =IF(COUNTIFS(Data!$B$2:$B$181,B72,Data!$U$2:$U$181,"Commercial",Data!$Q$2:$Q$181,"<0")+COUNTIFS(Data!$B$2:$B$181,B72,Data!$U$2:$U$181,"Commercial",Data!$R$2:$R$181,">20")>0,"No","Yes") | Y72: =IF(COUNTIFS(Data!$B$2:$B$181,B72,Data!$L$2:$L$181,0)>=4,1,0) | Z72: =M72/(J72/60000) | AA72: =M72/(I72/60000)
A73: SIMULATED_Arousal_Nike_vs_elf | B73: P12 | C73: F | D73: 25 | E73: A | F73: Stimulus | G73: Recovery_elf | H73: 442993 | I73: 15000 | J73: 15000 | K73: Recovery_elf | L73: 0 | M73: 0 | N73: 0 | O73: NA | P73: Shimmer3-B | Q73: 27.4 | R73: 0.2 | S73: 69.8 | T73: NA | U73: =IF(LEFT(G73,8)="Baseline","Baseline",IF(LEFT(G73,8)="Recovery","Recovery","Commercial")) | V73: =IF(ISNUMBER(SEARCH("Nike",G73)),"Nike","elf") | W73: =IF(OR(AND(E73="A",V73="Nike"),AND(E73="B",V73="elf")),"first","second") | X73: =IF(COUNTIFS(Data!$B$2:$B$181,B73,Data!$U$2:$U$181,"Commercial",Data!$Q$2:$Q$181,"<0")+COUNTIFS(Data!$B$2:$B$181,B73,Data!$U$2:$U$181,"Commercial",Data!$R$2:$R$181,">20")>0,"No","Yes") | Y73: =IF(COUNTIFS(Data!$B$2:$B$181,B73,Data!$L$2:$L$181,0)>=4,1,0) | Z73: =M73/(J73/60000) | AA73: =M73/(I73/60000)
A74: SIMULATED_Arousal_Nike_vs_elf | B74: P13 | C74: F | D74: 22 | E74: A | F74: Stimulus | G74: Baseline_Nike | H74: 36208 | I74: 60000 | J74: 60000 | K74: Baseline_Nike | L74: 1 | M74: 1 | N74: 1 | O74: 0.1037 | P74: Shimmer3-8956 | Q74: 23.2 | R74: 1 | S74: 86.1 | T74: NA | U74: =IF(LEFT(G74,8)="Baseline","Baseline",IF(LEFT(G74,8)="Recovery","Recovery","Commercial")) | V74: =IF(ISNUMBER(SEARCH("Nike",G74)),"Nike","elf") | W74: =IF(OR(AND(E74="A",V74="Nike"),AND(E74="B",V74="elf")),"first","second") | X74: =IF(COUNTIFS(Data!$B$2:$B$181,B74,Data!$U$2:$U$181,"Commercial",Data!$Q$2:$Q$181,"<0")+COUNTIFS(Data!$B$2:$B$181,B74,Data!$U$2:$U$181,"Commercial",Data!$R$2:$R$181,">20")>0,"No","Yes") | Y74: =IF(COUNTIFS(Data!$B$2:$B$181,B74,Data!$L$2:$L$181,0)>=4,1,0) | Z74: =M74/(J74/60000) | AA74: =M74/(I74/60000)
A75: SIMULATED_Arousal_Nike_vs_elf | B75: P13 | C75: F | D75: 22 | E75: A | F75: Stimulus | G75: Nike_Commercial | H75: 96208 | I75: 60000 | J75: 60000 | K75: Nike_Commercial | L75: 1 | M75: 5 | N75: 5 | O75: 0.229 | P75: Shimmer3-8956 | Q75: 20 | R75: 0.3 | S75: 85.5 | T75: 6 | U75: =IF(LEFT(G75,8)="Baseline","Baseline",IF(LEFT(G75,8)="Recovery","Recovery","Commercial")) | V75: =IF(ISNUMBER(SEARCH("Nike",G75)),"Nike","elf") | W75: =IF(OR(AND(E75="A",V75="Nike"),AND(E75="B",V75="elf")),"first","second") | X75: =IF(COUNTIFS(Data!$B$2:$B$181,B75,Data!$U$2:$U$181,"Commercial",Data!$Q$2:$Q$181,"<0")+COUNTIFS(Data!$B$2:$B$181,B75,Data!$U$2:$U$181,"Commercial",Data!$R$2:$R$181,">20")>0,"No","Yes") | Y75: =IF(COUNTIFS(Data!$B$2:$B$181,B75,Data!$L$2:$L$181,0)>=4,1,0) | Z75: =M75/(J75/60000) | AA75: =M75/(I75/60000)
A76: SIMULATED_Arousal_Nike_vs_elf | B76: P13 | C76: F | D76: 22 | E76: A | F76: Stimulus | G76: Recovery_Nike | H76: 156208 | I76: 15000 | J76: 15000 | K76: Recovery_Nike | L76: 0 | M76: 0 | N76: 0 | O76: NA | P76: Shimmer3-8956 | Q76: 27.3 | R76: 0 | S76: 88.3 | T76: NA | U76: =IF(LEFT(G76,8)="Baseline","Baseline",IF(LEFT(G76,8)="Recovery","Recovery","Commercial")) | V76: =IF(ISNUMBER(SEARCH("Nike",G76)),"Nike","elf") | W76: =IF(OR(AND(E76="A",V76="Nike"),AND(E76="B",V76="elf")),"first","second") | X76: =IF(COUNTIFS(Data!$B$2:$B$181,B76,Data!$U$2:$U$181,"Commercial",Data!$Q$2:$Q$181,"<0")+COUNTIFS(Data!$B$2:$B$181,B76,Data!$U$2:$U$181,"Commercial",Data!$R$2:$R$181,">20")>0,"No","Yes") | Y76: =IF(COUNTIFS(Data!$B$2:$B$181,B76,Data!$L$2:$L$181,0)>=4,1,0) | Z76: =M76/(J76/60000) | AA76: =M76/(I76/60000)
A77: SIMULATED_Arousal_Nike_vs_elf | B77: P13 | C77: F | D77: 22 | E77: A | F77: Stimulus | G77: Baseline_elf | H77: 348091 | I77: 60000 | J77: 60000 | K77: Baseline_elf | L77: 1 | M77: 2 | N77: 2 | O77: 0.1981 | P77: Shimmer3-8956 | Q77: 26.8 | R77: 0 | S77: 87.4 | T77: NA | U77: =IF(LEFT(G77,8)="Baseline","Baseline",IF(LEFT(G77,8)="Recovery","Recovery","Commercial")) | V77: =IF(ISNUMBER(SEARCH("Nike",G77)),"Nike","elf") | W77: =IF(OR(AND(E77="A",V77="Nike"),AND(E77="B",V77="elf")),"first","second") | X77: =IF(COUNTIFS(Data!$B$2:$B$181,B77,Data!$U$2:$U$181,"Commercial",Data!$Q$2:$Q$181,"<0")+COUNTIFS(Data!$B$2:$B$181,B77,Data!$U$2:$U$181,"Commercial",Data!$R$2:$R$181,">20")>0,"No","Yes") | Y77: =IF(COUNTIFS(Data!$B$2:$B$181,B77,Data!$L$2:$L$181,0)>=4,1,0) | Z77: =M77/(J77/60000) | AA77: =M77/(I77/60000)
A78: SIMULATED_Arousal_Nike_vs_elf | B78: P13 | C78: F | D78: 22 | E78: A | F78: Stimulus | G78: elf_Commercial | H78: 408091 | I78: 30000 | J78: 30000 | K78: elf_Commercial | L78: 1 | M78: 1 | N78: 2 | O78: 0.1341 | P78: Shimmer3-8956 | Q78: 25.1 | R78: 0 | S78: 85.8 | T78: 6 | U78: =IF(LEFT(G78,8)="Baseline","Baseline",IF(LEFT(G78,8)="Recovery","Recovery","Commercial")) | V78: =IF(ISNUMBER(SEARCH("Nike",G78)),"Nike","elf") | W78: =IF(OR(AND(E78="A",V78="Nike"),AND(E78="B",V78="elf")),"first","second") | X78: =IF(COUNTIFS(Data!$B$2:$B$181,B78,Data!$U$2:$U$181,"Commercial",Data!$Q$2:$Q$181,"<0")+COUNTIFS(Data!$B$2:$B$181,B78,Data!$U$2:$U$181,"Commercial",Data!$R$2:$R$181,">20")>0,"No","Yes") | Y78: =IF(COUNTIFS(Data!$B$2:$B$181,B78,Data!$L$2:$L$181,0)>=4,1,0) | Z78: =M78/(J78/60000) | AA78: =M78/(I78/60000)
A79: SIMULATED_Arousal_Nike_vs_elf | B79: P13 | C79: F | D79: 22 | E79: A | F79: Stimulus | G79: Recovery_elf | H79: 438091 | I79: 15000 | J79: 15000 | K79: Recovery_elf | L79: 1 | M79: 1 | N79: 4 | O79: 0.3368 | P79: Shimmer3-8956 | Q79: 22.9 | R79: 3.1 | S79: 88.4 | T79: NA | U79: =IF(LEFT(G79,8)="Baseline","Baseline",IF(LEFT(G79,8)="Recovery","Recovery","Commercial")) | V79: =IF(ISNUMBER(SEARCH("Nike",G79)),"Nike","elf") | W79: =IF(OR(AND(E79="A",V79="Nike"),AND(E79="B",V79="elf")),"first","second") | X79: =IF(COUNTIFS(Data!$B$2:$B$181,B79,Data!$U$2:$U$181,"Commercial",Data!$Q$2:$Q$181,"<0")+COUNTIFS(Data!$B$2:$B$181,B79,Data!$U$2:$U$181,"Commercial",Data!$R$2:$R$181,">20")>0,"No","Yes") | Y79: =IF(COUNTIFS(Data!$B$2:$B$181,B79,Data!$L$2:$L$181,0)>=4,1,0) | Z79: =M79/(J79/60000) | AA79: =M79/(I79/60000)
A80: SIMULATED_Arousal_Nike_vs_elf | B80: P14 | C80: F | D80: 30 | E80: B | F80: Stimulus | G80: Baseline_Nike | H80: 325470 | I80: 60000 | J80: 60000 | K80: Baseline_Nike | L80: 1 | M80: 2 | N80: 2 | O80: 0.1548 | P80: Shimmer3-B | Q80: 22.3 | R80: 0.3 | S80: 72.7 | T80: NA | U80: =IF(LEFT(G80,8)="Baseline","Baseline",IF(LEFT(G80,8)="Recovery","Recovery","Commercial")) | V80: =IF(ISNUMBER(SEARCH("Nike",G80)),"Nike","elf") | W80: =IF(OR(AND(E80="A",V80="Nike"),AND(E80="B",V80="elf")),"first","second") | X80: =IF(COUNTIFS(Data!$B$2:$B$181,B80,Data!$U$2:$U$181,"Commercial",Data!$Q$2:$Q$181,"<0")+COUNTIFS(Data!$B$2:$B$181,B80,Data!$U$2:$U$181,"Commercial",Data!$R$2:$R$181,">20")>0,"No","Yes") | Y80: =IF(COUNTIFS(Data!$B$2:$B$181,B80,Data!$L$2:$L$181,0)>=4,1,0) | Z80: =M80/(J80/60000) | AA80: =M80/(I80/60000)
A81: SIMULATED_Arousal_Nike_vs_elf | B81: P14 | C81: F | D81: 30 | E81: B | F81: Stimulus | G81: Nike_Commercial | H81: 385470 | I81: 60000 | J81: 60000 | K81: Nike_Commercial | L81: 1 | M81: 6 | N81: 6 | O81: 0.2671 | P81: Shimmer3-B | Q81: 19.2 | R81: 0.2 | S81: 70.2 | T81: 6 | U81: =IF(LEFT(G81,8)="Baseline","Baseline",IF(LEFT(G81,8)="Recovery","Recovery","Commercial")) | V81: =IF(ISNUMBER(SEARCH("Nike",G81)),"Nike","elf") | W81: =IF(OR(AND(E81="A",V81="Nike"),AND(E81="B",V81="elf")),"first","second") | X81: =IF(COUNTIFS(Data!$B$2:$B$181,B81,Data!$U$2:$U$181,"Commercial",Data!$Q$2:$Q$181,"<0")+COUNTIFS(Data!$B$2:$B$181,B81,Data!$U$2:$U$181,"Commercial",Data!$R$2:$R$181,">20")>0,"No","Yes") | Y81: =IF(COUNTIFS(Data!$B$2:$B$181,B81,Data!$L$2:$L$181,0)>=4,1,0) | Z81: =M81/(J81/60000) | AA81: =M81/(I81/60000)
A82: SIMULATED_Arousal_Nike_vs_elf | B82: P14 | C82: F | D82: 30 | E82: B | F82: Stimulus | G82: Recovery_Nike | H82: 445470 | I82: 15000 | J82: 15000 | K82: Recovery_Nike | L82: 1 | M82: 1 | N82: 4 | O82: 0.1832 | P82: Shimmer3-B | Q82: 16.1 | R82: 0 | S82: 70.3 | T82: NA | U82: =IF(LEFT(G82,8)="Baseline","Baseline",IF(LEFT(G82,8)="Recovery","Recovery","Commercial")) | V82: =IF(ISNUMBER(SEARCH("Nike",G82)),"Nike","elf") | W82: =IF(OR(AND(E82="A",V82="Nike"),AND(E82="B",V82="elf")),"first","second") | X82: =IF(COUNTIFS(Data!$B$2:$B$181,B82,Data!$U$2:$U$181,"Commercial",Data!$Q$2:$Q$181,"<0")+COUNTIFS(Data!$B$2:$B$181,B82,Data!$U$2:$U$181,"Commercial",Data!$R$2:$R$181,">20")>0,"No","Yes") | Y82: =IF(COUNTIFS(Data!$B$2:$B$181,B82,Data!$L$2:$L$181,0)>=4,1,0) | Z82: =M82/(J82/60000) | AA82: =M82/(I82/60000)
A83: SIMULATED_Arousal_Nike_vs_elf | B83: P14 | C83: F | D83: 30 | E83: B | F83: Stimulus | G83: Baseline_elf | H83: 36158 | I83: 60000 | J83: 60000 | K83: Baseline_elf | L83: 1 | M83: 4 | N83: 4 | O83: 0.2132 | P83: Shimmer3-B | Q83: 20.3 | R83: 0 | S83: 71.5 | T83: NA | U83: =IF(LEFT(G83,8)="Baseline","Baseline",IF(LEFT(G83,8)="Recovery","Recovery","Commercial")) | V83: =IF(ISNUMBER(SEARCH("Nike",G83)),"Nike","elf") | W83: =IF(OR(AND(E83="A",V83="Nike"),AND(E83="B",V83="elf")),"first","second") | X83: =IF(COUNTIFS(Data!$B$2:$B$181,B83,Data!$U$2:$U$181,"Commercial",Data!$Q$2:$Q$181,"<0")+COUNTIFS(Data!$B$2:$B$181,B83,Data!$U$2:$U$181,"Commercial",Data!$R$2:$R$181,">20")>0,"No","Yes") | Y83: =IF(COUNTIFS(Data!$B$2:$B$181,B83,Data!$L$2:$L$181,0)>=4,1,0) | Z83: =M83/(J83/60000) | AA83: =M83/(I83/60000)
A84: SIMULATED_Arousal_Nike_vs_elf | B84: P14 | C84: F | D84: 30 | E84: B | F84: Stimulus | G84: elf_Commercial | H84: 96158 | I84: 30000 | J84: 30000 | K84: elf_Commercial | L84: 1 | M84: 3 | N84: 6 | O84: 0.3152 | P84: Shimmer3-B | Q84: 18.6 | R84: 0 | S84: 70.3 | T84: 5 | U84: =IF(LEFT(G84,8)="Baseline","Baseline",IF(LEFT(G84,8)="Recovery","Recovery","Commercial")) | V84: =IF(ISNUMBER(SEARCH("Nike",G84)),"Nike","elf") | W84: =IF(OR(AND(E84="A",V84="Nike"),AND(E84="B",V84="elf")),"first","second") | X84: =IF(COUNTIFS(Data!$B$2:$B$181,B84,Data!$U$2:$U$181,"Commercial",Data!$Q$2:$Q$181,"<0")+COUNTIFS(Data!$B$2:$B$181,B84,Data!$U$2:$U$181,"Commercial",Data!$R$2:$R$181,">20")>0,"No","Yes") | Y84: =IF(COUNTIFS(Data!$B$2:$B$181,B84,Data!$L$2:$L$181,0)>=4,1,0) | Z84: =M84/(J84/60000) | AA84: =M84/(I84/60000)
A85: SIMULATED_Arousal_Nike_vs_elf | B85: P14 | C85: F | D85: 30 | E85: B | F85: Stimulus | G85: Recovery_elf | H85: 126158 | I85: 15000 | J85: 15000 | K85: Recovery_elf | L85: 1 | M85: 1 | N85: 4 | O85: 0.1124 | P85: Shimmer3-B | Q85: 23.2 | R85: 0 | S85: 72.7 | T85: NA | U85: =IF(LEFT(G85,8)="Baseline","Baseline",IF(LEFT(G85,8)="Recovery","Recovery","Commercial")) | V85: =IF(ISNUMBER(SEARCH("Nike",G85)),"Nike","elf") | W85: =IF(OR(AND(E85="A",V85="Nike"),AND(E85="B",V85="elf")),"first","second") | X85: =IF(COUNTIFS(Data!$B$2:$B$181,B85,Data!$U$2:$U$181,"Commercial",Data!$Q$2:$Q$181,"<0")+COUNTIFS(Data!$B$2:$B$181,B85,Data!$U$2:$U$181,"Commercial",Data!$R$2:$R$181,">20")>0,"No","Yes") | Y85: =IF(COUNTIFS(Data!$B$2:$B$181,B85,Data!$L$2:$L$181,0)>=4,1,0) | Z85: =M85/(J85/60000) | AA85: =M85/(I85/60000)
A86: SIMULATED_Arousal_Nike_vs_elf | B86: P15 | C86: M | D86: 33 | E86: B | F86: Stimulus | G86: Baseline_Nike | H86: 291186 | I86: 60000 | J86: 60000 | K86: Baseline_Nike | L86: 1 | M86: 2 | N86: 2 | O86: 0.1779 | P86: Shimmer3-8956 | Q86: 18.4 | R86: 0 | S86: 79 | T86: NA | U86: =IF(LEFT(G86,8)="Baseline","Baseline",IF(LEFT(G86,8)="Recovery","Recovery","Commercial")) | V86: =IF(ISNUMBER(SEARCH("Nike",G86)),"Nike","elf") | W86: =IF(OR(AND(E86="A",V86="Nike"),AND(E86="B",V86="elf")),"first","second") | X86: =IF(COUNTIFS(Data!$B$2:$B$181,B86,Data!$U$2:$U$181,"Commercial",Data!$Q$2:$Q$181,"<0")+COUNTIFS(Data!$B$2:$B$181,B86,Data!$U$2:$U$181,"Commercial",Data!$R$2:$R$181,">20")>0,"No","Yes") | Y86: =IF(COUNTIFS(Data!$B$2:$B$181,B86,Data!$L$2:$L$181,0)>=4,1,0) | Z86: =M86/(J86/60000) | AA86: =M86/(I86/60000)
A87: SIMULATED_Arousal_Nike_vs_elf | B87: P15 | C87: M | D87: 33 | E87: B | F87: Stimulus | G87: Nike_Commercial | H87: 351186 | I87: 60000 | J87: 60000 | K87: Nike_Commercial | L87: 1 | M87: 5 | N87: 5 | O87: 0.2663 | P87: Shimmer3-8956 | Q87: 20 | R87: 1.1 | S87: 73.2 | T87: 5 | U87: =IF(LEFT(G87,8)="Baseline","Baseline",IF(LEFT(G87,8)="Recovery","Recovery","Commercial")) | V87: =IF(ISNUMBER(SEARCH("Nike",G87)),"Nike","elf") | W87: =IF(OR(AND(E87="A",V87="Nike"),AND(E87="B",V87="elf")),"first","second") | X87: =IF(COUNTIFS(Data!$B$2:$B$181,B87,Data!$U$2:$U$181,"Commercial",Data!$Q$2:$Q$181,"<0")+COUNTIFS(Data!$B$2:$B$181,B87,Data!$U$2:$U$181,"Commercial",Data!$R$2:$R$181,">20")>0,"No","Yes") | Y87: =IF(COUNTIFS(Data!$B$2:$B$181,B87,Data!$L$2:$L$181,0)>=4,1,0) | Z87: =M87/(J87/60000) | AA87: =M87/(I87/60000)
A88: SIMULATED_Arousal_Nike_vs_elf | B88: P15 | C88: M | D88: 33 | E88: B | F88: Stimulus | G88: Recovery_Nike | H88: 411186 | I88: 15000 | J88: 15000 | K88: Recovery_Nike | L88: 1 | M88: 1 | N88: 4 | O88: 0.1897 | P88: Shimmer3-8956 | Q88: 17.6 | R88: 1.1 | S88: 76.2 | T88: NA | U88: =IF(LEFT(G88,8)="Baseline","Baseline",IF(LEFT(G88,8)="Recovery","Recovery","Commercial")) | V88: =IF(ISNUMBER(SEARCH("Nike",G88)),"Nike","elf") | W88: =IF(OR(AND(E88="A",V88="Nike"),AND(E88="B",V88="elf")),"first","second") | X88: =IF(COUNTIFS(Data!$B$2:$B$181,B88,Data!$U$2:$U$181,"Commercial",Data!$Q$2:$Q$181,"<0")+COUNTIFS(Data!$B$2:$B$181,B88,Data!$U$2:$U$181,"Commercial",Data!$R$2:$R$181,">20")>0,"No","Yes") | Y88: =IF(COUNTIFS(Data!$B$2:$B$181,B88,Data!$L$2:$L$181,0)>=4,1,0) | Z88: =M88/(J88/60000) | AA88: =M88/(I88/60000)
A89: SIMULATED_Arousal_Nike_vs_elf | B89: P15 | C89: M | D89: 33 | E89: B | F89: Stimulus | G89: Baseline_elf | H89: 28944 | I89: 60000 | J89: 60000 | K89: Baseline_elf | L89: 1 | M89: 3 | N89: 3 | O89: 0.1845 | P89: Shimmer3-8956 | Q89: 17.8 | R89: 0 | S89: 75 | T89: NA | U89: =IF(LEFT(G89,8)="Baseline","Baseline",IF(LEFT(G89,8)="Recovery","Recovery","Commercial")) | V89: =IF(ISNUMBER(SEARCH("Nike",G89)),"Nike","elf") | W89: =IF(OR(AND(E89="A",V89="Nike"),AND(E89="B",V89="elf")),"first","second") | X89: =IF(COUNTIFS(Data!$B$2:$B$181,B89,Data!$U$2:$U$181,"Commercial",Data!$Q$2:$Q$181,"<0")+COUNTIFS(Data!$B$2:$B$181,B89,Data!$U$2:$U$181,"Commercial",Data!$R$2:$R$181,">20")>0,"No","Yes") | Y89: =IF(COUNTIFS(Data!$B$2:$B$181,B89,Data!$L$2:$L$181,0)>=4,1,0) | Z89: =M89/(J89/60000) | AA89: =M89/(I89/60000)
A90: SIMULATED_Arousal_Nike_vs_elf | B90: P15 | C90: M | D90: 33 | E90: B | F90: Stimulus | G90: elf_Commercial | H90: 88944 | I90: 30000 | J90: 30000 | K90: elf_Commercial | L90: 1 | M90: 2 | N90: 4 | O90: 0.2609 | P90: Shimmer3-8956 | Q90: 17.3 | R90: 0 | S90: 74.7 | T90: 4 | U90: =IF(LEFT(G90,8)="Baseline","Baseline",IF(LEFT(G90,8)="Recovery","Recovery","Commercial")) | V90: =IF(ISNUMBER(SEARCH("Nike",G90)),"Nike","elf") | W90: =IF(OR(AND(E90="A",V90="Nike"),AND(E90="B",V90="elf")),"first","second") | X90: =IF(COUNTIFS(Data!$B$2:$B$181,B90,Data!$U$2:$U$181,"Commercial",Data!$Q$2:$Q$181,"<0")+COUNTIFS(Data!$B$2:$B$181,B90,Data!$U$2:$U$181,"Commercial",Data!$R$2:$R$181,">20")>0,"No","Yes") | Y90: =IF(COUNTIFS(Data!$B$2:$B$181,B90,Data!$L$2:$L$181,0)>=4,1,0) | Z90: =M90/(J90/60000) | AA90: =M90/(I90/60000)
A91: SIMULATED_Arousal_Nike_vs_elf | B91: P15 | C91: M | D91: 33 | E91: B | F91: Stimulus | G91: Recovery_elf | H91: 118944 | I91: 15000 | J91: 15000 | K91: Recovery_elf | L91: 1 | M91: 1 | N91: 4 | O91: 0.3148 | P91: Shimmer3-8956 | Q91: 15.8 | R91: 0 | S91: 75.9 | T91: NA | U91: =IF(LEFT(G91,8)="Baseline","Baseline",IF(LEFT(G91,8)="Recovery","Recovery","Commercial")) | V91: =IF(ISNUMBER(SEARCH("Nike",G91)),"Nike","elf") | W91: =IF(OR(AND(E91="A",V91="Nike"),AND(E91="B",V91="elf")),"first","second") | X91: =IF(COUNTIFS(Data!$B$2:$B$181,B91,Data!$U$2:$U$181,"Commercial",Data!$Q$2:$Q$181,"<0")+COUNTIFS(Data!$B$2:$B$181,B91,Data!$U$2:$U$181,"Commercial",Data!$R$2:$R$181,">20")>0,"No","Yes") | Y91: =IF(COUNTIFS(Data!$B$2:$B$181,B91,Data!$L$2:$L$181,0)>=4,1,0) | Z91: =M91/(J91/60000) | AA91: =M91/(I91/60000)
A92: SIMULATED_Arousal_Nike_vs_elf | B92: P16 | C92: F | D92: 25 | E92: A | F92: Stimulus | G92: Baseline_Nike | H92: 23341 | I92: 60000 | J92: 60000 | K92: Baseline_Nike | L92: 0 | M92: 0 | N92: 0 | O92: NA | P92: Shimmer3-B | Q92: 23.6 | R92: 0.4 | S92: 78.2 | T92: NA | U92: =IF(LEFT(G92,8)="Baseline","Baseline",IF(LEFT(G92,8)="Recovery","Recovery","Commercial")) | V92: =IF(ISNUMBER(SEARCH("Nike",G92)),"Nike","elf") | W92: =IF(OR(AND(E92="A",V92="Nike"),AND(E92="B",V92="elf")),"first","second") | X92: =IF(COUNTIFS(Data!$B$2:$B$181,B92,Data!$U$2:$U$181,"Commercial",Data!$Q$2:$Q$181,"<0")+COUNTIFS(Data!$B$2:$B$181,B92,Data!$U$2:$U$181,"Commercial",Data!$R$2:$R$181,">20")>0,"No","Yes") | Y92: =IF(COUNTIFS(Data!$B$2:$B$181,B92,Data!$L$2:$L$181,0)>=4,1,0) | Z92: =M92/(J92/60000) | AA92: =M92/(I92/60000)
A93: SIMULATED_Arousal_Nike_vs_elf | B93: P16 | C93: F | D93: 25 | E93: A | F93: Stimulus | G93: Nike_Commercial | H93: 83341 | I93: 60000 | J93: 60000 | K93: Nike_Commercial | L93: 1 | M93: 1 | N93: 1 | O93: 0.2304 | P93: Shimmer3-B | Q93: 28.4 | R93: 0 | S93: 73.4 | T93: 7 | U93: =IF(LEFT(G93,8)="Baseline","Baseline",IF(LEFT(G93,8)="Recovery","Recovery","Commercial")) | V93: =IF(ISNUMBER(SEARCH("Nike",G93)),"Nike","elf") | W93: =IF(OR(AND(E93="A",V93="Nike"),AND(E93="B",V93="elf")),"first","second") | X93: =IF(COUNTIFS(Data!$B$2:$B$181,B93,Data!$U$2:$U$181,"Commercial",Data!$Q$2:$Q$181,"<0")+COUNTIFS(Data!$B$2:$B$181,B93,Data!$U$2:$U$181,"Commercial",Data!$R$2:$R$181,">20")>0,"No","Yes") | Y93: =IF(COUNTIFS(Data!$B$2:$B$181,B93,Data!$L$2:$L$181,0)>=4,1,0) | Z93: =M93/(J93/60000) | AA93: =M93/(I93/60000)
A94: SIMULATED_Arousal_Nike_vs_elf | B94: P16 | C94: F | D94: 25 | E94: A | F94: Stimulus | G94: Recovery_Nike | H94: 143341 | I94: 15000 | J94: 15000 | K94: Recovery_Nike | L94: 0 | M94: 0 | N94: 0 | O94: NA | P94: Shimmer3-B | Q94: 24.4 | R94: 0 | S94: 72.8 | T94: NA | U94: =IF(LEFT(G94,8)="Baseline","Baseline",IF(LEFT(G94,8)="Recovery","Recovery","Commercial")) | V94: =IF(ISNUMBER(SEARCH("Nike",G94)),"Nike","elf") | W94: =IF(OR(AND(E94="A",V94="Nike"),AND(E94="B",V94="elf")),"first","second") | X94: =IF(COUNTIFS(Data!$B$2:$B$181,B94,Data!$U$2:$U$181,"Commercial",Data!$Q$2:$Q$181,"<0")+COUNTIFS(Data!$B$2:$B$181,B94,Data!$U$2:$U$181,"Commercial",Data!$R$2:$R$181,">20")>0,"No","Yes") | Y94: =IF(COUNTIFS(Data!$B$2:$B$181,B94,Data!$L$2:$L$181,0)>=4,1,0) | Z94: =M94/(J94/60000) | AA94: =M94/(I94/60000)
A95: SIMULATED_Arousal_Nike_vs_elf | B95: P16 | C95: F | D95: 25 | E95: A | F95: Stimulus | G95: Baseline_elf | H95: 340703 | I95: 60000 | J95: 60000 | K95: Baseline_elf | L95: 0 | M95: 0 | N95: 0 | O95: NA | P95: Shimmer3-B | Q95: 17 | R95: 0 | S95: 75 | T95: NA | U95: =IF(LEFT(G95,8)="Baseline","Baseline",IF(LEFT(G95,8)="Recovery","Recovery","Commercial")) | V95: =IF(ISNUMBER(SEARCH("Nike",G95)),"Nike","elf") | W95: =IF(OR(AND(E95="A",V95="Nike"),AND(E95="B",V95="elf")),"first","second") | X95: =IF(COUNTIFS(Data!$B$2:$B$181,B95,Data!$U$2:$U$181,"Commercial",Data!$Q$2:$Q$181,"<0")+COUNTIFS(Data!$B$2:$B$181,B95,Data!$U$2:$U$181,"Commercial",Data!$R$2:$R$181,">20")>0,"No","Yes") | Y95: =IF(COUNTIFS(Data!$B$2:$B$181,B95,Data!$L$2:$L$181,0)>=4,1,0) | Z95: =M95/(J95/60000) | AA95: =M95/(I95/60000)
A96: SIMULATED_Arousal_Nike_vs_elf | B96: P16 | C96: F | D96: 25 | E96: A | F96: Stimulus | G96: elf_Commercial | H96: 400703 | I96: 30000 | J96: 30000 | K96: elf_Commercial | L96: 0 | M96: 0 | N96: 0 | O96: NA | P96: Shimmer3-B | Q96: 20 | R96: 0 | S96: 73.4 | T96: 6 | U96: =IF(LEFT(G96,8)="Baseline","Baseline",IF(LEFT(G96,8)="Recovery","Recovery","Commercial")) | V96: =IF(ISNUMBER(SEARCH("Nike",G96)),"Nike","elf") | W96: =IF(OR(AND(E96="A",V96="Nike"),AND(E96="B",V96="elf")),"first","second") | X96: =IF(COUNTIFS(Data!$B$2:$B$181,B96,Data!$U$2:$U$181,"Commercial",Data!$Q$2:$Q$181,"<0")+COUNTIFS(Data!$B$2:$B$181,B96,Data!$U$2:$U$181,"Commercial",Data!$R$2:$R$181,">20")>0,"No","Yes") | Y96: =IF(COUNTIFS(Data!$B$2:$B$181,B96,Data!$L$2:$L$181,0)>=4,1,0) | Z96: =M96/(J96/60000) | AA96: =M96/(I96/60000)
A97: SIMULATED_Arousal_Nike_vs_elf | B97: P16 | C97: F | D97: 25 | E97: A | F97: Stimulus | G97: Recovery_elf | H97: 430703 | I97: 15000 | J97: 15000 | K97: Recovery_elf | L97: 0 | M97: 0 | N97: 0 | O97: NA | P97: Shimmer3-B | Q97: 25.5 | R97: 1.1 | S97: 73.7 | T97: NA | U97: =IF(LEFT(G97,8)="Baseline","Baseline",IF(LEFT(G97,8)="Recovery","Recovery","Commercial")) | V97: =IF(ISNUMBER(SEARCH("Nike",G97)),"Nike","elf") | W97: =IF(OR(AND(E97="A",V97="Nike"),AND(E97="B",V97="elf")),"first","second") | X97: =IF(COUNTIFS(Data!$B$2:$B$181,B97,Data!$U$2:$U$181,"Commercial",Data!$Q$2:$Q$181,"<0")+COUNTIFS(Data!$B$2:$B$181,B97,Data!$U$2:$U$181,"Commercial",Data!$R$2:$R$181,">20")>0,"No","Yes") | Y97: =IF(COUNTIFS(Data!$B$2:$B$181,B97,Data!$L$2:$L$181,0)>=4,1,0) | Z97: =M97/(J97/60000) | AA97: =M97/(I97/60000)
A98: SIMULATED_Arousal_Nike_vs_elf | B98: P17 | C98: M | D98: 21 | E98: B | F98: Stimulus | G98: Baseline_Nike | H98: 309809 | I98: 60000 | J98: 60000 | K98: Baseline_Nike | L98: 1 | M98: 1 | N98: 1 | O98: 0.0898 | P98: Shimmer3-B | Q98: 23.3 | R98: 1.2 | S98: 68.8 | T98: NA | U98: =IF(LEFT(G98,8)="Baseline","Baseline",IF(LEFT(G98,8)="Recovery","Recovery","Commercial")) | V98: =IF(ISNUMBER(SEARCH("Nike",G98)),"Nike","elf") | W98: =IF(OR(AND(E98="A",V98="Nike"),AND(E98="B",V98="elf")),"first","second") | X98: =IF(COUNTIFS(Data!$B$2:$B$181,B98,Data!$U$2:$U$181,"Commercial",Data!$Q$2:$Q$181,"<0")+COUNTIFS(Data!$B$2:$B$181,B98,Data!$U$2:$U$181,"Commercial",Data!$R$2:$R$181,">20")>0,"No","Yes") | Y98: =IF(COUNTIFS(Data!$B$2:$B$181,B98,Data!$L$2:$L$181,0)>=4,1,0) | Z98: =M98/(J98/60000) | AA98: =M98/(I98/60000)
A99: SIMULATED_Arousal_Nike_vs_elf | B99: P17 | C99: M | D99: 21 | E99: B | F99: Stimulus | G99: Nike_Commercial | H99: 369809 | I99: 60000 | J99: 60000 | K99: Nike_Commercial | L99: 1 | M99: 3 | N99: 3 | O99: 0.1573 | P99: Shimmer3-B | Q99: 25.6 | R99: 0 | S99: 68.5 | T99: 5 | U99: =IF(LEFT(G99,8)="Baseline","Baseline",IF(LEFT(G99,8)="Recovery","Recovery","Commercial")) | V99: =IF(ISNUMBER(SEARCH("Nike",G99)),"Nike","elf") | W99: =IF(OR(AND(E99="A",V99="Nike"),AND(E99="B",V99="elf")),"first","second") | X99: =IF(COUNTIFS(Data!$B$2:$B$181,B99,Data!$U$2:$U$181,"Commercial",Data!$Q$2:$Q$181,"<0")+COUNTIFS(Data!$B$2:$B$181,B99,Data!$U$2:$U$181,"Commercial",Data!$R$2:$R$181,">20")>0,"No","Yes") | Y99: =IF(COUNTIFS(Data!$B$2:$B$181,B99,Data!$L$2:$L$181,0)>=4,1,0) | Z99: =M99/(J99/60000) | AA99: =M99/(I99/60000)
A100: SIMULATED_Arousal_Nike_vs_elf | B100: P17 | C100: M | D100: 21 | E100: B | F100: Stimulus | G100: Recovery_Nike | H100: 429809 | I100: 15000 | J100: 15000 | K100: Recovery_Nike | L100: 0 | M100: 0 | N100: 0 | O100: NA | P100: Shimmer3-B | Q100: 25 | R100: 1.1 | S100: 69.3 | T100: NA | U100: =IF(LEFT(G100,8)="Baseline","Baseline",IF(LEFT(G100,8)="Recovery","Recovery","Commercial")) | V100: =IF(ISNUMBER(SEARCH("Nike",G100)),"Nike","elf") | W100: =IF(OR(AND(E100="A",V100="Nike"),AND(E100="B",V100="elf")),"first","second") | X100: =IF(COUNTIFS(Data!$B$2:$B$181,B100,Data!$U$2:$U$181,"Commercial",Data!$Q$2:$Q$181,"<0")+COUNTIFS(Data!$B$2:$B$181,B100,Data!$U$2:$U$181,"Commercial",Data!$R$2:$R$181,">20")>0,"No","Yes") | Y100: =IF(COUNTIFS(Data!$B$2:$B$181,B100,Data!$L$2:$L$181,0)>=4,1,0) | Z100: =M100/(J100/60000) | AA100: =M100/(I100/60000)
...

Sheet Summary
A1: Descriptive table by stimulus (kept respondents only). SIMULATED data.
A2: n = kept respondents. Peaks Per Minute statistics use every kept respondent (nonresponders included). Average Peak Amplitude averages the respondent values that exist (the text NA, a stimulus without a peak, is ignored).
A4: Stimulus | B4: n | C4: PPM mean | D4: PPM SD | E4: Has Peaks (%) | F4: Peak Count mean | G4: Peak amplitude mean (microSiemens) | H4: n with amplitude | I4: Heart rate mean (BPM) | J4: Heart rate SD (BPM) | K4: SNR mean (dB) | L4: Signal missing mean (%)
A5: Baseline_Nike | B5: =COUNTIFS(Data!$G$2:$G$181,$A5,Data!$X$2:$X$181,"Yes") | C5: =AVERAGEIFS(Data!$N$2:$N$181,Data!$G$2:$G$181,$A5,Data!$X$2:$X$181,"Yes") | D5: {=_xlfn.STDEV.S(IF((Data!$G$2:$G$181=$A5)*(Data!$X$2:$X$181="Yes"),Data!$N$2:$N$181))} | E5: =100*AVERAGEIFS(Data!$L$2:$L$181,Data!$G$2:$G$181,$A5,Data!$X$2:$X$181,"Yes") | F5: =AVERAGEIFS(Data!$M$2:$M$181,Data!$G$2:$G$181,$A5,Data!$X$2:$X$181,"Yes") | G5: =AVERAGEIFS(Data!$O$2:$O$181,Data!$G$2:$G$181,$A5,Data!$X$2:$X$181,"Yes") | H5: =COUNTIFS(Data!$G$2:$G$181,$A5,Data!$X$2:$X$181,"Yes",Data!$O$2:$O$181,">0") | I5: =AVERAGEIFS(Data!$S$2:$S$181,Data!$G$2:$G$181,$A5,Data!$X$2:$X$181,"Yes") | J5: {=_xlfn.STDEV.S(IF((Data!$G$2:$G$181=$A5)*(Data!$X$2:$X$181="Yes"),Data!$S$2:$S$181))} | K5: =AVERAGEIFS(Data!$Q$2:$Q$181,Data!$G$2:$G$181,$A5,Data!$X$2:$X$181,"Yes") | L5: =AVERAGEIFS(Data!$R$2:$R$181,Data!$G$2:$G$181,$A5,Data!$X$2:$X$181,"Yes")
A6: Nike_Commercial | B6: =COUNTIFS(Data!$G$2:$G$181,$A6,Data!$X$2:$X$181,"Yes") | C6: =AVERAGEIFS(Data!$N$2:$N$181,Data!$G$2:$G$181,$A6,Data!$X$2:$X$181,"Yes") | D6: {=_xlfn.STDEV.S(IF((Data!$G$2:$G$181=$A6)*(Data!$X$2:$X$181="Yes"),Data!$N$2:$N$181))} | E6: =100*AVERAGEIFS(Data!$L$2:$L$181,Data!$G$2:$G$181,$A6,Data!$X$2:$X$181,"Yes") | F6: =AVERAGEIFS(Data!$M$2:$M$181,Data!$G$2:$G$181,$A6,Data!$X$2:$X$181,"Yes") | G6: =AVERAGEIFS(Data!$O$2:$O$181,Data!$G$2:$G$181,$A6,Data!$X$2:$X$181,"Yes") | H6: =COUNTIFS(Data!$G$2:$G$181,$A6,Data!$X$2:$X$181,"Yes",Data!$O$2:$O$181,">0") | I6: =AVERAGEIFS(Data!$S$2:$S$181,Data!$G$2:$G$181,$A6,Data!$X$2:$X$181,"Yes") | J6: {=_xlfn.STDEV.S(IF((Data!$G$2:$G$181=$A6)*(Data!$X$2:$X$181="Yes"),Data!$S$2:$S$181))} | K6: =AVERAGEIFS(Data!$Q$2:$Q$181,Data!$G$2:$G$181,$A6,Data!$X$2:$X$181,"Yes") | L6: =AVERAGEIFS(Data!$R$2:$R$181,Data!$G$2:$G$181,$A6,Data!$X$2:$X$181,"Yes")
A7: Recovery_Nike | B7: =COUNTIFS(Data!$G$2:$G$181,$A7,Data!$X$2:$X$181,"Yes") | C7: =AVERAGEIFS(Data!$N$2:$N$181,Data!$G$2:$G$181,$A7,Data!$X$2:$X$181,"Yes") | D7: {=_xlfn.STDEV.S(IF((Data!$G$2:$G$181=$A7)*(Data!$X$2:$X$181="Yes"),Data!$N$2:$N$181))} | E7: =100*AVERAGEIFS(Data!$L$2:$L$181,Data!$G$2:$G$181,$A7,Data!$X$2:$X$181,"Yes") | F7: =AVERAGEIFS(Data!$M$2:$M$181,Data!$G$2:$G$181,$A7,Data!$X$2:$X$181,"Yes") | G7: =AVERAGEIFS(Data!$O$2:$O$181,Data!$G$2:$G$181,$A7,Data!$X$2:$X$181,"Yes") | H7: =COUNTIFS(Data!$G$2:$G$181,$A7,Data!$X$2:$X$181,"Yes",Data!$O$2:$O$181,">0") | I7: =AVERAGEIFS(Data!$S$2:$S$181,Data!$G$2:$G$181,$A7,Data!$X$2:$X$181,"Yes") | J7: {=_xlfn.STDEV.S(IF((Data!$G$2:$G$181=$A7)*(Data!$X$2:$X$181="Yes"),Data!$S$2:$S$181))} | K7: =AVERAGEIFS(Data!$Q$2:$Q$181,Data!$G$2:$G$181,$A7,Data!$X$2:$X$181,"Yes") | L7: =AVERAGEIFS(Data!$R$2:$R$181,Data!$G$2:$G$181,$A7,Data!$X$2:$X$181,"Yes")
A8: Baseline_elf | B8: =COUNTIFS(Data!$G$2:$G$181,$A8,Data!$X$2:$X$181,"Yes") | C8: =AVERAGEIFS(Data!$N$2:$N$181,Data!$G$2:$G$181,$A8,Data!$X$2:$X$181,"Yes") | D8: {=_xlfn.STDEV.S(IF((Data!$G$2:$G$181=$A8)*(Data!$X$2:$X$181="Yes"),Data!$N$2:$N$181))} | E8: =100*AVERAGEIFS(Data!$L$2:$L$181,Data!$G$2:$G$181,$A8,Data!$X$2:$X$181,"Yes") | F8: =AVERAGEIFS(Data!$M$2:$M$181,Data!$G$2:$G$181,$A8,Data!$X$2:$X$181,"Yes") | G8: =AVERAGEIFS(Data!$O$2:$O$181,Data!$G$2:$G$181,$A8,Data!$X$2:$X$181,"Yes") | H8: =COUNTIFS(Data!$G$2:$G$181,$A8,Data!$X$2:$X$181,"Yes",Data!$O$2:$O$181,">0") | I8: =AVERAGEIFS(Data!$S$2:$S$181,Data!$G$2:$G$181,$A8,Data!$X$2:$X$181,"Yes") | J8: {=_xlfn.STDEV.S(IF((Data!$G$2:$G$181=$A8)*(Data!$X$2:$X$181="Yes"),Data!$S$2:$S$181))} | K8: =AVERAGEIFS(Data!$Q$2:$Q$181,Data!$G$2:$G$181,$A8,Data!$X$2:$X$181,"Yes") | L8: =AVERAGEIFS(Data!$R$2:$R$181,Data!$G$2:$G$181,$A8,Data!$X$2:$X$181,"Yes")
A9: elf_Commercial | B9: =COUNTIFS(Data!$G$2:$G$181,$A9,Data!$X$2:$X$181,"Yes") | C9: =AVERAGEIFS(Data!$N$2:$N$181,Data!$G$2:$G$181,$A9,Data!$X$2:$X$181,"Yes") | D9: {=_xlfn.STDEV.S(IF((Data!$G$2:$G$181=$A9)*(Data!$X$2:$X$181="Yes"),Data!$N$2:$N$181))} | E9: =100*AVERAGEIFS(Data!$L$2:$L$181,Data!$G$2:$G$181,$A9,Data!$X$2:$X$181,"Yes") | F9: =AVERAGEIFS(Data!$M$2:$M$181,Data!$G$2:$G$181,$A9,Data!$X$2:$X$181,"Yes") | G9: =AVERAGEIFS(Data!$O$2:$O$181,Data!$G$2:$G$181,$A9,Data!$X$2:$X$181,"Yes") | H9: =COUNTIFS(Data!$G$2:$G$181,$A9,Data!$X$2:$X$181,"Yes",Data!$O$2:$O$181,">0") | I9: =AVERAGEIFS(Data!$S$2:$S$181,Data!$G$2:$G$181,$A9,Data!$X$2:$X$181,"Yes") | J9: {=_xlfn.STDEV.S(IF((Data!$G$2:$G$181=$A9)*(Data!$X$2:$X$181="Yes"),Data!$S$2:$S$181))} | K9: =AVERAGEIFS(Data!$Q$2:$Q$181,Data!$G$2:$G$181,$A9,Data!$X$2:$X$181,"Yes") | L9: =AVERAGEIFS(Data!$R$2:$R$181,Data!$G$2:$G$181,$A9,Data!$X$2:$X$181,"Yes")
A10: Recovery_elf | B10: =COUNTIFS(Data!$G$2:$G$181,$A10,Data!$X$2:$X$181,"Yes") | C10: =AVERAGEIFS(Data!$N$2:$N$181,Data!$G$2:$G$181,$A10,Data!$X$2:$X$181,"Yes") | D10: {=_xlfn.STDEV.S(IF((Data!$G$2:$G$181=$A10)*(Data!$X$2:$X$181="Yes"),Data!$N$2:$N$181))} | E10: =100*AVERAGEIFS(Data!$L$2:$L$181,Data!$G$2:$G$181,$A10,Data!$X$2:$X$181,"Yes") | F10: =AVERAGEIFS(Data!$M$2:$M$181,Data!$G$2:$G$181,$A10,Data!$X$2:$X$181,"Yes") | G10: =AVERAGEIFS(Data!$O$2:$O$181,Data!$G$2:$G$181,$A10,Data!$X$2:$X$181,"Yes") | H10: =COUNTIFS(Data!$G$2:$G$181,$A10,Data!$X$2:$X$181,"Yes",Data!$O$2:$O$181,">0") | I10: =AVERAGEIFS(Data!$S$2:$S$181,Data!$G$2:$G$181,$A10,Data!$X$2:$X$181,"Yes") | J10: {=_xlfn.STDEV.S(IF((Data!$G$2:$G$181=$A10)*(Data!$X$2:$X$181="Yes"),Data!$S$2:$S$181))} | K10: =AVERAGEIFS(Data!$Q$2:$Q$181,Data!$G$2:$G$181,$A10,Data!$X$2:$X$181,"Yes") | L10: =AVERAGEIFS(Data!$R$2:$R$181,Data!$G$2:$G$181,$A10,Data!$X$2:$X$181,"Yes")
A12: Array formulas (columns D and J): Excel 365 evaluates them with Enter; Excel 2019 or older needs Ctrl+Shift+Enter after editing.
A13: Why Peaks Per Minute uses Signal Duration (kept respondents)
A14: Rows with Signal Duration shorter than Duration | B14: =SUMPRODUCT(--(Data!$J$2:$J$181<Data!$I$2:$I$181),--(Data!$X$2:$X$181="Yes"))
A15: Largest understatement if Duration were used (peaks per minute) | B15: =SUMPRODUCT(MAX((Data!$X$2:$X$181="Yes")*(Data!$Z$2:$Z$181-Data!$AA$2:$AA$181)))
A16: Largest gap between the exported Peaks Per Minute and PPM_recalc (all rows) | B16: =SUMPRODUCT(MAX(ABS(Data!$N$2:$N$181-Data!$Z$2:$Z$181)))
A17: Device check (kept respondents; the analysis pools the two devices)
A18: Device | B18: Rows | C18: SNR mean (dB) | D18: PPM mean (baselines and commercials)
A19: Shimmer3-8956 | B19: =COUNTIFS(Data!$P$2:$P$181,$A19,Data!$X$2:$X$181,"Yes") | C19: =AVERAGEIFS(Data!$Q$2:$Q$181,Data!$P$2:$P$181,$A19,Data!$X$2:$X$181,"Yes") | D19: =AVERAGEIFS(Data!$N$2:$N$181,Data!$P$2:$P$181,$A19,Data!$X$2:$X$181,"Yes",Data!$U$2:$U$181,"<>Recovery")
A20: Shimmer3-B | B20: =COUNTIFS(Data!$P$2:$P$181,$A20,Data!$X$2:$X$181,"Yes") | C20: =AVERAGEIFS(Data!$Q$2:$Q$181,Data!$P$2:$P$181,$A20,Data!$X$2:$X$181,"Yes") | D20: =AVERAGEIFS(Data!$N$2:$N$181,Data!$P$2:$P$181,$A20,Data!$X$2:$X$181,"Yes",Data!$U$2:$U$181,"<>Recovery")
A23: Chart table: mean Peaks Per Minute by stimulus
A24: Stimulus | B24: Mean PPM
A25: Baseline_Nike | B25: =C5
A26: Nike_Commercial | B26: =C6
A27: Recovery_Nike | B27: =C7
A28: Baseline_elf | B28: =C8
A29: elf_Commercial | B29: =C9
A30: Recovery_elf | B30: =C10

Sheet H1
A1: H1. Peaks Per Minute in each commercial versus its own baseline, kept respondents. SIMULATED data.
A2: One row per kept respondent; responders in rows 5 to 29, the 3 nonresponders in rows 30 to 32. Columns D, E, G, H pull Peaks Per Minute from the Data sheet with SUMIFS (each respondent has exactly one row per stimulus); J and K pull the self reported arousal. Differences are commercial MINUS baseline.
A4: Respondent Name | B4: Group (order) | C4: Nonresponder | D4: Baseline_Nike PPM | E4: Nike_Commercial PPM | F4: Difference Nike (commercial minus baseline) | G4: Baseline_elf PPM | H4: elf_Commercial PPM | I4: Difference e.l.f. (commercial minus baseline) | J4: Arousal_Nike_1to9 | K4: Arousal_elf_1to9 | L4: Mean arousal (both commercials) | M4: Mean commercial PPM (both) | O4: Statistic | P4: Value | Q4: Formula shown | R4: Note
A5: P01 | B5: =INDEX(Data!$E$2:$E$181,MATCH($A5,Data!$B$2:$B$181,0)) | C5: =INDEX(Data!$Y$2:$Y$181,MATCH($A5,Data!$B$2:$B$181,0)) | D5: =SUMIFS(Data!$N$2:$N$181,Data!$B$2:$B$181,$A5,Data!$G$2:$G$181,"Baseline_Nike") | E5: =SUMIFS(Data!$N$2:$N$181,Data!$B$2:$B$181,$A5,Data!$G$2:$G$181,"Nike_Commercial") | F5: =E5-D5 | G5: =SUMIFS(Data!$N$2:$N$181,Data!$B$2:$B$181,$A5,Data!$G$2:$G$181,"Baseline_elf") | H5: =SUMIFS(Data!$N$2:$N$181,Data!$B$2:$B$181,$A5,Data!$G$2:$G$181,"elf_Commercial") | I5: =H5-G5 | J5: =SUMIFS(Data!$T$2:$T$181,Data!$B$2:$B$181,$A5,Data!$G$2:$G$181,"Nike_Commercial") | K5: =SUMIFS(Data!$T$2:$T$181,Data!$B$2:$B$181,$A5,Data!$G$2:$G$181,"elf_Commercial") | L5: =(J5+K5)/2 | M5: =(E5+H5)/2 | O5: Nike: paired t test and d_z, all kept respondents (Peaks Per Minute)
A6: P02 | B6: =INDEX(Data!$E$2:$E$181,MATCH($A6,Data!$B$2:$B$181,0)) | C6: =INDEX(Data!$Y$2:$Y$181,MATCH($A6,Data!$B$2:$B$181,0)) | D6: =SUMIFS(Data!$N$2:$N$181,Data!$B$2:$B$181,$A6,Data!$G$2:$G$181,"Baseline_Nike") | E6: =SUMIFS(Data!$N$2:$N$181,Data!$B$2:$B$181,$A6,Data!$G$2:$G$181,"Nike_Commercial") | F6: =E6-D6 | G6: =SUMIFS(Data!$N$2:$N$181,Data!$B$2:$B$181,$A6,Data!$G$2:$G$181,"Baseline_elf") | H6: =SUMIFS(Data!$N$2:$N$181,Data!$B$2:$B$181,$A6,Data!$G$2:$G$181,"elf_Commercial") | I6: =H6-G6 | J6: =SUMIFS(Data!$T$2:$T$181,Data!$B$2:$B$181,$A6,Data!$G$2:$G$181,"Nike_Commercial") | K6: =SUMIFS(Data!$T$2:$T$181,Data!$B$2:$B$181,$A6,Data!$G$2:$G$181,"elf_Commercial") | L6: =(J6+K6)/2 | M6: =(E6+H6)/2 | O6: Baseline_Nike mean (peaks per minute) | P6: =AVERAGE(D5:D32) | Q6: =AVERAGE(D5:D32) | R6: AVERAGE of the reference column
A7: P04 | B7: =INDEX(Data!$E$2:$E$181,MATCH($A7,Data!$B$2:$B$181,0)) | C7: =INDEX(Data!$Y$2:$Y$181,MATCH($A7,Data!$B$2:$B$181,0)) | D7: =SUMIFS(Data!$N$2:$N$181,Data!$B$2:$B$181,$A7,Data!$G$2:$G$181,"Baseline_Nike") | E7: =SUMIFS(Data!$N$2:$N$181,Data!$B$2:$B$181,$A7,Data!$G$2:$G$181,"Nike_Commercial") | F7: =E7-D7 | G7: =SUMIFS(Data!$N$2:$N$181,Data!$B$2:$B$181,$A7,Data!$G$2:$G$181,"Baseline_elf") | H7: =SUMIFS(Data!$N$2:$N$181,Data!$B$2:$B$181,$A7,Data!$G$2:$G$181,"elf_Commercial") | I7: =H7-G7 | J7: =SUMIFS(Data!$T$2:$T$181,Data!$B$2:$B$181,$A7,Data!$G$2:$G$181,"Nike_Commercial") | K7: =SUMIFS(Data!$T$2:$T$181,Data!$B$2:$B$181,$A7,Data!$G$2:$G$181,"elf_Commercial") | L7: =(J7+K7)/2 | M7: =(E7+H7)/2 | O7: Baseline_Nike SD (peaks per minute) | P7: =_xlfn.STDEV.S(D5:D32) | Q7: =STDEV.S(D5:D32) | R7: STDEV.S = sample standard deviation
A8: P05 | B8: =INDEX(Data!$E$2:$E$181,MATCH($A8,Data!$B$2:$B$181,0)) | C8: =INDEX(Data!$Y$2:$Y$181,MATCH($A8,Data!$B$2:$B$181,0)) | D8: =SUMIFS(Data!$N$2:$N$181,Data!$B$2:$B$181,$A8,Data!$G$2:$G$181,"Baseline_Nike") | E8: =SUMIFS(Data!$N$2:$N$181,Data!$B$2:$B$181,$A8,Data!$G$2:$G$181,"Nike_Commercial") | F8: =E8-D8 | G8: =SUMIFS(Data!$N$2:$N$181,Data!$B$2:$B$181,$A8,Data!$G$2:$G$181,"Baseline_elf") | H8: =SUMIFS(Data!$N$2:$N$181,Data!$B$2:$B$181,$A8,Data!$G$2:$G$181,"elf_Commercial") | I8: =H8-G8 | J8: =SUMIFS(Data!$T$2:$T$181,Data!$B$2:$B$181,$A8,Data!$G$2:$G$181,"Nike_Commercial") | K8: =SUMIFS(Data!$T$2:$T$181,Data!$B$2:$B$181,$A8,Data!$G$2:$G$181,"elf_Commercial") | L8: =(J8+K8)/2 | M8: =(E8+H8)/2 | O8: Nike_Commercial mean (peaks per minute) | P8: =AVERAGE(E5:E32) | Q8: =AVERAGE(E5:E32)
A9: P06 | B9: =INDEX(Data!$E$2:$E$181,MATCH($A9,Data!$B$2:$B$181,0)) | C9: =INDEX(Data!$Y$2:$Y$181,MATCH($A9,Data!$B$2:$B$181,0)) | D9: =SUMIFS(Data!$N$2:$N$181,Data!$B$2:$B$181,$A9,Data!$G$2:$G$181,"Baseline_Nike") | E9: =SUMIFS(Data!$N$2:$N$181,Data!$B$2:$B$181,$A9,Data!$G$2:$G$181,"Nike_Commercial") | F9: =E9-D9 | G9: =SUMIFS(Data!$N$2:$N$181,Data!$B$2:$B$181,$A9,Data!$G$2:$G$181,"Baseline_elf") | H9: =SUMIFS(Data!$N$2:$N$181,Data!$B$2:$B$181,$A9,Data!$G$2:$G$181,"elf_Commercial") | I9: =H9-G9 | J9: =SUMIFS(Data!$T$2:$T$181,Data!$B$2:$B$181,$A9,Data!$G$2:$G$181,"Nike_Commercial") | K9: =SUMIFS(Data!$T$2:$T$181,Data!$B$2:$B$181,$A9,Data!$G$2:$G$181,"elf_Commercial") | L9: =(J9+K9)/2 | M9: =(E9+H9)/2 | O9: Nike_Commercial SD (peaks per minute) | P9: =_xlfn.STDEV.S(E5:E32) | Q9: =STDEV.S(E5:E32)
A10: P07 | B10: =INDEX(Data!$E$2:$E$181,MATCH($A10,Data!$B$2:$B$181,0)) | C10: =INDEX(Data!$Y$2:$Y$181,MATCH($A10,Data!$B$2:$B$181,0)) | D10: =SUMIFS(Data!$N$2:$N$181,Data!$B$2:$B$181,$A10,Data!$G$2:$G$181,"Baseline_Nike") | E10: =SUMIFS(Data!$N$2:$N$181,Data!$B$2:$B$181,$A10,Data!$G$2:$G$181,"Nike_Commercial") | F10: =E10-D10 | G10: =SUMIFS(Data!$N$2:$N$181,Data!$B$2:$B$181,$A10,Data!$G$2:$G$181,"Baseline_elf") | H10: =SUMIFS(Data!$N$2:$N$181,Data!$B$2:$B$181,$A10,Data!$G$2:$G$181,"elf_Commercial") | I10: =H10-G10 | J10: =SUMIFS(Data!$T$2:$T$181,Data!$B$2:$B$181,$A10,Data!$G$2:$G$181,"Nike_Commercial") | K10: =SUMIFS(Data!$T$2:$T$181,Data!$B$2:$B$181,$A10,Data!$G$2:$G$181,"elf_Commercial") | L10: =(J10+K10)/2 | M10: =(E10+H10)/2 | O10: n pairs | P10: =COUNT(F5:F32) | Q10: =COUNT(F5:F32) | R10: COUNT of the difference column; must equal the check below
A11: P08 | B11: =INDEX(Data!$E$2:$E$181,MATCH($A11,Data!$B$2:$B$181,0)) | C11: =INDEX(Data!$Y$2:$Y$181,MATCH($A11,Data!$B$2:$B$181,0)) | D11: =SUMIFS(Data!$N$2:$N$181,Data!$B$2:$B$181,$A11,Data!$G$2:$G$181,"Baseline_Nike") | E11: =SUMIFS(Data!$N$2:$N$181,Data!$B$2:$B$181,$A11,Data!$G$2:$G$181,"Nike_Commercial") | F11: =E11-D11 | G11: =SUMIFS(Data!$N$2:$N$181,Data!$B$2:$B$181,$A11,Data!$G$2:$G$181,"Baseline_elf") | H11: =SUMIFS(Data!$N$2:$N$181,Data!$B$2:$B$181,$A11,Data!$G$2:$G$181,"elf_Commercial") | I11: =H11-G11 | J11: =SUMIFS(Data!$T$2:$T$181,Data!$B$2:$B$181,$A11,Data!$G$2:$G$181,"Nike_Commercial") | K11: =SUMIFS(Data!$T$2:$T$181,Data!$B$2:$B$181,$A11,Data!$G$2:$G$181,"elf_Commercial") | L11: =(J11+K11)/2 | M11: =(E11+H11)/2 | O11: Mean difference, Nike_Commercial minus Baseline_Nike (peaks per minute) | P11: =AVERAGE(F5:F32) | Q11: =AVERAGE(F5:F32)
A12: P09 | B12: =INDEX(Data!$E$2:$E$181,MATCH($A12,Data!$B$2:$B$181,0)) | C12: =INDEX(Data!$Y$2:$Y$181,MATCH($A12,Data!$B$2:$B$181,0)) | D12: =SUMIFS(Data!$N$2:$N$181,Data!$B$2:$B$181,$A12,Data!$G$2:$G$181,"Baseline_Nike") | E12: =SUMIFS(Data!$N$2:$N$181,Data!$B$2:$B$181,$A12,Data!$G$2:$G$181,"Nike_Commercial") | F12: =E12-D12 | G12: =SUMIFS(Data!$N$2:$N$181,Data!$B$2:$B$181,$A12,Data!$G$2:$G$181,"Baseline_elf") | H12: =SUMIFS(Data!$N$2:$N$181,Data!$B$2:$B$181,$A12,Data!$G$2:$G$181,"elf_Commercial") | I12: =H12-G12 | J12: =SUMIFS(Data!$T$2:$T$181,Data!$B$2:$B$181,$A12,Data!$G$2:$G$181,"Nike_Commercial") | K12: =SUMIFS(Data!$T$2:$T$181,Data!$B$2:$B$181,$A12,Data!$G$2:$G$181,"elf_Commercial") | L12: =(J12+K12)/2 | M12: =(E12+H12)/2 | O12: SD of the differences (peaks per minute) | P12: =_xlfn.STDEV.S(F5:F32) | Q12: =STDEV.S(F5:F32) | R12: the SD that matters in a paired test
A13: P10 | B13: =INDEX(Data!$E$2:$E$181,MATCH($A13,Data!$B$2:$B$181,0)) | C13: =INDEX(Data!$Y$2:$Y$181,MATCH($A13,Data!$B$2:$B$181,0)) | D13: =SUMIFS(Data!$N$2:$N$181,Data!$B$2:$B$181,$A13,Data!$G$2:$G$181,"Baseline_Nike") | E13: =SUMIFS(Data!$N$2:$N$181,Data!$B$2:$B$181,$A13,Data!$G$2:$G$181,"Nike_Commercial") | F13: =E13-D13 | G13: =SUMIFS(Data!$N$2:$N$181,Data!$B$2:$B$181,$A13,Data!$G$2:$G$181,"Baseline_elf") | H13: =SUMIFS(Data!$N$2:$N$181,Data!$B$2:$B$181,$A13,Data!$G$2:$G$181,"elf_Commercial") | I13: =H13-G13 | J13: =SUMIFS(Data!$T$2:$T$181,Data!$B$2:$B$181,$A13,Data!$G$2:$G$181,"Nike_Commercial") | K13: =SUMIFS(Data!$T$2:$T$181,Data!$B$2:$B$181,$A13,Data!$G$2:$G$181,"elf_Commercial") | L13: =(J13+K13)/2 | M13: =(E13+H13)/2 | O13: SE of the mean difference | P13: =P12/SQRT(P10) | Q13: =P12/SQRT(P10) | R13: SD of differences / sqrt(n)
A14: P12 | B14: =INDEX(Data!$E$2:$E$181,MATCH($A14,Data!$B$2:$B$181,0)) | C14: =INDEX(Data!$Y$2:$Y$181,MATCH($A14,Data!$B$2:$B$181,0)) | D14: =SUMIFS(Data!$N$2:$N$181,Data!$B$2:$B$181,$A14,Data!$G$2:$G$181,"Baseline_Nike") | E14: =SUMIFS(Data!$N$2:$N$181,Data!$B$2:$B$181,$A14,Data!$G$2:$G$181,"Nike_Commercial") | F14: =E14-D14 | G14: =SUMIFS(Data!$N$2:$N$181,Data!$B$2:$B$181,$A14,Data!$G$2:$G$181,"Baseline_elf") | H14: =SUMIFS(Data!$N$2:$N$181,Data!$B$2:$B$181,$A14,Data!$G$2:$G$181,"elf_Commercial") | I14: =H14-G14 | J14: =SUMIFS(Data!$T$2:$T$181,Data!$B$2:$B$181,$A14,Data!$G$2:$G$181,"Nike_Commercial") | K14: =SUMIFS(Data!$T$2:$T$181,Data!$B$2:$B$181,$A14,Data!$G$2:$G$181,"elf_Commercial") | L14: =(J14+K14)/2 | M14: =(E14+H14)/2 | O14: Paired t | P14: =P11/P13 | Q14: =P11/P13 | R14: t = mean difference / SE
A15: P13 | B15: =INDEX(Data!$E$2:$E$181,MATCH($A15,Data!$B$2:$B$181,0)) | C15: =INDEX(Data!$Y$2:$Y$181,MATCH($A15,Data!$B$2:$B$181,0)) | D15: =SUMIFS(Data!$N$2:$N$181,Data!$B$2:$B$181,$A15,Data!$G$2:$G$181,"Baseline_Nike") | E15: =SUMIFS(Data!$N$2:$N$181,Data!$B$2:$B$181,$A15,Data!$G$2:$G$181,"Nike_Commercial") | F15: =E15-D15 | G15: =SUMIFS(Data!$N$2:$N$181,Data!$B$2:$B$181,$A15,Data!$G$2:$G$181,"Baseline_elf") | H15: =SUMIFS(Data!$N$2:$N$181,Data!$B$2:$B$181,$A15,Data!$G$2:$G$181,"elf_Commercial") | I15: =H15-G15 | J15: =SUMIFS(Data!$T$2:$T$181,Data!$B$2:$B$181,$A15,Data!$G$2:$G$181,"Nike_Commercial") | K15: =SUMIFS(Data!$T$2:$T$181,Data!$B$2:$B$181,$A15,Data!$G$2:$G$181,"elf_Commercial") | L15: =(J15+K15)/2 | M15: =(E15+H15)/2 | O15: df | P15: =P10-1 | Q15: =P10-1 | R15: n pairs minus 1
A16: P14 | B16: =INDEX(Data!$E$2:$E$181,MATCH($A16,Data!$B$2:$B$181,0)) | C16: =INDEX(Data!$Y$2:$Y$181,MATCH($A16,Data!$B$2:$B$181,0)) | D16: =SUMIFS(Data!$N$2:$N$181,Data!$B$2:$B$181,$A16,Data!$G$2:$G$181,"Baseline_Nike") | E16: =SUMIFS(Data!$N$2:$N$181,Data!$B$2:$B$181,$A16,Data!$G$2:$G$181,"Nike_Commercial") | F16: =E16-D16 | G16: =SUMIFS(Data!$N$2:$N$181,Data!$B$2:$B$181,$A16,Data!$G$2:$G$181,"Baseline_elf") | H16: =SUMIFS(Data!$N$2:$N$181,Data!$B$2:$B$181,$A16,Data!$G$2:$G$181,"elf_Commercial") | I16: =H16-G16 | J16: =SUMIFS(Data!$T$2:$T$181,Data!$B$2:$B$181,$A16,Data!$G$2:$G$181,"Nike_Commercial") | K16: =SUMIFS(Data!$T$2:$T$181,Data!$B$2:$B$181,$A16,Data!$G$2:$G$181,"elf_Commercial") | L16: =(J16+K16)/2 | M16: =(E16+H16)/2 | O16: p, two tailed (T.TEST type 1) | P16: =_xlfn.T.TEST(D5:D32,E5:E32,2,1) | Q16: =T.TEST(D5:D32,E5:E32,2,1) | R16: tails = 2, type = 1 means paired
A17: P15 | B17: =INDEX(Data!$E$2:$E$181,MATCH($A17,Data!$B$2:$B$181,0)) | C17: =INDEX(Data!$Y$2:$Y$181,MATCH($A17,Data!$B$2:$B$181,0)) | D17: =SUMIFS(Data!$N$2:$N$181,Data!$B$2:$B$181,$A17,Data!$G$2:$G$181,"Baseline_Nike") | E17: =SUMIFS(Data!$N$2:$N$181,Data!$B$2:$B$181,$A17,Data!$G$2:$G$181,"Nike_Commercial") | F17: =E17-D17 | G17: =SUMIFS(Data!$N$2:$N$181,Data!$B$2:$B$181,$A17,Data!$G$2:$G$181,"Baseline_elf") | H17: =SUMIFS(Data!$N$2:$N$181,Data!$B$2:$B$181,$A17,Data!$G$2:$G$181,"elf_Commercial") | I17: =H17-G17 | J17: =SUMIFS(Data!$T$2:$T$181,Data!$B$2:$B$181,$A17,Data!$G$2:$G$181,"Nike_Commercial") | K17: =SUMIFS(Data!$T$2:$T$181,Data!$B$2:$B$181,$A17,Data!$G$2:$G$181,"elf_Commercial") | L17: =(J17+K17)/2 | M17: =(E17+H17)/2 | O17: p from the hand computed t | P17: =_xlfn.T.DIST.2T(ABS(P14),P15) | Q17: =T.DIST.2T(ABS(P14),P15) | R17: should match the T.TEST cell
A18: P17 | B18: =INDEX(Data!$E$2:$E$181,MATCH($A18,Data!$B$2:$B$181,0)) | C18: =INDEX(Data!$Y$2:$Y$181,MATCH($A18,Data!$B$2:$B$181,0)) | D18: =SUMIFS(Data!$N$2:$N$181,Data!$B$2:$B$181,$A18,Data!$G$2:$G$181,"Baseline_Nike") | E18: =SUMIFS(Data!$N$2:$N$181,Data!$B$2:$B$181,$A18,Data!$G$2:$G$181,"Nike_Commercial") | F18: =E18-D18 | G18: =SUMIFS(Data!$N$2:$N$181,Data!$B$2:$B$181,$A18,Data!$G$2:$G$181,"Baseline_elf") | H18: =SUMIFS(Data!$N$2:$N$181,Data!$B$2:$B$181,$A18,Data!$G$2:$G$181,"elf_Commercial") | I18: =H18-G18 | J18: =SUMIFS(Data!$T$2:$T$181,Data!$B$2:$B$181,$A18,Data!$G$2:$G$181,"Nike_Commercial") | K18: =SUMIFS(Data!$T$2:$T$181,Data!$B$2:$B$181,$A18,Data!$G$2:$G$181,"elf_Commercial") | L18: =(J18+K18)/2 | M18: =(E18+H18)/2 | O18: Critical t (95%) | P18: =_xlfn.T.INV.2T(0.05,P15) | Q18: =T.INV.2T(0.05,P15) | R18: two tailed, alpha = .05
A19: P18 | B19: =INDEX(Data!$E$2:$E$181,MATCH($A19,Data!$B$2:$B$181,0)) | C19: =INDEX(Data!$Y$2:$Y$181,MATCH($A19,Data!$B$2:$B$181,0)) | D19: =SUMIFS(Data!$N$2:$N$181,Data!$B$2:$B$181,$A19,Data!$G$2:$G$181,"Baseline_Nike") | E19: =SUMIFS(Data!$N$2:$N$181,Data!$B$2:$B$181,$A19,Data!$G$2:$G$181,"Nike_Commercial") | F19: =E19-D19 | G19: =SUMIFS(Data!$N$2:$N$181,Data!$B$2:$B$181,$A19,Data!$G$2:$G$181,"Baseline_elf") | H19: =SUMIFS(Data!$N$2:$N$181,Data!$B$2:$B$181,$A19,Data!$G$2:$G$181,"elf_Commercial") | I19: =H19-G19 | J19: =SUMIFS(Data!$T$2:$T$181,Data!$B$2:$B$181,$A19,Data!$G$2:$G$181,"Nike_Commercial") | K19: =SUMIFS(Data!$T$2:$T$181,Data!$B$2:$B$181,$A19,Data!$G$2:$G$181,"elf_Commercial") | L19: =(J19+K19)/2 | M19: =(E19+H19)/2 | O19: Mean difference 95% CI lower | P19: =P11-P18*P13 | Q19: =P11-P18*P13
A20: P19 | B20: =INDEX(Data!$E$2:$E$181,MATCH($A20,Data!$B$2:$B$181,0)) | C20: =INDEX(Data!$Y$2:$Y$181,MATCH($A20,Data!$B$2:$B$181,0)) | D20: =SUMIFS(Data!$N$2:$N$181,Data!$B$2:$B$181,$A20,Data!$G$2:$G$181,"Baseline_Nike") | E20: =SUMIFS(Data!$N$2:$N$181,Data!$B$2:$B$181,$A20,Data!$G$2:$G$181,"Nike_Commercial") | F20: =E20-D20 | G20: =SUMIFS(Data!$N$2:$N$181,Data!$B$2:$B$181,$A20,Data!$G$2:$G$181,"Baseline_elf") | H20: =SUMIFS(Data!$N$2:$N$181,Data!$B$2:$B$181,$A20,Data!$G$2:$G$181,"elf_Commercial") | I20: =H20-G20 | J20: =SUMIFS(Data!$T$2:$T$181,Data!$B$2:$B$181,$A20,Data!$G$2:$G$181,"Nike_Commercial") | K20: =SUMIFS(Data!$T$2:$T$181,Data!$B$2:$B$181,$A20,Data!$G$2:$G$181,"elf_Commercial") | L20: =(J20+K20)/2 | M20: =(E20+H20)/2 | O20: Mean difference 95% CI upper | P20: =P11+P18*P13 | Q20: =P11+P18*P13
A21: P20 | B21: =INDEX(Data!$E$2:$E$181,MATCH($A21,Data!$B$2:$B$181,0)) | C21: =INDEX(Data!$Y$2:$Y$181,MATCH($A21,Data!$B$2:$B$181,0)) | D21: =SUMIFS(Data!$N$2:$N$181,Data!$B$2:$B$181,$A21,Data!$G$2:$G$181,"Baseline_Nike") | E21: =SUMIFS(Data!$N$2:$N$181,Data!$B$2:$B$181,$A21,Data!$G$2:$G$181,"Nike_Commercial") | F21: =E21-D21 | G21: =SUMIFS(Data!$N$2:$N$181,Data!$B$2:$B$181,$A21,Data!$G$2:$G$181,"Baseline_elf") | H21: =SUMIFS(Data!$N$2:$N$181,Data!$B$2:$B$181,$A21,Data!$G$2:$G$181,"elf_Commercial") | I21: =H21-G21 | J21: =SUMIFS(Data!$T$2:$T$181,Data!$B$2:$B$181,$A21,Data!$G$2:$G$181,"Nike_Commercial") | K21: =SUMIFS(Data!$T$2:$T$181,Data!$B$2:$B$181,$A21,Data!$G$2:$G$181,"elf_Commercial") | L21: =(J21+K21)/2 | M21: =(E21+H21)/2 | O21: Cohen's d_z | P21: =P11/P12 | Q21: =P11/P12 | R21: d_z = mean difference / SD of differences
A22: P22 | B22: =INDEX(Data!$E$2:$E$181,MATCH($A22,Data!$B$2:$B$181,0)) | C22: =INDEX(Data!$Y$2:$Y$181,MATCH($A22,Data!$B$2:$B$181,0)) | D22: =SUMIFS(Data!$N$2:$N$181,Data!$B$2:$B$181,$A22,Data!$G$2:$G$181,"Baseline_Nike") | E22: =SUMIFS(Data!$N$2:$N$181,Data!$B$2:$B$181,$A22,Data!$G$2:$G$181,"Nike_Commercial") | F22: =E22-D22 | G22: =SUMIFS(Data!$N$2:$N$181,Data!$B$2:$B$181,$A22,Data!$G$2:$G$181,"Baseline_elf") | H22: =SUMIFS(Data!$N$2:$N$181,Data!$B$2:$B$181,$A22,Data!$G$2:$G$181,"elf_Commercial") | I22: =H22-G22 | J22: =SUMIFS(Data!$T$2:$T$181,Data!$B$2:$B$181,$A22,Data!$G$2:$G$181,"Nike_Commercial") | K22: =SUMIFS(Data!$T$2:$T$181,Data!$B$2:$B$181,$A22,Data!$G$2:$G$181,"elf_Commercial") | L22: =(J22+K22)/2 | M22: =(E22+H22)/2 | O22: SE of d_z (approximation) | P22: =SQRT(1/P10+P21^2/(2*P10)) | Q22: =SQRT(1/P10+P21^2/(2*P10)) | R22: sqrt(1/n + d_z^2 / (2 n))
A23: P23 | B23: =INDEX(Data!$E$2:$E$181,MATCH($A23,Data!$B$2:$B$181,0)) | C23: =INDEX(Data!$Y$2:$Y$181,MATCH($A23,Data!$B$2:$B$181,0)) | D23: =SUMIFS(Data!$N$2:$N$181,Data!$B$2:$B$181,$A23,Data!$G$2:$G$181,"Baseline_Nike") | E23: =SUMIFS(Data!$N$2:$N$181,Data!$B$2:$B$181,$A23,Data!$G$2:$G$181,"Nike_Commercial") | F23: =E23-D23 | G23: =SUMIFS(Data!$N$2:$N$181,Data!$B$2:$B$181,$A23,Data!$G$2:$G$181,"Baseline_elf") | H23: =SUMIFS(Data!$N$2:$N$181,Data!$B$2:$B$181,$A23,Data!$G$2:$G$181,"elf_Commercial") | I23: =H23-G23 | J23: =SUMIFS(Data!$T$2:$T$181,Data!$B$2:$B$181,$A23,Data!$G$2:$G$181,"Nike_Commercial") | K23: =SUMIFS(Data!$T$2:$T$181,Data!$B$2:$B$181,$A23,Data!$G$2:$G$181,"elf_Commercial") | L23: =(J23+K23)/2 | M23: =(E23+H23)/2 | O23: d_z 95% CI lower | P23: =P21-1.96*P22 | Q23: =P21-1.96*P22 | R23: large sample approximation; R uses the noncentral t interval
A24: P25 | B24: =INDEX(Data!$E$2:$E$181,MATCH($A24,Data!$B$2:$B$181,0)) | C24: =INDEX(Data!$Y$2:$Y$181,MATCH($A24,Data!$B$2:$B$181,0)) | D24: =SUMIFS(Data!$N$2:$N$181,Data!$B$2:$B$181,$A24,Data!$G$2:$G$181,"Baseline_Nike") | E24: =SUMIFS(Data!$N$2:$N$181,Data!$B$2:$B$181,$A24,Data!$G$2:$G$181,"Nike_Commercial") | F24: =E24-D24 | G24: =SUMIFS(Data!$N$2:$N$181,Data!$B$2:$B$181,$A24,Data!$G$2:$G$181,"Baseline_elf") | H24: =SUMIFS(Data!$N$2:$N$181,Data!$B$2:$B$181,$A24,Data!$G$2:$G$181,"elf_Commercial") | I24: =H24-G24 | J24: =SUMIFS(Data!$T$2:$T$181,Data!$B$2:$B$181,$A24,Data!$G$2:$G$181,"Nike_Commercial") | K24: =SUMIFS(Data!$T$2:$T$181,Data!$B$2:$B$181,$A24,Data!$G$2:$G$181,"elf_Commercial") | L24: =(J24+K24)/2 | M24: =(E24+H24)/2 | O24: d_z 95% CI upper | P24: =P21+1.96*P22 | Q24: =P21+1.96*P22
A25: P26 | B25: =INDEX(Data!$E$2:$E$181,MATCH($A25,Data!$B$2:$B$181,0)) | C25: =INDEX(Data!$Y$2:$Y$181,MATCH($A25,Data!$B$2:$B$181,0)) | D25: =SUMIFS(Data!$N$2:$N$181,Data!$B$2:$B$181,$A25,Data!$G$2:$G$181,"Baseline_Nike") | E25: =SUMIFS(Data!$N$2:$N$181,Data!$B$2:$B$181,$A25,Data!$G$2:$G$181,"Nike_Commercial") | F25: =E25-D25 | G25: =SUMIFS(Data!$N$2:$N$181,Data!$B$2:$B$181,$A25,Data!$G$2:$G$181,"Baseline_elf") | H25: =SUMIFS(Data!$N$2:$N$181,Data!$B$2:$B$181,$A25,Data!$G$2:$G$181,"elf_Commercial") | I25: =H25-G25 | J25: =SUMIFS(Data!$T$2:$T$181,Data!$B$2:$B$181,$A25,Data!$G$2:$G$181,"Nike_Commercial") | K25: =SUMIFS(Data!$T$2:$T$181,Data!$B$2:$B$181,$A25,Data!$G$2:$G$181,"elf_Commercial") | L25: =(J25+K25)/2 | M25: =(E25+H25)/2 | O25: Correlation of the two columns | P25: =CORREL(D5:D32,E5:E32) | Q25: =CORREL(D5:D32,E5:E32) | R25: within respondent correlation
A26: P27 | B26: =INDEX(Data!$E$2:$E$181,MATCH($A26,Data!$B$2:$B$181,0)) | C26: =INDEX(Data!$Y$2:$Y$181,MATCH($A26,Data!$B$2:$B$181,0)) | D26: =SUMIFS(Data!$N$2:$N$181,Data!$B$2:$B$181,$A26,Data!$G$2:$G$181,"Baseline_Nike") | E26: =SUMIFS(Data!$N$2:$N$181,Data!$B$2:$B$181,$A26,Data!$G$2:$G$181,"Nike_Commercial") | F26: =E26-D26 | G26: =SUMIFS(Data!$N$2:$N$181,Data!$B$2:$B$181,$A26,Data!$G$2:$G$181,"Baseline_elf") | H26: =SUMIFS(Data!$N$2:$N$181,Data!$B$2:$B$181,$A26,Data!$G$2:$G$181,"elf_Commercial") | I26: =H26-G26 | J26: =SUMIFS(Data!$T$2:$T$181,Data!$B$2:$B$181,$A26,Data!$G$2:$G$181,"Nike_Commercial") | K26: =SUMIFS(Data!$T$2:$T$181,Data!$B$2:$B$181,$A26,Data!$G$2:$G$181,"elf_Commercial") | L26: =(J26+K26)/2 | M26: =(E26+H26)/2
A27: P28 | B27: =INDEX(Data!$E$2:$E$181,MATCH($A27,Data!$B$2:$B$181,0)) | C27: =INDEX(Data!$Y$2:$Y$181,MATCH($A27,Data!$B$2:$B$181,0)) | D27: =SUMIFS(Data!$N$2:$N$181,Data!$B$2:$B$181,$A27,Data!$G$2:$G$181,"Baseline_Nike") | E27: =SUMIFS(Data!$N$2:$N$181,Data!$B$2:$B$181,$A27,Data!$G$2:$G$181,"Nike_Commercial") | F27: =E27-D27 | G27: =SUMIFS(Data!$N$2:$N$181,Data!$B$2:$B$181,$A27,Data!$G$2:$G$181,"Baseline_elf") | H27: =SUMIFS(Data!$N$2:$N$181,Data!$B$2:$B$181,$A27,Data!$G$2:$G$181,"elf_Commercial") | I27: =H27-G27 | J27: =SUMIFS(Data!$T$2:$T$181,Data!$B$2:$B$181,$A27,Data!$G$2:$G$181,"Nike_Commercial") | K27: =SUMIFS(Data!$T$2:$T$181,Data!$B$2:$B$181,$A27,Data!$G$2:$G$181,"elf_Commercial") | L27: =(J27+K27)/2 | M27: =(E27+H27)/2
A28: P29 | B28: =INDEX(Data!$E$2:$E$181,MATCH($A28,Data!$B$2:$B$181,0)) | C28: =INDEX(Data!$Y$2:$Y$181,MATCH($A28,Data!$B$2:$B$181,0)) | D28: =SUMIFS(Data!$N$2:$N$181,Data!$B$2:$B$181,$A28,Data!$G$2:$G$181,"Baseline_Nike") | E28: =SUMIFS(Data!$N$2:$N$181,Data!$B$2:$B$181,$A28,Data!$G$2:$G$181,"Nike_Commercial") | F28: =E28-D28 | G28: =SUMIFS(Data!$N$2:$N$181,Data!$B$2:$B$181,$A28,Data!$G$2:$G$181,"Baseline_elf") | H28: =SUMIFS(Data!$N$2:$N$181,Data!$B$2:$B$181,$A28,Data!$G$2:$G$181,"elf_Commercial") | I28: =H28-G28 | J28: =SUMIFS(Data!$T$2:$T$181,Data!$B$2:$B$181,$A28,Data!$G$2:$G$181,"Nike_Commercial") | K28: =SUMIFS(Data!$T$2:$T$181,Data!$B$2:$B$181,$A28,Data!$G$2:$G$181,"elf_Commercial") | L28: =(J28+K28)/2 | M28: =(E28+H28)/2 | O28: Statistic | P28: Value | Q28: Formula shown | R28: Note
A29: P30 | B29: =INDEX(Data!$E$2:$E$181,MATCH($A29,Data!$B$2:$B$181,0)) | C29: =INDEX(Data!$Y$2:$Y$181,MATCH($A29,Data!$B$2:$B$181,0)) | D29: =SUMIFS(Data!$N$2:$N$181,Data!$B$2:$B$181,$A29,Data!$G$2:$G$181,"Baseline_Nike") | E29: =SUMIFS(Data!$N$2:$N$181,Data!$B$2:$B$181,$A29,Data!$G$2:$G$181,"Nike_Commercial") | F29: =E29-D29 | G29: =SUMIFS(Data!$N$2:$N$181,Data!$B$2:$B$181,$A29,Data!$G$2:$G$181,"Baseline_elf") | H29: =SUMIFS(Data!$N$2:$N$181,Data!$B$2:$B$181,$A29,Data!$G$2:$G$181,"elf_Commercial") | I29: =H29-G29 | J29: =SUMIFS(Data!$T$2:$T$181,Data!$B$2:$B$181,$A29,Data!$G$2:$G$181,"Nike_Commercial") | K29: =SUMIFS(Data!$T$2:$T$181,Data!$B$2:$B$181,$A29,Data!$G$2:$G$181,"elf_Commercial") | L29: =(J29+K29)/2 | M29: =(E29+H29)/2 | O29: e.l.f.: paired t test and d_z, all kept respondents (Peaks Per Minute)
A30: P03 | B30: =INDEX(Data!$E$2:$E$181,MATCH($A30,Data!$B$2:$B$181,0)) | C30: =INDEX(Data!$Y$2:$Y$181,MATCH($A30,Data!$B$2:$B$181,0)) | D30: =SUMIFS(Data!$N$2:$N$181,Data!$B$2:$B$181,$A30,Data!$G$2:$G$181,"Baseline_Nike") | E30: =SUMIFS(Data!$N$2:$N$181,Data!$B$2:$B$181,$A30,Data!$G$2:$G$181,"Nike_Commercial") | F30: =E30-D30 | G30: =SUMIFS(Data!$N$2:$N$181,Data!$B$2:$B$181,$A30,Data!$G$2:$G$181,"Baseline_elf") | H30: =SUMIFS(Data!$N$2:$N$181,Data!$B$2:$B$181,$A30,Data!$G$2:$G$181,"elf_Commercial") | I30: =H30-G30 | J30: =SUMIFS(Data!$T$2:$T$181,Data!$B$2:$B$181,$A30,Data!$G$2:$G$181,"Nike_Commercial") | K30: =SUMIFS(Data!$T$2:$T$181,Data!$B$2:$B$181,$A30,Data!$G$2:$G$181,"elf_Commercial") | L30: =(J30+K30)/2 | M30: =(E30+H30)/2 | O30: Baseline_elf mean (peaks per minute) | P30: =AVERAGE(G5:G32) | Q30: =AVERAGE(G5:G32) | R30: AVERAGE of the reference column
A31: P16 | B31: =INDEX(Data!$E$2:$E$181,MATCH($A31,Data!$B$2:$B$181,0)) | C31: =INDEX(Data!$Y$2:$Y$181,MATCH($A31,Data!$B$2:$B$181,0)) | D31: =SUMIFS(Data!$N$2:$N$181,Data!$B$2:$B$181,$A31,Data!$G$2:$G$181,"Baseline_Nike") | E31: =SUMIFS(Data!$N$2:$N$181,Data!$B$2:$B$181,$A31,Data!$G$2:$G$181,"Nike_Commercial") | F31: =E31-D31 | G31: =SUMIFS(Data!$N$2:$N$181,Data!$B$2:$B$181,$A31,Data!$G$2:$G$181,"Baseline_elf") | H31: =SUMIFS(Data!$N$2:$N$181,Data!$B$2:$B$181,$A31,Data!$G$2:$G$181,"elf_Commercial") | I31: =H31-G31 | J31: =SUMIFS(Data!$T$2:$T$181,Data!$B$2:$B$181,$A31,Data!$G$2:$G$181,"Nike_Commercial") | K31: =SUMIFS(Data!$T$2:$T$181,Data!$B$2:$B$181,$A31,Data!$G$2:$G$181,"elf_Commercial") | L31: =(J31+K31)/2 | M31: =(E31+H31)/2 | O31: Baseline_elf SD (peaks per minute) | P31: =_xlfn.STDEV.S(G5:G32) | Q31: =STDEV.S(G5:G32) | R31: STDEV.S = sample standard deviation
A32: P21 | B32: =INDEX(Data!$E$2:$E$181,MATCH($A32,Data!$B$2:$B$181,0)) | C32: =INDEX(Data!$Y$2:$Y$181,MATCH($A32,Data!$B$2:$B$181,0)) | D32: =SUMIFS(Data!$N$2:$N$181,Data!$B$2:$B$181,$A32,Data!$G$2:$G$181,"Baseline_Nike") | E32: =SUMIFS(Data!$N$2:$N$181,Data!$B$2:$B$181,$A32,Data!$G$2:$G$181,"Nike_Commercial") | F32: =E32-D32 | G32: =SUMIFS(Data!$N$2:$N$181,Data!$B$2:$B$181,$A32,Data!$G$2:$G$181,"Baseline_elf") | H32: =SUMIFS(Data!$N$2:$N$181,Data!$B$2:$B$181,$A32,Data!$G$2:$G$181,"elf_Commercial") | I32: =H32-G32 | J32: =SUMIFS(Data!$T$2:$T$181,Data!$B$2:$B$181,$A32,Data!$G$2:$G$181,"Nike_Commercial") | K32: =SUMIFS(Data!$T$2:$T$181,Data!$B$2:$B$181,$A32,Data!$G$2:$G$181,"elf_Commercial") | L32: =(J32+K32)/2 | M32: =(E32+H32)/2 | O32: elf_Commercial mean (peaks per minute) | P32: =AVERAGE(H5:H32) | Q32: =AVERAGE(H5:H32)
O33: elf_Commercial SD (peaks per minute) | P33: =_xlfn.STDEV.S(H5:H32) | Q33: =STDEV.S(H5:H32)
O34: n pairs | P34: =COUNT(I5:I32) | Q34: =COUNT(I5:I32)
O35: Mean difference, elf_Commercial minus Baseline_elf (peaks per minute) | P35: =AVERAGE(I5:I32) | Q35: =AVERAGE(I5:I32)
O36: SD of the differences (peaks per minute) | P36: =_xlfn.STDEV.S(I5:I32) | Q36: =STDEV.S(I5:I32) | R36: the SD that matters in a paired test
O37: SE of the mean difference | P37: =P36/SQRT(P34) | Q37: =P36/SQRT(P34) | R37: SD of differences / sqrt(n)
O38: Paired t | P38: =P35/P37 | Q38: =P35/P37 | R38: t = mean difference / SE
O39: df | P39: =P34-1 | Q39: =P34-1 | R39: n pairs minus 1
O40: p, two tailed (T.TEST type 1) | P40: =_xlfn.T.TEST(G5:G32,H5:H32,2,1) | Q40: =T.TEST(G5:G32,H5:H32,2,1) | R40: tails = 2, type = 1 means paired
O41: p from the hand computed t | P41: =_xlfn.T.DIST.2T(ABS(P38),P39) | Q41: =T.DIST.2T(ABS(P38),P39) | R41: should match the T.TEST cell
O42: Critical t (95%) | P42: =_xlfn.T.INV.2T(0.05,P39) | Q42: =T.INV.2T(0.05,P39) | R42: two tailed, alpha = .05
O43: Mean difference 95% CI lower | P43: =P35-P42*P37 | Q43: =P35-P42*P37
O44: Mean difference 95% CI upper | P44: =P35+P42*P37 | Q44: =P35+P42*P37
O45: Cohen's d_z | P45: =P35/P36 | Q45: =P35/P36 | R45: d_z = mean difference / SD of differences
O46: SE of d_z (approximation) | P46: =SQRT(1/P34+P45^2/(2*P34)) | Q46: =SQRT(1/P34+P45^2/(2*P34)) | R46: sqrt(1/n + d_z^2 / (2 n))
O47: d_z 95% CI lower | P47: =P45-1.96*P46 | Q47: =P45-1.96*P46 | R47: large sample approximation; R uses the noncentral t interval
O48: d_z 95% CI upper | P48: =P45+1.96*P46 | Q48: =P45+1.96*P46
O49: Correlation of the two columns | P49: =CORREL(G5:G32,H5:H32) | Q49: =CORREL(G5:G32,H5:H32) | R49: within respondent correlation
O52: Statistic | P52: Value | Q52: Formula shown | R52: Note
O53: Sensitivity, Nike: responders only (rows 5 to 29)
O54: Baseline_Nike mean (peaks per minute) | P54: =AVERAGE(D5:D29) | Q54: =AVERAGE(D5:D29) | R54: AVERAGE of the reference column
O55: Baseline_Nike SD (peaks per minute) | P55: =_xlfn.STDEV.S(D5:D29) | Q55: =STDEV.S(D5:D29) | R55: STDEV.S = sample standard deviation
O56: Nike_Commercial mean (peaks per minute) | P56: =AVERAGE(E5:E29) | Q56: =AVERAGE(E5:E29)
O57: Nike_Commercial SD (peaks per minute) | P57: =_xlfn.STDEV.S(E5:E29) | Q57: =STDEV.S(E5:E29)
O58: n pairs | P58: =COUNT(F5:F29) | Q58: =COUNT(F5:F29) | R58: nonresponders are listed below the responders and left out
O59: Mean difference, Nike_Commercial minus Baseline_Nike (peaks per minute) | P59: =AVERAGE(F5:F29) | Q59: =AVERAGE(F5:F29)
O60: SD of the differences (peaks per minute) | P60: =_xlfn.STDEV.S(F5:F29) | Q60: =STDEV.S(F5:F29) | R60: the SD that matters in a paired test
O61: SE of the mean difference | P61: =P60/SQRT(P58) | Q61: =P60/SQRT(P58) | R61: SD of differences / sqrt(n)
O62: Paired t | P62: =P59/P61 | Q62: =P59/P61 | R62: t = mean difference / SE
O63: df | P63: =P58-1 | Q63: =P58-1 | R63: n pairs minus 1
O64: p, two tailed (T.TEST type 1) | P64: =_xlfn.T.TEST(D5:D29,E5:E29,2,1) | Q64: =T.TEST(D5:D29,E5:E29,2,1) | R64: tails = 2, type = 1 means paired
O65: p from the hand computed t | P65: =_xlfn.T.DIST.2T(ABS(P62),P63) | Q65: =T.DIST.2T(ABS(P62),P63) | R65: should match the T.TEST cell
O66: Critical t (95%) | P66: =_xlfn.T.INV.2T(0.05,P63) | Q66: =T.INV.2T(0.05,P63) | R66: two tailed, alpha = .05
O67: Mean difference 95% CI lower | P67: =P59-P66*P61 | Q67: =P59-P66*P61
O68: Mean difference 95% CI upper | P68: =P59+P66*P61 | Q68: =P59+P66*P61
O69: Cohen's d_z | P69: =P59/P60 | Q69: =P59/P60 | R69: d_z = mean difference / SD of differences
O70: SE of d_z (approximation) | P70: =SQRT(1/P58+P69^2/(2*P58)) | Q70: =SQRT(1/P58+P69^2/(2*P58)) | R70: sqrt(1/n + d_z^2 / (2 n))
O71: d_z 95% CI lower | P71: =P69-1.96*P70 | Q71: =P69-1.96*P70 | R71: large sample approximation; R uses the noncentral t interval
O72: d_z 95% CI upper | P72: =P69+1.96*P70 | Q72: =P69+1.96*P70
O73: Correlation of the two columns | P73: =CORREL(D5:D29,E5:E29) | Q73: =CORREL(D5:D29,E5:E29) | R73: within respondent correlation
O76: Statistic | P76: Value | Q76: Formula shown | R76: Note
O77: Sensitivity, e.l.f.: responders only (rows 5 to 29)
O78: Baseline_elf mean (peaks per minute) | P78: =AVERAGE(G5:G29) | Q78: =AVERAGE(G5:G29) | R78: AVERAGE of the reference column
O79: Baseline_elf SD (peaks per minute) | P79: =_xlfn.STDEV.S(G5:G29) | Q79: =STDEV.S(G5:G29) | R79: STDEV.S = sample standard deviation
O80: elf_Commercial mean (peaks per minute) | P80: =AVERAGE(H5:H29) | Q80: =AVERAGE(H5:H29)
O81: elf_Commercial SD (peaks per minute) | P81: =_xlfn.STDEV.S(H5:H29) | Q81: =STDEV.S(H5:H29)
O82: n pairs | P82: =COUNT(I5:I29) | Q82: =COUNT(I5:I29)
O83: Mean difference, elf_Commercial minus Baseline_elf (peaks per minute) | P83: =AVERAGE(I5:I29) | Q83: =AVERAGE(I5:I29)
O84: SD of the differences (peaks per minute) | P84: =_xlfn.STDEV.S(I5:I29) | Q84: =STDEV.S(I5:I29) | R84: the SD that matters in a paired test
O85: SE of the mean difference | P85: =P84/SQRT(P82) | Q85: =P84/SQRT(P82) | R85: SD of differences / sqrt(n)
O86: Paired t | P86: =P83/P85 | Q86: =P83/P85 | R86: t = mean difference / SE
O87: df | P87: =P82-1 | Q87: =P82-1 | R87: n pairs minus 1
O88: p, two tailed (T.TEST type 1) | P88: =_xlfn.T.TEST(G5:G29,H5:H29,2,1) | Q88: =T.TEST(G5:G29,H5:H29,2,1) | R88: tails = 2, type = 1 means paired
O89: p from the hand computed t | P89: =_xlfn.T.DIST.2T(ABS(P86),P87) | Q89: =T.DIST.2T(ABS(P86),P87) | R89: should match the T.TEST cell
O90: Critical t (95%) | P90: =_xlfn.T.INV.2T(0.05,P87) | Q90: =T.INV.2T(0.05,P87) | R90: two tailed, alpha = .05
O91: Mean difference 95% CI lower | P91: =P83-P90*P85 | Q91: =P83-P90*P85
O92: Mean difference 95% CI upper | P92: =P83+P90*P85 | Q92: =P83+P90*P85
O93: Cohen's d_z | P93: =P83/P84 | Q93: =P83/P84 | R93: d_z = mean difference / SD of differences
O94: SE of d_z (approximation) | P94: =SQRT(1/P82+P93^2/(2*P82)) | Q94: =SQRT(1/P82+P93^2/(2*P82)) | R94: sqrt(1/n + d_z^2 / (2 n))
O95: d_z 95% CI lower | P95: =P93-1.96*P94 | Q95: =P93-1.96*P94 | R95: large sample approximation; R uses the noncentral t interval
O96: d_z 95% CI upper | P96: =P93+1.96*P94 | Q96: =P93+1.96*P94
O97: Correlation of the two columns | P97: =CORREL(G5:G29,H5:H29) | Q97: =CORREL(G5:G29,H5:H29) | R97: within respondent correlation
O100: Statistic | P100: Value | Q100: Formula shown | R100: Note
O101: Exploratory: Arousal_Nike_1to9 with Nike_Commercial PPM (all kept)
O102: n | P102: =COUNT(J5:J32) | Q102: =COUNT(J5:J32)
O103: Pearson r (CORREL) | P103: =CORREL(J5:J32,E5:E32) | Q103: =CORREL(J5:J32,E5:E32)
O104: t for r | P104: =P103*SQRT((P102-2)/(1-P103^2)) | Q104: =P103*SQRT((P102-2)/(1-P103^2)) | R104: t = r sqrt((n - 2) / (1 - r^2))
O105: p, two tailed | P105: =_xlfn.T.DIST.2T(ABS(P104),P102-2) | Q105: =T.DIST.2T(ABS(P104),P102-2) | R105: df = n - 2
O106: r 95% CI lower (Fisher z) | P106: =TANH(ATANH(P103)-_xlfn.NORM.S.INV(0.975)/SQRT(P102-3)) | Q106: =TANH(ATANH(P103)-NORM.S.INV(0.975)/SQRT(P102-3))
O107: r 95% CI upper (Fisher z) | P107: =TANH(ATANH(P103)+_xlfn.NORM.S.INV(0.975)/SQRT(P102-3)) | Q107: =TANH(ATANH(P103)+NORM.S.INV(0.975)/SQRT(P102-3))
...

Sheet H2
A1: H2. Peaks Per Minute in the commercials, Nike versus e.l.f., kept respondents. SIMULATED data.
A2: Same roster order as H1 (responders in rows 5 to 29, nonresponders below). Difference is Nike MINUS e.l.f. Group A saw Nike first, Group B saw e.l.f. first, so the simple order estimate is half the gap between the two group means.
A4: Respondent Name | B4: Group (order) | C4: Nonresponder | D4: elf_Commercial PPM | E4: Nike_Commercial PPM | F4: Difference (Nike minus elf) | G4: Nike seen | I4: Statistic | J4: Value | K4: Formula shown | L4: Note
A5: P01 | B5: =INDEX(Data!$E$2:$E$181,MATCH($A5,Data!$B$2:$B$181,0)) | C5: =INDEX(Data!$Y$2:$Y$181,MATCH($A5,Data!$B$2:$B$181,0)) | D5: =SUMIFS(Data!$N$2:$N$181,Data!$B$2:$B$181,$A5,Data!$G$2:$G$181,"elf_Commercial") | E5: =SUMIFS(Data!$N$2:$N$181,Data!$B$2:$B$181,$A5,Data!$G$2:$G$181,"Nike_Commercial") | F5: =E5-D5 | G5: =IF(B5="A","first","second") | I5: Paired t test and d_z: Peaks Per Minute in the commercials, all kept respondents
A6: P02 | B6: =INDEX(Data!$E$2:$E$181,MATCH($A6,Data!$B$2:$B$181,0)) | C6: =INDEX(Data!$Y$2:$Y$181,MATCH($A6,Data!$B$2:$B$181,0)) | D6: =SUMIFS(Data!$N$2:$N$181,Data!$B$2:$B$181,$A6,Data!$G$2:$G$181,"elf_Commercial") | E6: =SUMIFS(Data!$N$2:$N$181,Data!$B$2:$B$181,$A6,Data!$G$2:$G$181,"Nike_Commercial") | F6: =E6-D6 | G6: =IF(B6="A","first","second") | I6: elf_Commercial mean (peaks per minute) | J6: =AVERAGE(D5:D32) | K6: =AVERAGE(D5:D32) | L6: AVERAGE of the reference column
A7: P04 | B7: =INDEX(Data!$E$2:$E$181,MATCH($A7,Data!$B$2:$B$181,0)) | C7: =INDEX(Data!$Y$2:$Y$181,MATCH($A7,Data!$B$2:$B$181,0)) | D7: =SUMIFS(Data!$N$2:$N$181,Data!$B$2:$B$181,$A7,Data!$G$2:$G$181,"elf_Commercial") | E7: =SUMIFS(Data!$N$2:$N$181,Data!$B$2:$B$181,$A7,Data!$G$2:$G$181,"Nike_Commercial") | F7: =E7-D7 | G7: =IF(B7="A","first","second") | I7: elf_Commercial SD (peaks per minute) | J7: =_xlfn.STDEV.S(D5:D32) | K7: =STDEV.S(D5:D32) | L7: STDEV.S = sample standard deviation
A8: P05 | B8: =INDEX(Data!$E$2:$E$181,MATCH($A8,Data!$B$2:$B$181,0)) | C8: =INDEX(Data!$Y$2:$Y$181,MATCH($A8,Data!$B$2:$B$181,0)) | D8: =SUMIFS(Data!$N$2:$N$181,Data!$B$2:$B$181,$A8,Data!$G$2:$G$181,"elf_Commercial") | E8: =SUMIFS(Data!$N$2:$N$181,Data!$B$2:$B$181,$A8,Data!$G$2:$G$181,"Nike_Commercial") | F8: =E8-D8 | G8: =IF(B8="A","first","second") | I8: Nike_Commercial mean (peaks per minute) | J8: =AVERAGE(E5:E32) | K8: =AVERAGE(E5:E32)
A9: P06 | B9: =INDEX(Data!$E$2:$E$181,MATCH($A9,Data!$B$2:$B$181,0)) | C9: =INDEX(Data!$Y$2:$Y$181,MATCH($A9,Data!$B$2:$B$181,0)) | D9: =SUMIFS(Data!$N$2:$N$181,Data!$B$2:$B$181,$A9,Data!$G$2:$G$181,"elf_Commercial") | E9: =SUMIFS(Data!$N$2:$N$181,Data!$B$2:$B$181,$A9,Data!$G$2:$G$181,"Nike_Commercial") | F9: =E9-D9 | G9: =IF(B9="A","first","second") | I9: Nike_Commercial SD (peaks per minute) | J9: =_xlfn.STDEV.S(E5:E32) | K9: =STDEV.S(E5:E32)
A10: P07 | B10: =INDEX(Data!$E$2:$E$181,MATCH($A10,Data!$B$2:$B$181,0)) | C10: =INDEX(Data!$Y$2:$Y$181,MATCH($A10,Data!$B$2:$B$181,0)) | D10: =SUMIFS(Data!$N$2:$N$181,Data!$B$2:$B$181,$A10,Data!$G$2:$G$181,"elf_Commercial") | E10: =SUMIFS(Data!$N$2:$N$181,Data!$B$2:$B$181,$A10,Data!$G$2:$G$181,"Nike_Commercial") | F10: =E10-D10 | G10: =IF(B10="A","first","second") | I10: n pairs | J10: =COUNT(F5:F32) | K10: =COUNT(F5:F32) | L10: COUNT of the difference column; must equal the check below
A11: P08 | B11: =INDEX(Data!$E$2:$E$181,MATCH($A11,Data!$B$2:$B$181,0)) | C11: =INDEX(Data!$Y$2:$Y$181,MATCH($A11,Data!$B$2:$B$181,0)) | D11: =SUMIFS(Data!$N$2:$N$181,Data!$B$2:$B$181,$A11,Data!$G$2:$G$181,"elf_Commercial") | E11: =SUMIFS(Data!$N$2:$N$181,Data!$B$2:$B$181,$A11,Data!$G$2:$G$181,"Nike_Commercial") | F11: =E11-D11 | G11: =IF(B11="A","first","second") | I11: Mean difference, Nike_Commercial minus elf_Commercial (peaks per minute) | J11: =AVERAGE(F5:F32) | K11: =AVERAGE(F5:F32)
A12: P09 | B12: =INDEX(Data!$E$2:$E$181,MATCH($A12,Data!$B$2:$B$181,0)) | C12: =INDEX(Data!$Y$2:$Y$181,MATCH($A12,Data!$B$2:$B$181,0)) | D12: =SUMIFS(Data!$N$2:$N$181,Data!$B$2:$B$181,$A12,Data!$G$2:$G$181,"elf_Commercial") | E12: =SUMIFS(Data!$N$2:$N$181,Data!$B$2:$B$181,$A12,Data!$G$2:$G$181,"Nike_Commercial") | F12: =E12-D12 | G12: =IF(B12="A","first","second") | I12: SD of the differences (peaks per minute) | J12: =_xlfn.STDEV.S(F5:F32) | K12: =STDEV.S(F5:F32) | L12: the SD that matters in a paired test
A13: P10 | B13: =INDEX(Data!$E$2:$E$181,MATCH($A13,Data!$B$2:$B$181,0)) | C13: =INDEX(Data!$Y$2:$Y$181,MATCH($A13,Data!$B$2:$B$181,0)) | D13: =SUMIFS(Data!$N$2:$N$181,Data!$B$2:$B$181,$A13,Data!$G$2:$G$181,"elf_Commercial") | E13: =SUMIFS(Data!$N$2:$N$181,Data!$B$2:$B$181,$A13,Data!$G$2:$G$181,"Nike_Commercial") | F13: =E13-D13 | G13: =IF(B13="A","first","second") | I13: SE of the mean difference | J13: =J12/SQRT(J10) | K13: =J12/SQRT(J10) | L13: SD of differences / sqrt(n)
A14: P12 | B14: =INDEX(Data!$E$2:$E$181,MATCH($A14,Data!$B$2:$B$181,0)) | C14: =INDEX(Data!$Y$2:$Y$181,MATCH($A14,Data!$B$2:$B$181,0)) | D14: =SUMIFS(Data!$N$2:$N$181,Data!$B$2:$B$181,$A14,Data!$G$2:$G$181,"elf_Commercial") | E14: =SUMIFS(Data!$N$2:$N$181,Data!$B$2:$B$181,$A14,Data!$G$2:$G$181,"Nike_Commercial") | F14: =E14-D14 | G14: =IF(B14="A","first","second") | I14: Paired t | J14: =J11/J13 | K14: =J11/J13 | L14: t = mean difference / SE
A15: P13 | B15: =INDEX(Data!$E$2:$E$181,MATCH($A15,Data!$B$2:$B$181,0)) | C15: =INDEX(Data!$Y$2:$Y$181,MATCH($A15,Data!$B$2:$B$181,0)) | D15: =SUMIFS(Data!$N$2:$N$181,Data!$B$2:$B$181,$A15,Data!$G$2:$G$181,"elf_Commercial") | E15: =SUMIFS(Data!$N$2:$N$181,Data!$B$2:$B$181,$A15,Data!$G$2:$G$181,"Nike_Commercial") | F15: =E15-D15 | G15: =IF(B15="A","first","second") | I15: df | J15: =J10-1 | K15: =J10-1 | L15: n pairs minus 1
A16: P14 | B16: =INDEX(Data!$E$2:$E$181,MATCH($A16,Data!$B$2:$B$181,0)) | C16: =INDEX(Data!$Y$2:$Y$181,MATCH($A16,Data!$B$2:$B$181,0)) | D16: =SUMIFS(Data!$N$2:$N$181,Data!$B$2:$B$181,$A16,Data!$G$2:$G$181,"elf_Commercial") | E16: =SUMIFS(Data!$N$2:$N$181,Data!$B$2:$B$181,$A16,Data!$G$2:$G$181,"Nike_Commercial") | F16: =E16-D16 | G16: =IF(B16="A","first","second") | I16: p, two tailed (T.TEST type 1) | J16: =_xlfn.T.TEST(D5:D32,E5:E32,2,1) | K16: =T.TEST(D5:D32,E5:E32,2,1) | L16: tails = 2, type = 1 means paired
A17: P15 | B17: =INDEX(Data!$E$2:$E$181,MATCH($A17,Data!$B$2:$B$181,0)) | C17: =INDEX(Data!$Y$2:$Y$181,MATCH($A17,Data!$B$2:$B$181,0)) | D17: =SUMIFS(Data!$N$2:$N$181,Data!$B$2:$B$181,$A17,Data!$G$2:$G$181,"elf_Commercial") | E17: =SUMIFS(Data!$N$2:$N$181,Data!$B$2:$B$181,$A17,Data!$G$2:$G$181,"Nike_Commercial") | F17: =E17-D17 | G17: =IF(B17="A","first","second") | I17: p from the hand computed t | J17: =_xlfn.T.DIST.2T(ABS(J14),J15) | K17: =T.DIST.2T(ABS(J14),J15) | L17: should match the T.TEST cell
A18: P17 | B18: =INDEX(Data!$E$2:$E$181,MATCH($A18,Data!$B$2:$B$181,0)) | C18: =INDEX(Data!$Y$2:$Y$181,MATCH($A18,Data!$B$2:$B$181,0)) | D18: =SUMIFS(Data!$N$2:$N$181,Data!$B$2:$B$181,$A18,Data!$G$2:$G$181,"elf_Commercial") | E18: =SUMIFS(Data!$N$2:$N$181,Data!$B$2:$B$181,$A18,Data!$G$2:$G$181,"Nike_Commercial") | F18: =E18-D18 | G18: =IF(B18="A","first","second") | I18: Critical t (95%) | J18: =_xlfn.T.INV.2T(0.05,J15) | K18: =T.INV.2T(0.05,J15) | L18: two tailed, alpha = .05
A19: P18 | B19: =INDEX(Data!$E$2:$E$181,MATCH($A19,Data!$B$2:$B$181,0)) | C19: =INDEX(Data!$Y$2:$Y$181,MATCH($A19,Data!$B$2:$B$181,0)) | D19: =SUMIFS(Data!$N$2:$N$181,Data!$B$2:$B$181,$A19,Data!$G$2:$G$181,"elf_Commercial") | E19: =SUMIFS(Data!$N$2:$N$181,Data!$B$2:$B$181,$A19,Data!$G$2:$G$181,"Nike_Commercial") | F19: =E19-D19 | G19: =IF(B19="A","first","second") | I19: Mean difference 95% CI lower | J19: =J11-J18*J13 | K19: =J11-J18*J13
A20: P19 | B20: =INDEX(Data!$E$2:$E$181,MATCH($A20,Data!$B$2:$B$181,0)) | C20: =INDEX(Data!$Y$2:$Y$181,MATCH($A20,Data!$B$2:$B$181,0)) | D20: =SUMIFS(Data!$N$2:$N$181,Data!$B$2:$B$181,$A20,Data!$G$2:$G$181,"elf_Commercial") | E20: =SUMIFS(Data!$N$2:$N$181,Data!$B$2:$B$181,$A20,Data!$G$2:$G$181,"Nike_Commercial") | F20: =E20-D20 | G20: =IF(B20="A","first","second") | I20: Mean difference 95% CI upper | J20: =J11+J18*J13 | K20: =J11+J18*J13
A21: P20 | B21: =INDEX(Data!$E$2:$E$181,MATCH($A21,Data!$B$2:$B$181,0)) | C21: =INDEX(Data!$Y$2:$Y$181,MATCH($A21,Data!$B$2:$B$181,0)) | D21: =SUMIFS(Data!$N$2:$N$181,Data!$B$2:$B$181,$A21,Data!$G$2:$G$181,"elf_Commercial") | E21: =SUMIFS(Data!$N$2:$N$181,Data!$B$2:$B$181,$A21,Data!$G$2:$G$181,"Nike_Commercial") | F21: =E21-D21 | G21: =IF(B21="A","first","second") | I21: Cohen's d_z | J21: =J11/J12 | K21: =J11/J12 | L21: d_z = mean difference / SD of differences
A22: P22 | B22: =INDEX(Data!$E$2:$E$181,MATCH($A22,Data!$B$2:$B$181,0)) | C22: =INDEX(Data!$Y$2:$Y$181,MATCH($A22,Data!$B$2:$B$181,0)) | D22: =SUMIFS(Data!$N$2:$N$181,Data!$B$2:$B$181,$A22,Data!$G$2:$G$181,"elf_Commercial") | E22: =SUMIFS(Data!$N$2:$N$181,Data!$B$2:$B$181,$A22,Data!$G$2:$G$181,"Nike_Commercial") | F22: =E22-D22 | G22: =IF(B22="A","first","second") | I22: SE of d_z (approximation) | J22: =SQRT(1/J10+J21^2/(2*J10)) | K22: =SQRT(1/J10+J21^2/(2*J10)) | L22: sqrt(1/n + d_z^2 / (2 n))
A23: P23 | B23: =INDEX(Data!$E$2:$E$181,MATCH($A23,Data!$B$2:$B$181,0)) | C23: =INDEX(Data!$Y$2:$Y$181,MATCH($A23,Data!$B$2:$B$181,0)) | D23: =SUMIFS(Data!$N$2:$N$181,Data!$B$2:$B$181,$A23,Data!$G$2:$G$181,"elf_Commercial") | E23: =SUMIFS(Data!$N$2:$N$181,Data!$B$2:$B$181,$A23,Data!$G$2:$G$181,"Nike_Commercial") | F23: =E23-D23 | G23: =IF(B23="A","first","second") | I23: d_z 95% CI lower | J23: =J21-1.96*J22 | K23: =J21-1.96*J22 | L23: large sample approximation; R uses the noncentral t interval
A24: P25 | B24: =INDEX(Data!$E$2:$E$181,MATCH($A24,Data!$B$2:$B$181,0)) | C24: =INDEX(Data!$Y$2:$Y$181,MATCH($A24,Data!$B$2:$B$181,0)) | D24: =SUMIFS(Data!$N$2:$N$181,Data!$B$2:$B$181,$A24,Data!$G$2:$G$181,"elf_Commercial") | E24: =SUMIFS(Data!$N$2:$N$181,Data!$B$2:$B$181,$A24,Data!$G$2:$G$181,"Nike_Commercial") | F24: =E24-D24 | G24: =IF(B24="A","first","second") | I24: d_z 95% CI upper | J24: =J21+1.96*J22 | K24: =J21+1.96*J22
A25: P26 | B25: =INDEX(Data!$E$2:$E$181,MATCH($A25,Data!$B$2:$B$181,0)) | C25: =INDEX(Data!$Y$2:$Y$181,MATCH($A25,Data!$B$2:$B$181,0)) | D25: =SUMIFS(Data!$N$2:$N$181,Data!$B$2:$B$181,$A25,Data!$G$2:$G$181,"elf_Commercial") | E25: =SUMIFS(Data!$N$2:$N$181,Data!$B$2:$B$181,$A25,Data!$G$2:$G$181,"Nike_Commercial") | F25: =E25-D25 | G25: =IF(B25="A","first","second") | I25: Correlation of the two columns | J25: =CORREL(D5:D32,E5:E32) | K25: =CORREL(D5:D32,E5:E32) | L25: within respondent correlation
A26: P27 | B26: =INDEX(Data!$E$2:$E$181,MATCH($A26,Data!$B$2:$B$181,0)) | C26: =INDEX(Data!$Y$2:$Y$181,MATCH($A26,Data!$B$2:$B$181,0)) | D26: =SUMIFS(Data!$N$2:$N$181,Data!$B$2:$B$181,$A26,Data!$G$2:$G$181,"elf_Commercial") | E26: =SUMIFS(Data!$N$2:$N$181,Data!$B$2:$B$181,$A26,Data!$G$2:$G$181,"Nike_Commercial") | F26: =E26-D26 | G26: =IF(B26="A","first","second")
A27: P28 | B27: =INDEX(Data!$E$2:$E$181,MATCH($A27,Data!$B$2:$B$181,0)) | C27: =INDEX(Data!$Y$2:$Y$181,MATCH($A27,Data!$B$2:$B$181,0)) | D27: =SUMIFS(Data!$N$2:$N$181,Data!$B$2:$B$181,$A27,Data!$G$2:$G$181,"elf_Commercial") | E27: =SUMIFS(Data!$N$2:$N$181,Data!$B$2:$B$181,$A27,Data!$G$2:$G$181,"Nike_Commercial") | F27: =E27-D27 | G27: =IF(B27="A","first","second") | I27: Order effect (simple within respondent estimate)
A28: P29 | B28: =INDEX(Data!$E$2:$E$181,MATCH($A28,Data!$B$2:$B$181,0)) | C28: =INDEX(Data!$Y$2:$Y$181,MATCH($A28,Data!$B$2:$B$181,0)) | D28: =SUMIFS(Data!$N$2:$N$181,Data!$B$2:$B$181,$A28,Data!$G$2:$G$181,"elf_Commercial") | E28: =SUMIFS(Data!$N$2:$N$181,Data!$B$2:$B$181,$A28,Data!$G$2:$G$181,"Nike_Commercial") | F28: =E28-D28 | G28: =IF(B28="A","first","second") | I28: Mean difference, Group A (Nike seen first) | J28: =AVERAGEIFS(F5:F32,B5:B32,"A") | K28: =AVERAGEIFS(F5:F32,B5:B32,"A") | L28: difference = commercial effect - order effect
A29: P30 | B29: =INDEX(Data!$E$2:$E$181,MATCH($A29,Data!$B$2:$B$181,0)) | C29: =INDEX(Data!$Y$2:$Y$181,MATCH($A29,Data!$B$2:$B$181,0)) | D29: =SUMIFS(Data!$N$2:$N$181,Data!$B$2:$B$181,$A29,Data!$G$2:$G$181,"elf_Commercial") | E29: =SUMIFS(Data!$N$2:$N$181,Data!$B$2:$B$181,$A29,Data!$G$2:$G$181,"Nike_Commercial") | F29: =E29-D29 | G29: =IF(B29="A","first","second") | I29: Mean difference, Group B (Nike seen second) | J29: =AVERAGEIFS(F5:F32,B5:B32,"B") | K29: =AVERAGEIFS(F5:F32,B5:B32,"B") | L29: difference = commercial effect + order effect
A30: P03 | B30: =INDEX(Data!$E$2:$E$181,MATCH($A30,Data!$B$2:$B$181,0)) | C30: =INDEX(Data!$Y$2:$Y$181,MATCH($A30,Data!$B$2:$B$181,0)) | D30: =SUMIFS(Data!$N$2:$N$181,Data!$B$2:$B$181,$A30,Data!$G$2:$G$181,"elf_Commercial") | E30: =SUMIFS(Data!$N$2:$N$181,Data!$B$2:$B$181,$A30,Data!$G$2:$G$181,"Nike_Commercial") | F30: =E30-D30 | G30: =IF(B30="A","first","second") | I30: n, Group A | J30: =COUNTIF(B5:B32,"A") | K30: =COUNTIF(B5:B32,"A")
A31: P16 | B31: =INDEX(Data!$E$2:$E$181,MATCH($A31,Data!$B$2:$B$181,0)) | C31: =INDEX(Data!$Y$2:$Y$181,MATCH($A31,Data!$B$2:$B$181,0)) | D31: =SUMIFS(Data!$N$2:$N$181,Data!$B$2:$B$181,$A31,Data!$G$2:$G$181,"elf_Commercial") | E31: =SUMIFS(Data!$N$2:$N$181,Data!$B$2:$B$181,$A31,Data!$G$2:$G$181,"Nike_Commercial") | F31: =E31-D31 | G31: =IF(B31="A","first","second") | I31: n, Group B | J31: =COUNTIF(B5:B32,"B") | K31: =COUNTIF(B5:B32,"B")
A32: P21 | B32: =INDEX(Data!$E$2:$E$181,MATCH($A32,Data!$B$2:$B$181,0)) | C32: =INDEX(Data!$Y$2:$Y$181,MATCH($A32,Data!$B$2:$B$181,0)) | D32: =SUMIFS(Data!$N$2:$N$181,Data!$B$2:$B$181,$A32,Data!$G$2:$G$181,"elf_Commercial") | E32: =SUMIFS(Data!$N$2:$N$181,Data!$B$2:$B$181,$A32,Data!$G$2:$G$181,"Nike_Commercial") | F32: =E32-D32 | G32: =IF(B32="A","first","second") | I32: Order effect (second minus first) | J32: =(J29-J28)/2 | K32: =(J29-J28)/2 | L32: same as the lmer coefficient for order_position; Excel cannot fit the mixed model
I33: Commercial effect (Nike minus elf), order adjusted | J33: =(J28+J29)/2 | K33: =(J28+J29)/2 | L33: average of the two group differences
I35: Checks
I36: Kept respondents with a Nike_Commercial row in Data (Keep = Yes) | J36: =COUNTIFS(Data!$G$2:$G$181,"Nike_Commercial",Data!$X$2:$X$181,"Yes") | K36: =COUNTIFS(Data!$G$2:$G$181,"Nike_Commercial",Data!$X$2:$X$181,"Yes") | L36: must equal n pairs
I39: Statistic | J39: Value | K39: Formula shown | L39: Note
I40: Sensitivity: responders only (rows 5 to 29)
I41: elf_Commercial mean (peaks per minute) | J41: =AVERAGE(D5:D29) | K41: =AVERAGE(D5:D29) | L41: AVERAGE of the reference column
I42: elf_Commercial SD (peaks per minute) | J42: =_xlfn.STDEV.S(D5:D29) | K42: =STDEV.S(D5:D29) | L42: STDEV.S = sample standard deviation
I43: Nike_Commercial mean (peaks per minute) | J43: =AVERAGE(E5:E29) | K43: =AVERAGE(E5:E29)
I44: Nike_Commercial SD (peaks per minute) | J44: =_xlfn.STDEV.S(E5:E29) | K44: =STDEV.S(E5:E29)
I45: n pairs | J45: =COUNT(F5:F29) | K45: =COUNT(F5:F29) | L45: nonresponders are listed below the responders and left out
I46: Mean difference, Nike_Commercial minus elf_Commercial (peaks per minute) | J46: =AVERAGE(F5:F29) | K46: =AVERAGE(F5:F29)
I47: SD of the differences (peaks per minute) | J47: =_xlfn.STDEV.S(F5:F29) | K47: =STDEV.S(F5:F29) | L47: the SD that matters in a paired test
I48: SE of the mean difference | J48: =J47/SQRT(J45) | K48: =J47/SQRT(J45) | L48: SD of differences / sqrt(n)
I49: Paired t | J49: =J46/J48 | K49: =J46/J48 | L49: t = mean difference / SE
I50: df | J50: =J45-1 | K50: =J45-1 | L50: n pairs minus 1
I51: p, two tailed (T.TEST type 1) | J51: =_xlfn.T.TEST(D5:D29,E5:E29,2,1) | K51: =T.TEST(D5:D29,E5:E29,2,1) | L51: tails = 2, type = 1 means paired
I52: p from the hand computed t | J52: =_xlfn.T.DIST.2T(ABS(J49),J50) | K52: =T.DIST.2T(ABS(J49),J50) | L52: should match the T.TEST cell
I53: Critical t (95%) | J53: =_xlfn.T.INV.2T(0.05,J50) | K53: =T.INV.2T(0.05,J50) | L53: two tailed, alpha = .05
I54: Mean difference 95% CI lower | J54: =J46-J53*J48 | K54: =J46-J53*J48
I55: Mean difference 95% CI upper | J55: =J46+J53*J48 | K55: =J46+J53*J48
I56: Cohen's d_z | J56: =J46/J47 | K56: =J46/J47 | L56: d_z = mean difference / SD of differences
I57: SE of d_z (approximation) | J57: =SQRT(1/J45+J56^2/(2*J45)) | K57: =SQRT(1/J45+J56^2/(2*J45)) | L57: sqrt(1/n + d_z^2 / (2 n))
I58: d_z 95% CI lower | J58: =J56-1.96*J57 | K58: =J56-1.96*J57 | L58: large sample approximation; R uses the noncentral t interval
I59: d_z 95% CI upper | J59: =J56+1.96*J57 | K59: =J56+1.96*J57
I60: Correlation of the two columns | J60: =CORREL(D5:D29,E5:E29) | K60: =CORREL(D5:D29,E5:E29) | L60: within respondent correlation
I62: Order effect, responders only
I63: Mean difference, Group A (responders) | J63: =AVERAGEIFS(F5:F29,B5:B29,"A") | K63: =AVERAGEIFS(F5:F29,B5:B29,"A")
I64: Mean difference, Group B (responders) | J64: =AVERAGEIFS(F5:F29,B5:B29,"B") | K64: =AVERAGEIFS(F5:F29,B5:B29,"B")
I65: n, Group A (responders) | J65: =COUNTIF(B5:B29,"A") | K65: =COUNTIF(B5:B29,"A")
I66: n, Group B (responders) | J66: =COUNTIF(B5:B29,"B") | K66: =COUNTIF(B5:B29,"B")
I67: Order effect (second minus first), responders only | J67: =(J64-J63)/2 | K67: =(J64-J63)/2

Sheet H3
A1: H3. Heart rate (BPM) change from baseline, kept respondents. SIMULATED data. The heart rate column name is MODELED; verify on the lab machine.
A2: Mean PPG heart rate per stimulus from the Data sheet (SUMIFS). Change = commercial mean minus the mean of the Baseline that preceded it. The difference of the changes is Nike change minus e.l.f. change. Same roster order as H1.
A4: Respondent Name | B4: Group (order) | C4: Nonresponder | D4: Baseline_Nike HR | E4: Nike_Commercial HR | F4: Change Nike (commercial minus baseline) | G4: Baseline_elf HR | H4: elf_Commercial HR | I4: Change e.l.f. (commercial minus baseline) | J4: Difference of changes (Nike minus elf) | L4: Statistic | M4: Value | N4: Formula shown | O4: Note
A5: P01 | B5: =INDEX(Data!$E$2:$E$181,MATCH($A5,Data!$B$2:$B$181,0)) | C5: =INDEX(Data!$Y$2:$Y$181,MATCH($A5,Data!$B$2:$B$181,0)) | D5: =SUMIFS(Data!$S$2:$S$181,Data!$B$2:$B$181,$A5,Data!$G$2:$G$181,"Baseline_Nike") | E5: =SUMIFS(Data!$S$2:$S$181,Data!$B$2:$B$181,$A5,Data!$G$2:$G$181,"Nike_Commercial") | F5: =E5-D5 | G5: =SUMIFS(Data!$S$2:$S$181,Data!$B$2:$B$181,$A5,Data!$G$2:$G$181,"Baseline_elf") | H5: =SUMIFS(Data!$S$2:$S$181,Data!$B$2:$B$181,$A5,Data!$G$2:$G$181,"elf_Commercial") | I5: =H5-G5 | J5: =F5-I5 | L5: Nike: heart rate in the commercial versus its baseline (change = mean difference)
A6: P02 | B6: =INDEX(Data!$E$2:$E$181,MATCH($A6,Data!$B$2:$B$181,0)) | C6: =INDEX(Data!$Y$2:$Y$181,MATCH($A6,Data!$B$2:$B$181,0)) | D6: =SUMIFS(Data!$S$2:$S$181,Data!$B$2:$B$181,$A6,Data!$G$2:$G$181,"Baseline_Nike") | E6: =SUMIFS(Data!$S$2:$S$181,Data!$B$2:$B$181,$A6,Data!$G$2:$G$181,"Nike_Commercial") | F6: =E6-D6 | G6: =SUMIFS(Data!$S$2:$S$181,Data!$B$2:$B$181,$A6,Data!$G$2:$G$181,"Baseline_elf") | H6: =SUMIFS(Data!$S$2:$S$181,Data!$B$2:$B$181,$A6,Data!$G$2:$G$181,"elf_Commercial") | I6: =H6-G6 | J6: =F6-I6 | L6: Baseline_Nike mean (BPM) | M6: =AVERAGE(D5:D32) | N6: =AVERAGE(D5:D32) | O6: AVERAGE of the reference column
A7: P04 | B7: =INDEX(Data!$E$2:$E$181,MATCH($A7,Data!$B$2:$B$181,0)) | C7: =INDEX(Data!$Y$2:$Y$181,MATCH($A7,Data!$B$2:$B$181,0)) | D7: =SUMIFS(Data!$S$2:$S$181,Data!$B$2:$B$181,$A7,Data!$G$2:$G$181,"Baseline_Nike") | E7: =SUMIFS(Data!$S$2:$S$181,Data!$B$2:$B$181,$A7,Data!$G$2:$G$181,"Nike_Commercial") | F7: =E7-D7 | G7: =SUMIFS(Data!$S$2:$S$181,Data!$B$2:$B$181,$A7,Data!$G$2:$G$181,"Baseline_elf") | H7: =SUMIFS(Data!$S$2:$S$181,Data!$B$2:$B$181,$A7,Data!$G$2:$G$181,"elf_Commercial") | I7: =H7-G7 | J7: =F7-I7 | L7: Baseline_Nike SD (BPM) | M7: =_xlfn.STDEV.S(D5:D32) | N7: =STDEV.S(D5:D32) | O7: STDEV.S = sample standard deviation
A8: P05 | B8: =INDEX(Data!$E$2:$E$181,MATCH($A8,Data!$B$2:$B$181,0)) | C8: =INDEX(Data!$Y$2:$Y$181,MATCH($A8,Data!$B$2:$B$181,0)) | D8: =SUMIFS(Data!$S$2:$S$181,Data!$B$2:$B$181,$A8,Data!$G$2:$G$181,"Baseline_Nike") | E8: =SUMIFS(Data!$S$2:$S$181,Data!$B$2:$B$181,$A8,Data!$G$2:$G$181,"Nike_Commercial") | F8: =E8-D8 | G8: =SUMIFS(Data!$S$2:$S$181,Data!$B$2:$B$181,$A8,Data!$G$2:$G$181,"Baseline_elf") | H8: =SUMIFS(Data!$S$2:$S$181,Data!$B$2:$B$181,$A8,Data!$G$2:$G$181,"elf_Commercial") | I8: =H8-G8 | J8: =F8-I8 | L8: Nike_Commercial mean (BPM) | M8: =AVERAGE(E5:E32) | N8: =AVERAGE(E5:E32)
A9: P06 | B9: =INDEX(Data!$E$2:$E$181,MATCH($A9,Data!$B$2:$B$181,0)) | C9: =INDEX(Data!$Y$2:$Y$181,MATCH($A9,Data!$B$2:$B$181,0)) | D9: =SUMIFS(Data!$S$2:$S$181,Data!$B$2:$B$181,$A9,Data!$G$2:$G$181,"Baseline_Nike") | E9: =SUMIFS(Data!$S$2:$S$181,Data!$B$2:$B$181,$A9,Data!$G$2:$G$181,"Nike_Commercial") | F9: =E9-D9 | G9: =SUMIFS(Data!$S$2:$S$181,Data!$B$2:$B$181,$A9,Data!$G$2:$G$181,"Baseline_elf") | H9: =SUMIFS(Data!$S$2:$S$181,Data!$B$2:$B$181,$A9,Data!$G$2:$G$181,"elf_Commercial") | I9: =H9-G9 | J9: =F9-I9 | L9: Nike_Commercial SD (BPM) | M9: =_xlfn.STDEV.S(E5:E32) | N9: =STDEV.S(E5:E32)
A10: P07 | B10: =INDEX(Data!$E$2:$E$181,MATCH($A10,Data!$B$2:$B$181,0)) | C10: =INDEX(Data!$Y$2:$Y$181,MATCH($A10,Data!$B$2:$B$181,0)) | D10: =SUMIFS(Data!$S$2:$S$181,Data!$B$2:$B$181,$A10,Data!$G$2:$G$181,"Baseline_Nike") | E10: =SUMIFS(Data!$S$2:$S$181,Data!$B$2:$B$181,$A10,Data!$G$2:$G$181,"Nike_Commercial") | F10: =E10-D10 | G10: =SUMIFS(Data!$S$2:$S$181,Data!$B$2:$B$181,$A10,Data!$G$2:$G$181,"Baseline_elf") | H10: =SUMIFS(Data!$S$2:$S$181,Data!$B$2:$B$181,$A10,Data!$G$2:$G$181,"elf_Commercial") | I10: =H10-G10 | J10: =F10-I10 | L10: n pairs | M10: =COUNT(F5:F32) | N10: =COUNT(F5:F32) | O10: COUNT of the change column; must equal the check below
A11: P08 | B11: =INDEX(Data!$E$2:$E$181,MATCH($A11,Data!$B$2:$B$181,0)) | C11: =INDEX(Data!$Y$2:$Y$181,MATCH($A11,Data!$B$2:$B$181,0)) | D11: =SUMIFS(Data!$S$2:$S$181,Data!$B$2:$B$181,$A11,Data!$G$2:$G$181,"Baseline_Nike") | E11: =SUMIFS(Data!$S$2:$S$181,Data!$B$2:$B$181,$A11,Data!$G$2:$G$181,"Nike_Commercial") | F11: =E11-D11 | G11: =SUMIFS(Data!$S$2:$S$181,Data!$B$2:$B$181,$A11,Data!$G$2:$G$181,"Baseline_elf") | H11: =SUMIFS(Data!$S$2:$S$181,Data!$B$2:$B$181,$A11,Data!$G$2:$G$181,"elf_Commercial") | I11: =H11-G11 | J11: =F11-I11 | L11: Mean difference, Nike_Commercial minus Baseline_Nike (BPM) | M11: =AVERAGE(F5:F32) | N11: =AVERAGE(F5:F32)
A12: P09 | B12: =INDEX(Data!$E$2:$E$181,MATCH($A12,Data!$B$2:$B$181,0)) | C12: =INDEX(Data!$Y$2:$Y$181,MATCH($A12,Data!$B$2:$B$181,0)) | D12: =SUMIFS(Data!$S$2:$S$181,Data!$B$2:$B$181,$A12,Data!$G$2:$G$181,"Baseline_Nike") | E12: =SUMIFS(Data!$S$2:$S$181,Data!$B$2:$B$181,$A12,Data!$G$2:$G$181,"Nike_Commercial") | F12: =E12-D12 | G12: =SUMIFS(Data!$S$2:$S$181,Data!$B$2:$B$181,$A12,Data!$G$2:$G$181,"Baseline_elf") | H12: =SUMIFS(Data!$S$2:$S$181,Data!$B$2:$B$181,$A12,Data!$G$2:$G$181,"elf_Commercial") | I12: =H12-G12 | J12: =F12-I12 | L12: SD of the differences (BPM) | M12: =_xlfn.STDEV.S(F5:F32) | N12: =STDEV.S(F5:F32) | O12: the SD that matters in a paired test
A13: P10 | B13: =INDEX(Data!$E$2:$E$181,MATCH($A13,Data!$B$2:$B$181,0)) | C13: =INDEX(Data!$Y$2:$Y$181,MATCH($A13,Data!$B$2:$B$181,0)) | D13: =SUMIFS(Data!$S$2:$S$181,Data!$B$2:$B$181,$A13,Data!$G$2:$G$181,"Baseline_Nike") | E13: =SUMIFS(Data!$S$2:$S$181,Data!$B$2:$B$181,$A13,Data!$G$2:$G$181,"Nike_Commercial") | F13: =E13-D13 | G13: =SUMIFS(Data!$S$2:$S$181,Data!$B$2:$B$181,$A13,Data!$G$2:$G$181,"Baseline_elf") | H13: =SUMIFS(Data!$S$2:$S$181,Data!$B$2:$B$181,$A13,Data!$G$2:$G$181,"elf_Commercial") | I13: =H13-G13 | J13: =F13-I13 | L13: SE of the mean difference | M13: =M12/SQRT(M10) | N13: =M12/SQRT(M10) | O13: SD of differences / sqrt(n)
A14: P12 | B14: =INDEX(Data!$E$2:$E$181,MATCH($A14,Data!$B$2:$B$181,0)) | C14: =INDEX(Data!$Y$2:$Y$181,MATCH($A14,Data!$B$2:$B$181,0)) | D14: =SUMIFS(Data!$S$2:$S$181,Data!$B$2:$B$181,$A14,Data!$G$2:$G$181,"Baseline_Nike") | E14: =SUMIFS(Data!$S$2:$S$181,Data!$B$2:$B$181,$A14,Data!$G$2:$G$181,"Nike_Commercial") | F14: =E14-D14 | G14: =SUMIFS(Data!$S$2:$S$181,Data!$B$2:$B$181,$A14,Data!$G$2:$G$181,"Baseline_elf") | H14: =SUMIFS(Data!$S$2:$S$181,Data!$B$2:$B$181,$A14,Data!$G$2:$G$181,"elf_Commercial") | I14: =H14-G14 | J14: =F14-I14 | L14: Paired t | M14: =M11/M13 | N14: =M11/M13 | O14: t = mean difference / SE
A15: P13 | B15: =INDEX(Data!$E$2:$E$181,MATCH($A15,Data!$B$2:$B$181,0)) | C15: =INDEX(Data!$Y$2:$Y$181,MATCH($A15,Data!$B$2:$B$181,0)) | D15: =SUMIFS(Data!$S$2:$S$181,Data!$B$2:$B$181,$A15,Data!$G$2:$G$181,"Baseline_Nike") | E15: =SUMIFS(Data!$S$2:$S$181,Data!$B$2:$B$181,$A15,Data!$G$2:$G$181,"Nike_Commercial") | F15: =E15-D15 | G15: =SUMIFS(Data!$S$2:$S$181,Data!$B$2:$B$181,$A15,Data!$G$2:$G$181,"Baseline_elf") | H15: =SUMIFS(Data!$S$2:$S$181,Data!$B$2:$B$181,$A15,Data!$G$2:$G$181,"elf_Commercial") | I15: =H15-G15 | J15: =F15-I15 | L15: df | M15: =M10-1 | N15: =M10-1 | O15: n pairs minus 1
A16: P14 | B16: =INDEX(Data!$E$2:$E$181,MATCH($A16,Data!$B$2:$B$181,0)) | C16: =INDEX(Data!$Y$2:$Y$181,MATCH($A16,Data!$B$2:$B$181,0)) | D16: =SUMIFS(Data!$S$2:$S$181,Data!$B$2:$B$181,$A16,Data!$G$2:$G$181,"Baseline_Nike") | E16: =SUMIFS(Data!$S$2:$S$181,Data!$B$2:$B$181,$A16,Data!$G$2:$G$181,"Nike_Commercial") | F16: =E16-D16 | G16: =SUMIFS(Data!$S$2:$S$181,Data!$B$2:$B$181,$A16,Data!$G$2:$G$181,"Baseline_elf") | H16: =SUMIFS(Data!$S$2:$S$181,Data!$B$2:$B$181,$A16,Data!$G$2:$G$181,"elf_Commercial") | I16: =H16-G16 | J16: =F16-I16 | L16: p, two tailed (T.TEST type 1) | M16: =_xlfn.T.TEST(D5:D32,E5:E32,2,1) | N16: =T.TEST(D5:D32,E5:E32,2,1) | O16: tails = 2, type = 1 means paired
A17: P15 | B17: =INDEX(Data!$E$2:$E$181,MATCH($A17,Data!$B$2:$B$181,0)) | C17: =INDEX(Data!$Y$2:$Y$181,MATCH($A17,Data!$B$2:$B$181,0)) | D17: =SUMIFS(Data!$S$2:$S$181,Data!$B$2:$B$181,$A17,Data!$G$2:$G$181,"Baseline_Nike") | E17: =SUMIFS(Data!$S$2:$S$181,Data!$B$2:$B$181,$A17,Data!$G$2:$G$181,"Nike_Commercial") | F17: =E17-D17 | G17: =SUMIFS(Data!$S$2:$S$181,Data!$B$2:$B$181,$A17,Data!$G$2:$G$181,"Baseline_elf") | H17: =SUMIFS(Data!$S$2:$S$181,Data!$B$2:$B$181,$A17,Data!$G$2:$G$181,"elf_Commercial") | I17: =H17-G17 | J17: =F17-I17 | L17: p from the hand computed t | M17: =_xlfn.T.DIST.2T(ABS(M14),M15) | N17: =T.DIST.2T(ABS(M14),M15) | O17: should match the T.TEST cell
A18: P17 | B18: =INDEX(Data!$E$2:$E$181,MATCH($A18,Data!$B$2:$B$181,0)) | C18: =INDEX(Data!$Y$2:$Y$181,MATCH($A18,Data!$B$2:$B$181,0)) | D18: =SUMIFS(Data!$S$2:$S$181,Data!$B$2:$B$181,$A18,Data!$G$2:$G$181,"Baseline_Nike") | E18: =SUMIFS(Data!$S$2:$S$181,Data!$B$2:$B$181,$A18,Data!$G$2:$G$181,"Nike_Commercial") | F18: =E18-D18 | G18: =SUMIFS(Data!$S$2:$S$181,Data!$B$2:$B$181,$A18,Data!$G$2:$G$181,"Baseline_elf") | H18: =SUMIFS(Data!$S$2:$S$181,Data!$B$2:$B$181,$A18,Data!$G$2:$G$181,"elf_Commercial") | I18: =H18-G18 | J18: =F18-I18 | L18: Critical t (95%) | M18: =_xlfn.T.INV.2T(0.05,M15) | N18: =T.INV.2T(0.05,M15) | O18: two tailed, alpha = .05
A19: P18 | B19: =INDEX(Data!$E$2:$E$181,MATCH($A19,Data!$B$2:$B$181,0)) | C19: =INDEX(Data!$Y$2:$Y$181,MATCH($A19,Data!$B$2:$B$181,0)) | D19: =SUMIFS(Data!$S$2:$S$181,Data!$B$2:$B$181,$A19,Data!$G$2:$G$181,"Baseline_Nike") | E19: =SUMIFS(Data!$S$2:$S$181,Data!$B$2:$B$181,$A19,Data!$G$2:$G$181,"Nike_Commercial") | F19: =E19-D19 | G19: =SUMIFS(Data!$S$2:$S$181,Data!$B$2:$B$181,$A19,Data!$G$2:$G$181,"Baseline_elf") | H19: =SUMIFS(Data!$S$2:$S$181,Data!$B$2:$B$181,$A19,Data!$G$2:$G$181,"elf_Commercial") | I19: =H19-G19 | J19: =F19-I19 | L19: Mean difference 95% CI lower | M19: =M11-M18*M13 | N19: =M11-M18*M13
A20: P19 | B20: =INDEX(Data!$E$2:$E$181,MATCH($A20,Data!$B$2:$B$181,0)) | C20: =INDEX(Data!$Y$2:$Y$181,MATCH($A20,Data!$B$2:$B$181,0)) | D20: =SUMIFS(Data!$S$2:$S$181,Data!$B$2:$B$181,$A20,Data!$G$2:$G$181,"Baseline_Nike") | E20: =SUMIFS(Data!$S$2:$S$181,Data!$B$2:$B$181,$A20,Data!$G$2:$G$181,"Nike_Commercial") | F20: =E20-D20 | G20: =SUMIFS(Data!$S$2:$S$181,Data!$B$2:$B$181,$A20,Data!$G$2:$G$181,"Baseline_elf") | H20: =SUMIFS(Data!$S$2:$S$181,Data!$B$2:$B$181,$A20,Data!$G$2:$G$181,"elf_Commercial") | I20: =H20-G20 | J20: =F20-I20 | L20: Mean difference 95% CI upper | M20: =M11+M18*M13 | N20: =M11+M18*M13
A21: P20 | B21: =INDEX(Data!$E$2:$E$181,MATCH($A21,Data!$B$2:$B$181,0)) | C21: =INDEX(Data!$Y$2:$Y$181,MATCH($A21,Data!$B$2:$B$181,0)) | D21: =SUMIFS(Data!$S$2:$S$181,Data!$B$2:$B$181,$A21,Data!$G$2:$G$181,"Baseline_Nike") | E21: =SUMIFS(Data!$S$2:$S$181,Data!$B$2:$B$181,$A21,Data!$G$2:$G$181,"Nike_Commercial") | F21: =E21-D21 | G21: =SUMIFS(Data!$S$2:$S$181,Data!$B$2:$B$181,$A21,Data!$G$2:$G$181,"Baseline_elf") | H21: =SUMIFS(Data!$S$2:$S$181,Data!$B$2:$B$181,$A21,Data!$G$2:$G$181,"elf_Commercial") | I21: =H21-G21 | J21: =F21-I21 | L21: Cohen's d_z | M21: =M11/M12 | N21: =M11/M12 | O21: d_z = mean difference / SD of differences
A22: P22 | B22: =INDEX(Data!$E$2:$E$181,MATCH($A22,Data!$B$2:$B$181,0)) | C22: =INDEX(Data!$Y$2:$Y$181,MATCH($A22,Data!$B$2:$B$181,0)) | D22: =SUMIFS(Data!$S$2:$S$181,Data!$B$2:$B$181,$A22,Data!$G$2:$G$181,"Baseline_Nike") | E22: =SUMIFS(Data!$S$2:$S$181,Data!$B$2:$B$181,$A22,Data!$G$2:$G$181,"Nike_Commercial") | F22: =E22-D22 | G22: =SUMIFS(Data!$S$2:$S$181,Data!$B$2:$B$181,$A22,Data!$G$2:$G$181,"Baseline_elf") | H22: =SUMIFS(Data!$S$2:$S$181,Data!$B$2:$B$181,$A22,Data!$G$2:$G$181,"elf_Commercial") | I22: =H22-G22 | J22: =F22-I22 | L22: SE of d_z (approximation) | M22: =SQRT(1/M10+M21^2/(2*M10)) | N22: =SQRT(1/M10+M21^2/(2*M10)) | O22: sqrt(1/n + d_z^2 / (2 n))
A23: P23 | B23: =INDEX(Data!$E$2:$E$181,MATCH($A23,Data!$B$2:$B$181,0)) | C23: =INDEX(Data!$Y$2:$Y$181,MATCH($A23,Data!$B$2:$B$181,0)) | D23: =SUMIFS(Data!$S$2:$S$181,Data!$B$2:$B$181,$A23,Data!$G$2:$G$181,"Baseline_Nike") | E23: =SUMIFS(Data!$S$2:$S$181,Data!$B$2:$B$181,$A23,Data!$G$2:$G$181,"Nike_Commercial") | F23: =E23-D23 | G23: =SUMIFS(Data!$S$2:$S$181,Data!$B$2:$B$181,$A23,Data!$G$2:$G$181,"Baseline_elf") | H23: =SUMIFS(Data!$S$2:$S$181,Data!$B$2:$B$181,$A23,Data!$G$2:$G$181,"elf_Commercial") | I23: =H23-G23 | J23: =F23-I23 | L23: d_z 95% CI lower | M23: =M21-1.96*M22 | N23: =M21-1.96*M22 | O23: large sample approximation; R uses the noncentral t interval
A24: P25 | B24: =INDEX(Data!$E$2:$E$181,MATCH($A24,Data!$B$2:$B$181,0)) | C24: =INDEX(Data!$Y$2:$Y$181,MATCH($A24,Data!$B$2:$B$181,0)) | D24: =SUMIFS(Data!$S$2:$S$181,Data!$B$2:$B$181,$A24,Data!$G$2:$G$181,"Baseline_Nike") | E24: =SUMIFS(Data!$S$2:$S$181,Data!$B$2:$B$181,$A24,Data!$G$2:$G$181,"Nike_Commercial") | F24: =E24-D24 | G24: =SUMIFS(Data!$S$2:$S$181,Data!$B$2:$B$181,$A24,Data!$G$2:$G$181,"Baseline_elf") | H24: =SUMIFS(Data!$S$2:$S$181,Data!$B$2:$B$181,$A24,Data!$G$2:$G$181,"elf_Commercial") | I24: =H24-G24 | J24: =F24-I24 | L24: d_z 95% CI upper | M24: =M21+1.96*M22 | N24: =M21+1.96*M22
A25: P26 | B25: =INDEX(Data!$E$2:$E$181,MATCH($A25,Data!$B$2:$B$181,0)) | C25: =INDEX(Data!$Y$2:$Y$181,MATCH($A25,Data!$B$2:$B$181,0)) | D25: =SUMIFS(Data!$S$2:$S$181,Data!$B$2:$B$181,$A25,Data!$G$2:$G$181,"Baseline_Nike") | E25: =SUMIFS(Data!$S$2:$S$181,Data!$B$2:$B$181,$A25,Data!$G$2:$G$181,"Nike_Commercial") | F25: =E25-D25 | G25: =SUMIFS(Data!$S$2:$S$181,Data!$B$2:$B$181,$A25,Data!$G$2:$G$181,"Baseline_elf") | H25: =SUMIFS(Data!$S$2:$S$181,Data!$B$2:$B$181,$A25,Data!$G$2:$G$181,"elf_Commercial") | I25: =H25-G25 | J25: =F25-I25 | L25: Correlation of the two columns | M25: =CORREL(D5:D32,E5:E32) | N25: =CORREL(D5:D32,E5:E32) | O25: within respondent correlation
A26: P27 | B26: =INDEX(Data!$E$2:$E$181,MATCH($A26,Data!$B$2:$B$181,0)) | C26: =INDEX(Data!$Y$2:$Y$181,MATCH($A26,Data!$B$2:$B$181,0)) | D26: =SUMIFS(Data!$S$2:$S$181,Data!$B$2:$B$181,$A26,Data!$G$2:$G$181,"Baseline_Nike") | E26: =SUMIFS(Data!$S$2:$S$181,Data!$B$2:$B$181,$A26,Data!$G$2:$G$181,"Nike_Commercial") | F26: =E26-D26 | G26: =SUMIFS(Data!$S$2:$S$181,Data!$B$2:$B$181,$A26,Data!$G$2:$G$181,"Baseline_elf") | H26: =SUMIFS(Data!$S$2:$S$181,Data!$B$2:$B$181,$A26,Data!$G$2:$G$181,"elf_Commercial") | I26: =H26-G26 | J26: =F26-I26
A27: P28 | B27: =INDEX(Data!$E$2:$E$181,MATCH($A27,Data!$B$2:$B$181,0)) | C27: =INDEX(Data!$Y$2:$Y$181,MATCH($A27,Data!$B$2:$B$181,0)) | D27: =SUMIFS(Data!$S$2:$S$181,Data!$B$2:$B$181,$A27,Data!$G$2:$G$181,"Baseline_Nike") | E27: =SUMIFS(Data!$S$2:$S$181,Data!$B$2:$B$181,$A27,Data!$G$2:$G$181,"Nike_Commercial") | F27: =E27-D27 | G27: =SUMIFS(Data!$S$2:$S$181,Data!$B$2:$B$181,$A27,Data!$G$2:$G$181,"Baseline_elf") | H27: =SUMIFS(Data!$S$2:$S$181,Data!$B$2:$B$181,$A27,Data!$G$2:$G$181,"elf_Commercial") | I27: =H27-G27 | J27: =F27-I27
A28: P29 | B28: =INDEX(Data!$E$2:$E$181,MATCH($A28,Data!$B$2:$B$181,0)) | C28: =INDEX(Data!$Y$2:$Y$181,MATCH($A28,Data!$B$2:$B$181,0)) | D28: =SUMIFS(Data!$S$2:$S$181,Data!$B$2:$B$181,$A28,Data!$G$2:$G$181,"Baseline_Nike") | E28: =SUMIFS(Data!$S$2:$S$181,Data!$B$2:$B$181,$A28,Data!$G$2:$G$181,"Nike_Commercial") | F28: =E28-D28 | G28: =SUMIFS(Data!$S$2:$S$181,Data!$B$2:$B$181,$A28,Data!$G$2:$G$181,"Baseline_elf") | H28: =SUMIFS(Data!$S$2:$S$181,Data!$B$2:$B$181,$A28,Data!$G$2:$G$181,"elf_Commercial") | I28: =H28-G28 | J28: =F28-I28 | L28: Statistic | M28: Value | N28: Formula shown | O28: Note
A29: P30 | B29: =INDEX(Data!$E$2:$E$181,MATCH($A29,Data!$B$2:$B$181,0)) | C29: =INDEX(Data!$Y$2:$Y$181,MATCH($A29,Data!$B$2:$B$181,0)) | D29: =SUMIFS(Data!$S$2:$S$181,Data!$B$2:$B$181,$A29,Data!$G$2:$G$181,"Baseline_Nike") | E29: =SUMIFS(Data!$S$2:$S$181,Data!$B$2:$B$181,$A29,Data!$G$2:$G$181,"Nike_Commercial") | F29: =E29-D29 | G29: =SUMIFS(Data!$S$2:$S$181,Data!$B$2:$B$181,$A29,Data!$G$2:$G$181,"Baseline_elf") | H29: =SUMIFS(Data!$S$2:$S$181,Data!$B$2:$B$181,$A29,Data!$G$2:$G$181,"elf_Commercial") | I29: =H29-G29 | J29: =F29-I29 | L29: e.l.f.: heart rate in the commercial versus its baseline (change = mean difference)
A30: P03 | B30: =INDEX(Data!$E$2:$E$181,MATCH($A30,Data!$B$2:$B$181,0)) | C30: =INDEX(Data!$Y$2:$Y$181,MATCH($A30,Data!$B$2:$B$181,0)) | D30: =SUMIFS(Data!$S$2:$S$181,Data!$B$2:$B$181,$A30,Data!$G$2:$G$181,"Baseline_Nike") | E30: =SUMIFS(Data!$S$2:$S$181,Data!$B$2:$B$181,$A30,Data!$G$2:$G$181,"Nike_Commercial") | F30: =E30-D30 | G30: =SUMIFS(Data!$S$2:$S$181,Data!$B$2:$B$181,$A30,Data!$G$2:$G$181,"Baseline_elf") | H30: =SUMIFS(Data!$S$2:$S$181,Data!$B$2:$B$181,$A30,Data!$G$2:$G$181,"elf_Commercial") | I30: =H30-G30 | J30: =F30-I30 | L30: Baseline_elf mean (BPM) | M30: =AVERAGE(G5:G32) | N30: =AVERAGE(G5:G32) | O30: AVERAGE of the reference column
A31: P16 | B31: =INDEX(Data!$E$2:$E$181,MATCH($A31,Data!$B$2:$B$181,0)) | C31: =INDEX(Data!$Y$2:$Y$181,MATCH($A31,Data!$B$2:$B$181,0)) | D31: =SUMIFS(Data!$S$2:$S$181,Data!$B$2:$B$181,$A31,Data!$G$2:$G$181,"Baseline_Nike") | E31: =SUMIFS(Data!$S$2:$S$181,Data!$B$2:$B$181,$A31,Data!$G$2:$G$181,"Nike_Commercial") | F31: =E31-D31 | G31: =SUMIFS(Data!$S$2:$S$181,Data!$B$2:$B$181,$A31,Data!$G$2:$G$181,"Baseline_elf") | H31: =SUMIFS(Data!$S$2:$S$181,Data!$B$2:$B$181,$A31,Data!$G$2:$G$181,"elf_Commercial") | I31: =H31-G31 | J31: =F31-I31 | L31: Baseline_elf SD (BPM) | M31: =_xlfn.STDEV.S(G5:G32) | N31: =STDEV.S(G5:G32) | O31: STDEV.S = sample standard deviation
A32: P21 | B32: =INDEX(Data!$E$2:$E$181,MATCH($A32,Data!$B$2:$B$181,0)) | C32: =INDEX(Data!$Y$2:$Y$181,MATCH($A32,Data!$B$2:$B$181,0)) | D32: =SUMIFS(Data!$S$2:$S$181,Data!$B$2:$B$181,$A32,Data!$G$2:$G$181,"Baseline_Nike") | E32: =SUMIFS(Data!$S$2:$S$181,Data!$B$2:$B$181,$A32,Data!$G$2:$G$181,"Nike_Commercial") | F32: =E32-D32 | G32: =SUMIFS(Data!$S$2:$S$181,Data!$B$2:$B$181,$A32,Data!$G$2:$G$181,"Baseline_elf") | H32: =SUMIFS(Data!$S$2:$S$181,Data!$B$2:$B$181,$A32,Data!$G$2:$G$181,"elf_Commercial") | I32: =H32-G32 | J32: =F32-I32 | L32: elf_Commercial mean (BPM) | M32: =AVERAGE(H5:H32) | N32: =AVERAGE(H5:H32)
L33: elf_Commercial SD (BPM) | M33: =_xlfn.STDEV.S(H5:H32) | N33: =STDEV.S(H5:H32)
L34: n pairs | M34: =COUNT(I5:I32) | N34: =COUNT(I5:I32)
L35: Mean difference, elf_Commercial minus Baseline_elf (BPM) | M35: =AVERAGE(I5:I32) | N35: =AVERAGE(I5:I32)
L36: SD of the differences (BPM) | M36: =_xlfn.STDEV.S(I5:I32) | N36: =STDEV.S(I5:I32) | O36: the SD that matters in a paired test
L37: SE of the mean difference | M37: =M36/SQRT(M34) | N37: =M36/SQRT(M34) | O37: SD of differences / sqrt(n)
L38: Paired t | M38: =M35/M37 | N38: =M35/M37 | O38: t = mean difference / SE
L39: df | M39: =M34-1 | N39: =M34-1 | O39: n pairs minus 1
L40: p, two tailed (T.TEST type 1) | M40: =_xlfn.T.TEST(G5:G32,H5:H32,2,1) | N40: =T.TEST(G5:G32,H5:H32,2,1) | O40: tails = 2, type = 1 means paired
L41: p from the hand computed t | M41: =_xlfn.T.DIST.2T(ABS(M38),M39) | N41: =T.DIST.2T(ABS(M38),M39) | O41: should match the T.TEST cell
L42: Critical t (95%) | M42: =_xlfn.T.INV.2T(0.05,M39) | N42: =T.INV.2T(0.05,M39) | O42: two tailed, alpha = .05
L43: Mean difference 95% CI lower | M43: =M35-M42*M37 | N43: =M35-M42*M37
L44: Mean difference 95% CI upper | M44: =M35+M42*M37 | N44: =M35+M42*M37
L45: Cohen's d_z | M45: =M35/M36 | N45: =M35/M36 | O45: d_z = mean difference / SD of differences
L46: SE of d_z (approximation) | M46: =SQRT(1/M34+M45^2/(2*M34)) | N46: =SQRT(1/M34+M45^2/(2*M34)) | O46: sqrt(1/n + d_z^2 / (2 n))
L47: d_z 95% CI lower | M47: =M45-1.96*M46 | N47: =M45-1.96*M46 | O47: large sample approximation; R uses the noncentral t interval
L48: d_z 95% CI upper | M48: =M45+1.96*M46 | N48: =M45+1.96*M46
L49: Correlation of the two columns | M49: =CORREL(G5:G32,H5:H32) | N49: =CORREL(G5:G32,H5:H32) | O49: within respondent correlation
L52: Statistic | M52: Value | N52: Formula shown | O52: Note
L53: Difference between the changes (Nike change minus e.l.f. change)
L54: Change_elf mean (BPM) | M54: =AVERAGE(I5:I32) | N54: =AVERAGE(I5:I32) | O54: AVERAGE of the reference column
L55: Change_elf SD (BPM) | M55: =_xlfn.STDEV.S(I5:I32) | N55: =STDEV.S(I5:I32) | O55: STDEV.S = sample standard deviation
L56: Change_Nike mean (BPM) | M56: =AVERAGE(F5:F32) | N56: =AVERAGE(F5:F32)
L57: Change_Nike SD (BPM) | M57: =_xlfn.STDEV.S(F5:F32) | N57: =STDEV.S(F5:F32)
L58: n pairs | M58: =COUNT(J5:J32) | N58: =COUNT(J5:J32) | O58: the paired test on the two change columns
L59: Mean difference, Change_Nike minus Change_elf (BPM) | M59: =AVERAGE(J5:J32) | N59: =AVERAGE(J5:J32)
L60: SD of the differences (BPM) | M60: =_xlfn.STDEV.S(J5:J32) | N60: =STDEV.S(J5:J32) | O60: the SD that matters in a paired test
L61: SE of the mean difference | M61: =M60/SQRT(M58) | N61: =M60/SQRT(M58) | O61: SD of differences / sqrt(n)
L62: Paired t | M62: =M59/M61 | N62: =M59/M61 | O62: t = mean difference / SE
L63: df | M63: =M58-1 | N63: =M58-1 | O63: n pairs minus 1
L64: p, two tailed (T.TEST type 1) | M64: =_xlfn.T.TEST(I5:I32,F5:F32,2,1) | N64: =T.TEST(I5:I32,F5:F32,2,1) | O64: tails = 2, type = 1 means paired
L65: p from the hand computed t | M65: =_xlfn.T.DIST.2T(ABS(M62),M63) | N65: =T.DIST.2T(ABS(M62),M63) | O65: should match the T.TEST cell
L66: Critical t (95%) | M66: =_xlfn.T.INV.2T(0.05,M63) | N66: =T.INV.2T(0.05,M63) | O66: two tailed, alpha = .05
L67: Mean difference 95% CI lower | M67: =M59-M66*M61 | N67: =M59-M66*M61
L68: Mean difference 95% CI upper | M68: =M59+M66*M61 | N68: =M59+M66*M61
L69: Cohen's d_z | M69: =M59/M60 | N69: =M59/M60 | O69: d_z = mean difference / SD of differences
L70: SE of d_z (approximation) | M70: =SQRT(1/M58+M69^2/(2*M58)) | N70: =SQRT(1/M58+M69^2/(2*M58)) | O70: sqrt(1/n + d_z^2 / (2 n))
L71: d_z 95% CI lower | M71: =M69-1.96*M70 | N71: =M69-1.96*M70 | O71: large sample approximation; R uses the noncentral t interval
L72: d_z 95% CI upper | M72: =M69+1.96*M70 | N72: =M69+1.96*M70
L73: Correlation of the two columns | M73: =CORREL(I5:I32,F5:F32) | N73: =CORREL(I5:I32,F5:F32) | O73: within respondent correlation
L76: Statistic | M76: Value | N76: Formula shown | O76: Note
L77: Checks
L78: Kept respondents with a Nike_Commercial row in Data (Keep = Yes) | M78: =COUNTIFS(Data!$G$2:$G$181,"Nike_Commercial",Data!$X$2:$X$181,"Yes") | N78: =COUNTIFS(Data!$G$2:$G$181,"Nike_Commercial",Data!$X$2:$X$181,"Yes") | O78: must equal n pairs
L79: Respondents whose heart rate fell during the Nike commercial | M79: =COUNTIF(F5:F32,"<0") | N79: =COUNTIF(F5:F32,"<0")
L80: Respondents whose heart rate fell during the e.l.f. commercial | M80: =COUNTIF(I5:I32,"<0") | N80: =COUNTIF(I5:I32,"<0")

Sheet Check
A1: Live Excel results next to the values analysis.R produced (SIMULATED data). Status is OK when they agree within the tolerance.
A3: Quantity | B3: Excel (live formula) | C3: analysis.R | D3: Difference | E3: Tolerance | F3: Status
A4: H1 Nike PPM: mean, reference | B4: =H1!P6 | C4: 2.2956786 | D4: =B4-C4 | E4: 0.0001 | F4: =IF(ABS(D4)<=E4,"OK","CHECK")
A5: H1 Nike PPM: mean, comparison | B5: =H1!P8 | C5: 4.6576786 | D5: =B5-C5 | E5: 0.0001 | F5: =IF(ABS(D5)<=E5,"OK","CHECK")
A6: H1 Nike PPM: mean difference | B6: =H1!P11 | C6: 2.362 | D6: =B6-C6 | E6: 0.0001 | F6: =IF(ABS(D6)<=E6,"OK","CHECK")
A7: H1 Nike PPM: SD of differences | B7: =H1!P12 | C7: 1.7693568 | D7: =B7-C7 | E7: 0.0001 | F7: =IF(ABS(D7)<=E7,"OK","CHECK")
A8: H1 Nike PPM: paired t | B8: =H1!P14 | C8: 7.0638829 | D8: =B8-C8 | E8: 0.0001 | F8: =IF(ABS(D8)<=E8,"OK","CHECK")
A9: H1 Nike PPM: df | B9: =H1!P15 | C9: 27 | D9: =B9-C9 | E9: 1e-09 | F9: =IF(ABS(D9)<=E9,"OK","CHECK")
A10: H1 Nike PPM: p (T.TEST type 1) | B10: =H1!P16 | C10: 1.3548695e-07 | D10: =B10-C10 | E10: 1.0677435e-09 | F10: =IF(ABS(D10)<=E10,"OK","CHECK")
A11: H1 Nike PPM: mean difference CI lower | B11: =H1!P19 | C11: 1.6759151 | D11: =B11-C11 | E11: 0.0001 | F11: =IF(ABS(D11)<=E11,"OK","CHECK")
A12: H1 Nike PPM: mean difference CI upper | B12: =H1!P20 | C12: 3.0480849 | D12: =B12-C12 | E12: 0.0001 | F12: =IF(ABS(D12)<=E12,"OK","CHECK")
A13: H1 Nike PPM: Cohen's d_z | B13: =H1!P21 | C13: 1.3349484 | D13: =B13-C13 | E13: 0.0001 | F13: =IF(ABS(D13)<=E13,"OK","CHECK")
A14: H1 Nike PPM: d_z CI lower (method differs) | B14: =H1!P23 | C14: 0.81582201 | D14: =B14-C14 | E14: 0.1 | F14: =IF(ABS(D14)<=E14,"OK","CHECK") | G14: Excel: large sample approximation; R: noncentral t
A15: H1 Nike PPM: d_z CI upper (method differs) | B15: =H1!P24 | C15: 1.8408958 | D15: =B15-C15 | E15: 0.1 | F15: =IF(ABS(D15)<=E15,"OK","CHECK") | G15: Excel: large sample approximation; R: noncentral t
A16: H1 e.l.f. PPM: mean, reference | B16: =H1!P30 | C16: 2.4706429 | D16: =B16-C16 | E16: 0.0001 | F16: =IF(ABS(D16)<=E16,"OK","CHECK")
A17: H1 e.l.f. PPM: mean, comparison | B17: =H1!P32 | C17: 3.5 | D17: =B17-C17 | E17: 0.0001 | F17: =IF(ABS(D17)<=E17,"OK","CHECK")
A18: H1 e.l.f. PPM: mean difference | B18: =H1!P35 | C18: 1.0293571 | D18: =B18-C18 | E18: 0.0001 | F18: =IF(ABS(D18)<=E18,"OK","CHECK")
A19: H1 e.l.f. PPM: SD of differences | B19: =H1!P36 | C19: 1.5474178 | D19: =B19-C19 | E19: 0.0001 | F19: =IF(ABS(D19)<=E19,"OK","CHECK")
A20: H1 e.l.f. PPM: paired t | B20: =H1!P38 | C20: 3.5199582 | D20: =B20-C20 | E20: 0.0001 | F20: =IF(ABS(D20)<=E20,"OK","CHECK")
A21: H1 e.l.f. PPM: df | B21: =H1!P39 | C21: 27 | D21: =B21-C21 | E21: 1e-09 | F21: =IF(ABS(D21)<=E21,"OK","CHECK")
A22: H1 e.l.f. PPM: p (T.TEST type 1) | B22: =H1!P40 | C22: 0.0015517188 | D22: =B22-C22 | E22: 7.7685939e-07 | F22: =IF(ABS(D22)<=E22,"OK","CHECK")
A23: H1 e.l.f. PPM: mean difference CI lower | B23: =H1!P43 | C23: 0.42933115 | D23: =B23-C23 | E23: 0.0001 | F23: =IF(ABS(D23)<=E23,"OK","CHECK")
A24: H1 e.l.f. PPM: mean difference CI upper | B24: =H1!P44 | C24: 1.6293831 | D24: =B24-C24 | E24: 0.0001 | F24: =IF(ABS(D24)<=E24,"OK","CHECK")
A25: H1 e.l.f. PPM: Cohen's d_z | B25: =H1!P45 | C25: 0.66520957 | D25: =B25-C25 | E25: 0.0001 | F25: =IF(ABS(D25)<=E25,"OK","CHECK")
A26: H1 e.l.f. PPM: d_z CI lower (method differs) | B26: =H1!P47 | C26: 0.24984679 | D26: =B26-C26 | E26: 0.1 | F26: =IF(ABS(D26)<=E26,"OK","CHECK") | G26: Excel: large sample approximation; R: noncentral t
A27: H1 e.l.f. PPM: d_z CI upper (method differs) | B27: =H1!P48 | C27: 1.0705158 | D27: =B27-C27 | E27: 0.1 | F27: =IF(ABS(D27)<=E27,"OK","CHECK") | G27: Excel: large sample approximation; R: noncentral t
A28: H2 Nike minus e.l.f. PPM: mean, reference | B28: =H2!J6 | C28: 3.5 | D28: =B28-C28 | E28: 0.0001 | F28: =IF(ABS(D28)<=E28,"OK","CHECK")
A29: H2 Nike minus e.l.f. PPM: mean, comparison | B29: =H2!J8 | C29: 4.6576786 | D29: =B29-C29 | E29: 0.0001 | F29: =IF(ABS(D29)<=E29,"OK","CHECK")
A30: H2 Nike minus e.l.f. PPM: mean difference | B30: =H2!J11 | C30: 1.1576786 | D30: =B30-C30 | E30: 0.0001 | F30: =IF(ABS(D30)<=E30,"OK","CHECK")
A31: H2 Nike minus e.l.f. PPM: SD of differences | B31: =H2!J12 | C31: 1.9951429 | D31: =B31-C31 | E31: 0.0001 | F31: =IF(ABS(D31)<=E31,"OK","CHECK")
A32: H2 Nike minus e.l.f. PPM: paired t | B32: =H2!J14 | C32: 3.0703861 | D32: =B32-C32 | E32: 0.0001 | F32: =IF(ABS(D32)<=E32,"OK","CHECK")
A33: H2 Nike minus e.l.f. PPM: df | B33: =H2!J15 | C33: 27 | D33: =B33-C33 | E33: 1e-09 | F33: =IF(ABS(D33)<=E33,"OK","CHECK")
A34: H2 Nike minus e.l.f. PPM: p (T.TEST type 1) | B34: =H2!J16 | C34: 0.0048316894 | D34: =B34-C34 | E34: 2.4168447e-06 | F34: =IF(ABS(D34)<=E34,"OK","CHECK")
A35: H2 Nike minus e.l.f. PPM: mean difference CI lower | B35: =H2!J19 | C35: 0.3840429 | D35: =B35-C35 | E35: 0.0001 | F35: =IF(ABS(D35)<=E35,"OK","CHECK")
A36: H2 Nike minus e.l.f. PPM: mean difference CI upper | B36: =H2!J20 | C36: 1.9313142 | D36: =B36-C36 | E36: 0.0001 | F36: =IF(ABS(D36)<=E36,"OK","CHECK")
A37: H2 Nike minus e.l.f. PPM: Cohen's d_z | B37: =H2!J21 | C37: 0.58024844 | D37: =B37-C37 | E37: 0.0001 | F37: =IF(ABS(D37)<=E37,"OK","CHECK")
A38: H2 Nike minus e.l.f. PPM: d_z CI lower (method differs) | B38: =H2!J23 | C38: 0.17451886 | D38: =B38-C38 | E38: 0.1 | F38: =IF(ABS(D38)<=E38,"OK","CHECK") | G38: Excel: large sample approximation; R: noncentral t
A39: H2 Nike minus e.l.f. PPM: d_z CI upper (method differs) | B39: =H2!J24 | C39: 0.97681398 | D39: =B39-C39 | E39: 0.1 | F39: =IF(ABS(D39)<=E39,"OK","CHECK") | G39: Excel: large sample approximation; R: noncentral t
A40: H3 Nike HR: mean, reference | B40: =H3!M6 | C40: 76.171429 | D40: =B40-C40 | E40: 0.0001 | F40: =IF(ABS(D40)<=E40,"OK","CHECK")
A41: H3 Nike HR: mean, comparison | B41: =H3!M8 | C41: 74.664286 | D41: =B41-C41 | E41: 0.0001 | F41: =IF(ABS(D41)<=E41,"OK","CHECK")
A42: H3 Nike HR: mean difference | B42: =H3!M11 | C42: -1.5071429 | D42: =B42-C42 | E42: 0.0001 | F42: =IF(ABS(D42)<=E42,"OK","CHECK")
A43: H3 Nike HR: SD of differences | B43: =H3!M12 | C43: 1.9154206 | D43: =B43-C43 | E43: 0.0001 | F43: =IF(ABS(D43)<=E43,"OK","CHECK")
A44: H3 Nike HR: paired t | B44: =H3!M14 | C44: -4.1636028 | D44: =B44-C44 | E44: 0.0001 | F44: =IF(ABS(D44)<=E44,"OK","CHECK")
A45: H3 Nike HR: df | B45: =H3!M15 | C45: 27 | D45: =B45-C45 | E45: 1e-09 | F45: =IF(ABS(D45)<=E45,"OK","CHECK")
A46: H3 Nike HR: p (T.TEST type 1) | B46: =H3!M16 | C46: 0.00028671558 | D46: =B46-C46 | E46: 1.4435779e-07 | F46: =IF(ABS(D46)<=E46,"OK","CHECK")
A47: H3 Nike HR: mean difference CI lower | B47: =H3!M19 | C47: -2.2498654 | D47: =B47-C47 | E47: 0.0001 | F47: =IF(ABS(D47)<=E47,"OK","CHECK")
A48: H3 Nike HR: mean difference CI upper | B48: =H3!M20 | C48: -0.76442029 | D48: =B48-C48 | E48: 0.0001 | F48: =IF(ABS(D48)<=E48,"OK","CHECK")
A49: H3 Nike HR: Cohen's d_z | B49: =H3!M21 | C49: -0.78684696 | D49: =B49-C49 | E49: 0.0001 | F49: =IF(ABS(D49)<=E49,"OK","CHECK")
A50: H3 Nike HR: d_z CI lower (method differs) | B50: =H3!M23 | C50: -1.2065197 | D50: =B50-C50 | E50: 0.1 | F50: =IF(ABS(D50)<=E50,"OK","CHECK") | G50: Excel: large sample approximation; R: noncentral t
A51: H3 Nike HR: d_z CI upper (method differs) | B51: =H3!M24 | C51: -0.35606859 | D51: =B51-C51 | E51: 0.1 | F51: =IF(ABS(D51)<=E51,"OK","CHECK") | G51: Excel: large sample approximation; R: noncentral t
A52: H3 e.l.f. HR: mean, reference | B52: =H3!M30 | C52: 75.432143 | D52: =B52-C52 | E52: 0.0001 | F52: =IF(ABS(D52)<=E52,"OK","CHECK")
A53: H3 e.l.f. HR: mean, comparison | B53: =H3!M32 | C53: 74.457143 | D53: =B53-C53 | E53: 0.0001 | F53: =IF(ABS(D53)<=E53,"OK","CHECK")
A54: H3 e.l.f. HR: mean difference | B54: =H3!M35 | C54: -0.975 | D54: =B54-C54 | E54: 0.0001 | F54: =IF(ABS(D54)<=E54,"OK","CHECK")
A55: H3 e.l.f. HR: SD of differences | B55: =H3!M36 | C55: 1.8297187 | D55: =B55-C55 | E55: 0.0001 | F55: =IF(ABS(D55)<=E55,"OK","CHECK")
A56: H3 e.l.f. HR: paired t | B56: =H3!M38 | C56: -2.8196767 | D56: =B56-C56 | E56: 0.0001 | F56: =IF(ABS(D56)<=E56,"OK","CHECK")
A57: H3 e.l.f. HR: df | B57: =H3!M39 | C57: 27 | D57: =B57-C57 | E57: 1e-09 | F57: =IF(ABS(D57)<=E57,"OK","CHECK")
A58: H3 e.l.f. HR: p (T.TEST type 1) | B58: =H3!M40 | C58: 0.0088960036 | D58: =B58-C58 | E58: 4.4490018e-06 | F58: =IF(ABS(D58)<=E58,"OK","CHECK")
A59: H3 e.l.f. HR: mean difference CI lower | B59: =H3!M43 | C59: -1.6844908 | D59: =B59-C59 | E59: 0.0001 | F59: =IF(ABS(D59)<=E59,"OK","CHECK")
A60: H3 e.l.f. HR: mean difference CI upper | B60: =H3!M44 | C60: -0.26550917 | D60: =B60-C60 | E60: 0.0001 | F60: =IF(ABS(D60)<=E60,"OK","CHECK")
A61: H3 e.l.f. HR: Cohen's d_z | B61: =H3!M45 | C61: -0.53286881 | D61: =B61-C61 | E61: 0.0001 | F61: =IF(ABS(D61)<=E61,"OK","CHECK")
A62: H3 e.l.f. HR: d_z CI lower (method differs) | B62: =H3!M47 | C62: -0.9250537 | D62: =B62-C62 | E62: 0.1 | F62: =IF(ABS(D62)<=E62,"OK","CHECK") | G62: Excel: large sample approximation; R: noncentral t
A63: H3 e.l.f. HR: d_z CI upper (method differs) | B63: =H3!M48 | C63: -0.13207595 | D63: =B63-C63 | E63: 0.1 | F63: =IF(ABS(D63)<=E63,"OK","CHECK") | G63: Excel: large sample approximation; R: noncentral t
A64: H3 difference of changes: mean, reference | B64: =H3!M54 | C64: -0.975 | D64: =B64-C64 | E64: 0.0001 | F64: =IF(ABS(D64)<=E64,"OK","CHECK")
A65: H3 difference of changes: mean, comparison | B65: =H3!M56 | C65: -1.5071429 | D65: =B65-C65 | E65: 0.0001 | F65: =IF(ABS(D65)<=E65,"OK","CHECK")
A66: H3 difference of changes: mean difference | B66: =H3!M59 | C66: -0.53214286 | D66: =B66-C66 | E66: 0.0001 | F66: =IF(ABS(D66)<=E66,"OK","CHECK")
A67: H3 difference of changes: SD of differences | B67: =H3!M60 | C67: 2.388096 | D67: =B67-C67 | E67: 0.0001 | F67: =IF(ABS(D67)<=E67,"OK","CHECK")
A68: H3 difference of changes: paired t | B68: =H3!M62 | C68: -1.1791131 | D68: =B68-C68 | E68: 0.0001 | F68: =IF(ABS(D68)<=E68,"OK","CHECK")
A69: H3 difference of changes: df | B69: =H3!M63 | C69: 27 | D69: =B69-C69 | E69: 1e-09 | F69: =IF(ABS(D69)<=E69,"OK","CHECK")
A70: H3 difference of changes: p (T.TEST type 1) | B70: =H3!M64 | C70: 0.24863955 | D70: =B70-C70 | E70: 0.00012432077 | F70: =IF(ABS(D70)<=E70,"OK","CHECK")
A71: H3 difference of changes: mean difference CI lower | B71: =H3!M67 | C71: -1.4581498 | D71: =B71-C71 | E71: 0.0001 | F71: =IF(ABS(D71)<=E71,"OK","CHECK")
A72: H3 difference of changes: mean difference CI upper | B72: =H3!M68 | C72: 0.39386411 | D72: =B72-C72 | E72: 0.0001 | F72: =IF(ABS(D72)<=E72,"OK","CHECK")
A73: H3 difference of changes: Cohen's d_z | B73: =H3!M69 | C73: -0.22283143 | D73: =B73-C73 | E73: 0.0001 | F73: =IF(ABS(D73)<=E73,"OK","CHECK")
A74: H3 difference of changes: d_z CI lower (method differs) | B74: =H3!M71 | C74: -0.59591957 | D74: =B74-C74 | E74: 0.1 | F74: =IF(ABS(D74)<=E74,"OK","CHECK") | G74: Excel: large sample approximation; R: noncentral t
A75: H3 difference of changes: d_z CI upper (method differs) | B75: =H3!M72 | C75: 0.1542642 | D75: =B75-C75 | E75: 0.1 | F75: =IF(ABS(D75)<=E75,"OK","CHECK") | G75: Excel: large sample approximation; R: noncentral t
A76: Sensitivity H1 Nike PPM (responders): mean, reference | B76: =H1!P54 | C76: 2.49116 | D76: =B76-C76 | E76: 0.0001 | F76: =IF(ABS(D76)<=E76,"OK","CHECK")
A77: Sensitivity H1 Nike PPM (responders): mean, comparison | B77: =H1!P56 | C77: 5.1366 | D77: =B77-C77 | E77: 0.0001 | F77: =IF(ABS(D77)<=E77,"OK","CHECK")
A78: Sensitivity H1 Nike PPM (responders): mean difference | B78: =H1!P59 | C78: 2.64544 | D78: =B78-C78 | E78: 0.0001 | F78: =IF(ABS(D78)<=E78,"OK","CHECK")
A79: Sensitivity H1 Nike PPM (responders): SD of differences | B79: =H1!P60 | C79: 1.6302 | D79: =B79-C79 | E79: 0.0001 | F79: =IF(ABS(D79)<=E79,"OK","CHECK")
A80: Sensitivity H1 Nike PPM (responders): paired t | B80: =H1!P62 | C80: 8.1138512 | D80: =B80-C80 | E80: 0.0001 | F80: =IF(ABS(D80)<=E80,"OK","CHECK")
A81: Sensitivity H1 Nike PPM (responders): df | B81: =H1!P63 | C81: 24 | D81: =B81-C81 | E81: 1e-09 | F81: =IF(ABS(D81)<=E81,"OK","CHECK")
A82: Sensitivity H1 Nike PPM (responders): p (T.TEST type 1) | B82: =H1!P64 | C82: 2.4553536e-08 | D82: =B82-C82 | E82: 1.0122768e-09 | F82: =IF(ABS(D82)<=E82,"OK","CHECK")
A83: Sensitivity H1 Nike PPM (responders): mean difference CI lower | B83: =H1!P67 | C83: 1.9725265 | D83: =B83-C83 | E83: 0.0001 | F83: =IF(ABS(D83)<=E83,"OK","CHECK")
A84: Sensitivity H1 Nike PPM (responders): mean difference CI upper | B84: =H1!P68 | C84: 3.3183535 | D84: =B84-C84 | E84: 0.0001 | F84: =IF(ABS(D84)<=E84,"OK","CHECK")
A85: Sensitivity H1 Nike PPM (responders): Cohen's d_z | B85: =H1!P69 | C85: 1.6227702 | D85: =B85-C85 | E85: 0.0001 | F85: =IF(ABS(D85)<=E85,"OK","CHECK")
A86: Sensitivity H1 Nike PPM (responders): d_z CI lower (method differs) | B86: =H1!P71 | C86: 1.0137758 | D86: =B86-C86 | E86: 0.1 | F86: =IF(ABS(D86)<=E86,"OK","CHECK") | G86: Excel: large sample approximation; R: noncentral t
A87: Sensitivity H1 Nike PPM (responders): d_z CI upper (method differs) | B87: =H1!P72 | C87: 2.2170185 | D87: =B87-C87 | E87: 0.1 | F87: =IF(ABS(D87)<=E87,"OK","CHECK") | G87: Excel: large sample approximation; R: noncentral t
A88: Sensitivity H1 e.l.f. PPM (responders): mean, reference | B88: =H1!P78 | C88: 2.76712 | D88: =B88-C88 | E88: 0.0001 | F88: =IF(ABS(D88)<=E88,"OK","CHECK")
A89: Sensitivity H1 e.l.f. PPM (responders): mean, comparison | B89: =H1!P80 | C89: 3.92 | D89: =B89-C89 | E89: 0.0001 | F89: =IF(ABS(D89)<=E89,"OK","CHECK")
A90: Sensitivity H1 e.l.f. PPM (responders): mean difference | B90: =H1!P83 | C90: 1.15288 | D90: =B90-C90 | E90: 0.0001 | F90: =IF(ABS(D90)<=E90,"OK","CHECK")
A91: Sensitivity H1 e.l.f. PPM (responders): SD of differences | B91: =H1!P84 | C91: 1.5954542 | D91: =B91-C91 | E91: 0.0001 | F91: =IF(ABS(D91)<=E91,"OK","CHECK")
A92: Sensitivity H1 e.l.f. PPM (responders): paired t | B92: =H1!P86 | C92: 3.6130151 | D92: =B92-C92 | E92: 0.0001 | F92: =IF(ABS(D92)<=E92,"OK","CHECK")
A93: Sensitivity H1 e.l.f. PPM (responders): df | B93: =H1!P87 | C93: 24 | D93: =B93-C93 | E93: 1e-09 | F93: =IF(ABS(D93)<=E93,"OK","CHECK")
A94: Sensitivity H1 e.l.f. PPM (responders): p (T.TEST type 1) | B94: =H1!P88 | C94: 0.0013917906 | D94: =B94-C94 | E94: 6.9689529e-07 | F94: =IF(ABS(D94)<=E94,"OK","CHECK")
A95: Sensitivity H1 e.l.f. PPM (responders): mean difference CI lower | B95: =H1!P91 | C95: 0.49430888 | D95: =B95-C95 | E95: 0.0001 | F95: =IF(ABS(D95)<=E95,"OK","CHECK")
A96: Sensitivity H1 e.l.f. PPM (responders): mean difference CI upper | B96: =H1!P92 | C96: 1.8114511 | D96: =B96-C96 | E96: 0.0001 | F96: =IF(ABS(D96)<=E96,"OK","CHECK")
A97: Sensitivity H1 e.l.f. PPM (responders): Cohen's d_z | B97: =H1!P93 | C97: 0.72260302 | D97: =B97-C97 | E97: 0.0001 | F97: =IF(ABS(D97)<=E97,"OK","CHECK")
A98: Sensitivity H1 e.l.f. PPM (responders): d_z CI lower (method differs) | B98: =H1!P95 | C98: 0.2750767 | D98: =B98-C98 | E98: 0.1 | F98: =IF(ABS(D98)<=E98,"OK","CHECK") | G98: Excel: large sample approximation; R: noncentral t
A99: Sensitivity H1 e.l.f. PPM (responders): d_z CI upper (method differs) | B99: =H1!P96 | C99: 1.1582465 | D99: =B99-C99 | E99: 0.1 | F99: =IF(ABS(D99)<=E99,"OK","CHECK") | G99: Excel: large sample approximation; R: noncentral t
A100: Sensitivity H2 PPM (responders): mean, reference | B100: =H2!J41 | C100: 3.92 | D100: =B100-C100 | E100: 0.0001 | F100: =IF(ABS(D100)<=E100,"OK","CHECK")
A101: Sensitivity H2 PPM (responders): mean, comparison | B101: =H2!J43 | C101: 5.1366 | D101: =B101-C101 | E101: 0.0001 | F101: =IF(ABS(D101)<=E101,"OK","CHECK")
...
