Workbook

Sheet README
A1: SIMULATED EEG frontal alpha asymmetry workbook (teaching material)
A3: Every number in this workbook is SIMULATED. It was generated by make_simulated_data.py (seed 20267088) in the style of the
A4: iMotions demo study DEMO - SonyBravia: a commercial with a key scene (Version A, Commercial_1A) against the same commercial with the
A5: key scene cut (Version B, Commercial_1B), between subjects; a second commercial (Commercial_2) for everyone, within subjects; two
A6: neutral 1 minute nature videos as baselines; the last 10 s of each commercial (EndScene). Device: Neuroelectrics Enobio 8 through
A7: NIC2 and Lab Streaming Layer, iMotions device name Enobio EEG, 500 Hz. No real person was recorded.
A9: FA = ln(alpha power at the RIGHT frontal electrode) - ln(alpha power at the LEFT frontal electrode). Higher = relatively more left
A10: frontal activity, read as approach motivation. ASSUMED channel map (verify in NIC2): Ch5 = F3 (left), Ch6 = F4 (right).
A12: Sheets:
A13: Data EEG Frontal Asymmetry Metrics export as exported (columns A to L, rows 2 to 313); helper columns M to Q are live formulas:
A14: Version, Order, Role (which part of the design the row is), Keep (exclusion rule), Keep15 (stricter sensitivity rule).
A15: Default The same export made with the notebook DEFAULT channels (Ch1 = Fz, Ch7 = P3), for the teaching contrast only.
... A34: analysis_output.txt (its console output), results_text.md (model paragraphs).

Sheet Data
A1: Study Name | B1: Respondent Name | C1: Gender | D1: Age | E1: Group | F1: Type | G1: Label | H1: Start (ms) | I1: Duration (ms) | J1: Parent Stimulus | K1: Mean Frontal Asymmetry Alpha | L1: Algorithm Device Name | M1: Version | N1: Order | O1: Role | P1: Keep | Q1: Keep15
A2: SIMULATED Commercial FA Study | B2: P01 | C2: F | D2: 22 | E2: B_C2first | F2: Stimulus | G2: Baseline_1 | H2: 35000 | I2: 60000 | J2: Baseline_1 | K2: -0.0603 | L2: Frontal Asymmetry (Enobio EEG) | M2: =LEFT(E2,1) | N2: =MID(E2,3,10) | O2: =IF(F2="Stimulus",IF(LEFT(G2,8)="Baseline",G2,IF(LEFT(G2,12)="Commercial_1","C1","C2")),IF(G2="KeyScene","KeyScene",IF(LEFT(J2,12)="Commercial_1","EndScene_C1","EndScene_C2"))) | P2: =IF(COUNTIFS(Artifact!$B$2:$B$385,B2,Artifact!$K$2:$K$385,">25")+COUNTIFS(Log!$A$2:$A$49,B2,Log!$H$2:$H$49,"Red")+COUNTIFS(Log!$A$2:$A$49,B2,Log!$I$2:$I$49,"Red")>0,"No","Yes") | Q2: =IF(COUNTIFS(Artifact!$B$2:$B$385,B2,Artifact!$K$2:$K$385,">15")+COUNTIFS(Log!$A$2:$A$49,B2,Log!$H$2:$H$49,"Red")+COUNTIFS(Log!$A$2:$A$49,B2,Log!$I$2:$I$49,"Red")>0,"No","Yes")
A3: SIMULATED Commercial FA Study | B3: P01 | C3: F | D3: 22 | E3: B_C2first | F3: Stimulus | G3: Commercial_2 | H3: 95000 | I3: 60000 | J3: Commercial_2 | K3: 0.0166 | L3: Frontal Asymmetry (Enobio EEG) | M3: =LEFT(E3,1) | N3: =MID(E3,3,10) | O3: =IF(F3="Stimulus",IF(LEFT(G3,8)="Baseline",G3,IF(LEFT(G3,12)="Commercial_1","C1","C2")),IF(G3="KeyScene","KeyScene",IF(LEFT(J3,12)="Commercial_1","EndScene_C1","EndScene_C2"))) | P3: =IF(COUNTIFS(Artifact!$B$2:$B$385,B3,Artifact!$K$2:$K$385,">25")+COUNTIFS(Log!$A$2:$A$49,B3,Log!$H$2:$H$49,"Red")+COUNTIFS(Log!$A$2:$A$49,B3,Log!$I$2:$I$49,"Red")>0,"No","Yes") | Q3: =IF(COUNTIFS(Artifact!$B$2:$B$385,B3,Artifact!$K$2:$K$385,">15")+COUNTIFS(Log!$A$2:$A$49,B3,Log!$H$2:$H$49,"Red")+COUNTIFS(Log!$A$2:$A$49,B3,Log!$I$2:$I$49,"Red")>0,"No","Yes")
A4: SIMULATED Commercial FA Study | B4: P01 | C4: F | D4: 22 | E4: B_C2first | F4: Stimulus | G4: Baseline_2 | H4: 203000 | I4: 60000 | J4: Baseline_2 | K4: 0.0787 | L4: Frontal Asymmetry (Enobio EEG) | M4: =LEFT(E4,1) | N4: =MID(E4,3,10) | O4: =IF(F4="Stimulus",IF(LEFT(G4,8)="Baseline",G4,IF(LEFT(G4,12)="Commercial_1","C1","C2")),IF(G4="KeyScene","KeyScene",IF(LEFT(J4,12)="Commercial_1","EndScene_C1","EndScene_C2"))) | P4: =IF(COUNTIFS(Artifact!$B$2:$B$385,B4,Artifact!$K$2:$K$385,">25")+COUNTIFS(Log!$A$2:$A$49,B4,Log!$H$2:$H$49,"Red")+COUNTIFS(Log!$A$2:$A$49,B4,Log!$I$2:$I$49,"Red")>0,"No","Yes") | Q4: =IF(COUNTIFS(Artifact!$B$2:$B$385,B4,Artifact!$K$2:$K$385,">15")+COUNTIFS(Log!$A$2:$A$49,B4,Log!$H$2:$H$49,"Red")+COUNTIFS(Log!$A$2:$A$49,B4,Log!$I$2:$I$49,"Red")>0,"No","Yes")
A5: SIMULATED Commercial FA Study | B5: P01 | C5: F | D5: 22 | E5: B_C2first | F5: Stimulus | G5: Commercial_1B | H5: 263000 | I5: 54000 | J5: Commercial_1B | K5: 0.0081 | L5: Frontal Asymmetry (Enobio EEG) | M5: =LEFT(E5,1) | N5: =MID(E5,3,10) | O5: =IF(F5="Stimulus",IF(LEFT(G5,8)="Baseline",G5,IF(LEFT(G5,12)="Commercial_1","C1","C2")),IF(G5="KeyScene","KeyScene",IF(LEFT(J5,12)="Commercial_1","EndScene_C1","EndScene_C2"))) | P5: =IF(COUNTIFS(Artifact!$B$2:$B$385,B5,Artifact!$K$2:$K$385,">25")+COUNTIFS(Log!$A$2:$A$49,B5,Log!$H$2:$H$49,"Red")+COUNTIFS(Log!$A$2:$A$49,B5,Log!$I$2:$I$49,"Red")>0,"No","Yes") | Q5: =IF(COUNTIFS(Artifact!$B$2:$B$385,B5,Artifact!$K$2:$K$385,">15")+COUNTIFS(Log!$A$2:$A$49,B5,Log!$H$2:$H$49,"Red")+COUNTIFS(Log!$A$2:$A$49,B5,Log!$I$2:$I$49,"Red")>0,"No","Yes")
A6: SIMULATED Commercial FA Study | B6: P01 | C6: F | D6: 22 | E6: B_C2first | F6: Annotation | G6: EndScene | H6: 145000 | I6: 10000 | J6: Commercial_2 | K6: 0.0379 | L6: Frontal Asymmetry (Enobio EEG) | M6: =LEFT(E6,1) | N6: =MID(E6,3,10) | O6: =IF(F6="Stimulus",IF(LEFT(G6,8)="Baseline",G6,IF(LEFT(G6,12)="Commercial_1","C1","C2")),IF(G6="KeyScene","KeyScene",IF(LEFT(J6,12)="Commercial_1","EndScene_C1","EndScene_C2"))) | P6: =IF(COUNTIFS(Artifact!$B$2:$B$385,B6,Artifact!$K$2:$K$385,">25")+COUNTIFS(Log!$A$2:$A$49,B6,Log!$H$2:$H$49,"Red")+COUNTIFS(Log!$A$2:$A$49,B6,Log!$I$2:$I$49,"Red")>0,"No","Yes") | Q6: =IF(COUNTIFS(Artifact!$B$2:$B$385,B6,Artifact!$K$2:$K$385,">15")+COUNTIFS(Log!$A$2:$A$49,B6,Log!$H$2:$H$49,"Red")+COUNTIFS(Log!$A$2:$A$49,B6,Log!$I$2:$I$49,"Red")>0,"No","Yes")
A7: SIMULATED Commercial FA Study | B7: P01 | C7: F | D7: 22 | E7: B_C2first | F7: Annotation | G7: EndScene | H7: 307000 | I7: 10000 | J7: Commercial_1B | K7: -0.0869 | L7: Frontal Asymmetry (Enobio EEG) | M7: =LEFT(E7,1) | N7: =MID(E7,3,10) | O7: =IF(F7="Stimulus",IF(LEFT(G7,8)="Baseline",G7,IF(LEFT(G7,12)="Commercial_1","C1","C2")),IF(G7="KeyScene","KeyScene",IF(LEFT(J7,12)="Commercial_1","EndScene_C1","EndScene_C2"))) | P7: =IF(COUNTIFS(Artifact!$B$2:$B$385,B7,Artifact!$K$2:$K$385,">25")+COUNTIFS(Log!$A$2:$A$49,B7,Log!$H$2:$H$49,"Red")+COUNTIFS(Log!$A$2:$A$49,B7,Log!$I$2:$I$49,"Red")>0,"No","Yes") | Q7: =IF(COUNTIFS(Artifact!$B$2:$B$385,B7,Artifact!$K$2:$K$385,">15")+COUNTIFS(Log!$A$2:$A$49,B7,Log!$H$2:$H$49,"Red")+COUNTIFS(Log!$A$2:$A$49,B7,Log!$I$2:$I$49,"Red")>0,"No","Yes")
A8: SIMULATED Commercial FA Study | B8: P02 | C8: F | D8: 22 | E8: A_C2first | F8: Stimulus | G8: Baseline_1 | H8: 35000 | I8: 60000 | J8: Baseline_1 | K8: -0.1065 | L8: Frontal Asymmetry (Enobio EEG) | M8: =LEFT(E8,1) | N8: =MID(E8,3,10) | O8: =IF(F8="Stimulus",IF(LEFT(G8,8)="Baseline",G8,IF(LEFT(G8,12)="Commercial_1","C1","C2")),IF(G8="KeyScene","KeyScene",IF(LEFT(J8,12)="Commercial_1","EndScene_C1","EndScene_C2"))) | P8: =IF(COUNTIFS(Artifact!$B$2:$B$385,B8,Artifact!$K$2:$K$385,">25")+COUNTIFS(Log!$A$2:$A$49,B8,Log!$H$2:$H$49,"Red")+COUNTIFS(Log!$A$2:$A$49,B8,Log!$I$2:$I$49,"Red")>0,"No","Yes") | Q8: =IF(COUNTIFS(Artifact!$B$2:$B$385,B8,Artifact!$K$2:$K$385,">15")+COUNTIFS(Log!$A$2:$A$49,B8,Log!$H$2:$H$49,"Red")+COUNTIFS(Log!$A$2:$A$49,B8,Log!$I$2:$I$49,"Red")>0,"No","Yes")
A9: SIMULATED Commercial FA Study | B9: P02 | C9: F | D9: 22 | E9: A_C2first | F9: Stimulus | G9: Commercial_2 | H9: 95000 | I9: 60000 | J9: Commercial_2 | K9: -0.1198 | L9: Frontal Asymmetry (Enobio EEG) | M9: =LEFT(E9,1) | N9: =MID(E9,3,10) | O9: =IF(F9="Stimulus",IF(LEFT(G9,8)="Baseline",G9,IF(LEFT(G9,12)="Commercial_1","C1","C2")),IF(G9="KeyScene","KeyScene",IF(LEFT(J9,12)="Commercial_1","EndScene_C1","EndScene_C2"))) | P9: =IF(COUNTIFS(Artifact!$B$2:$B$385,B9,Artifact!$K$2:$K$385,">25")+COUNTIFS(Log!$A$2:$A$49,B9,Log!$H$2:$H$49,"Red")+COUNTIFS(Log!$A$2:$A$49,B9,Log!$I$2:$I$49,"Red")>0,"No","Yes") | Q9: =IF(COUNTIFS(Artifact!$B$2:$B$385,B9,Artifact!$K$2:$K$385,">15")+COUNTIFS(Log!$A$2:$A$49,B9,Log!$H$2:$H$49,"Red")+COUNTIFS(Log!$A$2:$A$49,B9,Log!$I$2:$I$49,"Red")>0,"No","Yes")
A10: SIMULATED Commercial FA Study | B10: P02 | C10: F | D10: 22 | E10: A_C2first | F10: Stimulus | G10: Baseline_2 | H10: 197000 | I10: 60000 | J10: Baseline_2 | K10: -0.177 | L10: Frontal Asymmetry (Enobio EEG) | M10: =LEFT(E10,1) | N10: =MID(E10,3,10) | O10: =IF(F10="Stimulus",IF(LEFT(G10,8)="Baseline",G10,IF(LEFT(G10,12)="Commercial_1","C1","C2")),IF(G10="KeyScene","KeyScene",IF(LEFT(J10,12)="Commercial_1","EndScene_C1","EndScene_C2"))) | P10: =IF(COUNTIFS(Artifact!$B$2:$B$385,B10,Artifact!$K$2:$K$385,">25")+COUNTIFS(Log!$A$2:$A$49,B10,Log!$H$2:$H$49,"Red")+COUNTIFS(Log!$A$2:$A$49,B10,Log!$I$2:$I$49,"Red")>0,"No","Yes") | Q10: =IF(COUNTIFS(Artifact!$B$2:$B$385,B10,Artifact!$K$2:$K$385,">15")+COUNTIFS(Log!$A$2:$A$49,B10,Log!$H$2:$H$49,"Red")+COUNTIFS(Log!$A$2:$A$49,B10,Log!$I$2:$I$49,"Red")>0,"No","Yes")
A11: SIMULATED Commercial FA Study | B11: P02 | C11: F | D11: 22 | E11: A_C2first | F11: Stimulus | G11: Commercial_1A | H11: 257000 | I11: 60000 | J11: Commercial_1A | K11: -0.2164 | L11: Frontal Asymmetry (Enobio EEG) | M11: =LEFT(E11,1) | N11: =MID(E11,3,10) | O11: =IF(F11="Stimulus",IF(LEFT(G11,8)="Baseline",G11,IF(LEFT(G11,12)="Commercial_1","C1","C2")),IF(G11="KeyScene","KeyScene",IF(LEFT(J11,12)="Commercial_1","EndScene_C1","EndScene_C2"))) | P11: =IF(COUNTIFS(Artifact!$B$2:$B$385,B11,Artifact!$K$2:$K$385,">25")+COUNTIFS(Log!$A$2:$A$49,B11,Log!$H$2:$H$49,"Red")+COUNTIFS(Log!$A$2:$A$49,B11,Log!$I$2:$I$49,"Red")>0,"No","Yes") | Q11: =IF(COUNTIFS(Artifact!$B$2:$B$385,B11,Artifact!$K$2:$K$385,">15")+COUNTIFS(Log!$A$2:$A$49,B11,Log!$H$2:$H$49,"Red")+COUNTIFS(Log!$A$2:$A$49,B11,Log!$I$2:$I$49,"Red")>0,"No","Yes")
A12: SIMULATED Commercial FA Study | B12: P02 | C12: F | D12: 22 | E12: A_C2first | F12: Annotation | G12: EndScene | H12: 145000 | I12: 10000 | J12: Commercial_2 | K12: -0.1272 | L12: Frontal Asymmetry (Enobio EEG) | M12: =LEFT(E12,1) | N12: =MID(E12,3,10) | O12: =IF(F12="Stimulus",IF(LEFT(G12,8)="Baseline",G12,IF(LEFT(G12,12)="Commercial_1","C1","C2")),IF(G12="KeyScene","KeyScene",IF(LEFT(J12,12)="Commercial_1","EndScene_C1","EndScene_C2"))) | P12: =IF(COUNTIFS(Artifact!$B$2:$B$385,B12,Artifact!$K$2:$K$385,">25")+COUNTIFS(Log!$A$2:$A$49,B12,Log!$H$2:$H$49,"Red")+COUNTIFS(Log!$A$2:$A$49,B12,Log!$I$2:$I$49,"Red")>0,"No","Yes") | Q12: =IF(COUNTIFS(Artifact!$B$2:$B$385,B12,Artifact!$K$2:$K$385,">15")+COUNTIFS(Log!$A$2:$A$49,B12,Log!$H$2:$H$49,"Red")+COUNTIFS(Log!$A$2:$A$49,B12,Log!$I$2:$I$49,"Red")>0,"No","Yes")
A13: SIMULATED Commercial FA Study | B13: P02 | C13: F | D13: 22 | E13: A_C2first | F13: Annotation | G13: KeyScene | H13: 289000 | I13: 6000 | J13: Commercial_1A | K13: -0.1678 | L13: Frontal Asymmetry (Enobio EEG) | M13: =LEFT(E13,1) | N13: =MID(E13,3,10) | O13: =IF(F13="Stimulus",IF(LEFT(G13,8)="Baseline",G13,IF(LEFT(G13,12)="Commercial_1","C1","C2")),IF(G13="KeyScene","KeyScene",IF(LEFT(J13,12)="Commercial_1","EndScene_C1","EndScene_C2"))) | P13: =IF(COUNTIFS(Artifact!$B$2:$B$385,B13,Artifact!$K$2:$K$385,">25")+COUNTIFS(Log!$A$2:$A$49,B13,Log!$H$2:$H$49,"Red")+COUNTIFS(Log!$A$2:$A$49,B13,Log!$I$2:$I$49,"Red")>0,"No","Yes") | Q13: =IF(COUNTIFS(Artifact!$B$2:$B$385,B13,Artifact!$K$2:$K$385,">15")+COUNTIFS(Log!$A$2:$A$49,B13,Log!$H$2:$H$49,"Red")+COUNTIFS(Log!$A$2:$A$49,B13,Log!$I$2:$I$49,"Red")>0,"No","Yes")
... A313: SIMULATED Commercial FA Study | B313: P48 | C313: F | D313: 21 | E313: B_C1first | F313: Annotation | G313: EndScene | H313: 299000 | I313: 10000 | J313: Commercial_2 | K313: -0.1907 | L313: Frontal Asymmetry (Enobio EEG) | M313: =LEFT(E313,1) | N313: =MID(E313,3,10) | O313: =IF(F313="Stimulus",IF(LEFT(G313,8)="Baseline",G313,IF(LEFT(G313,12)="Commercial_1","C1","C2")),IF(G313="KeyScene","KeyScene",IF(LEFT(J313,12)="Commercial_1","EndScene_C1","EndScene_C2"))) | P313: =IF(COUNTIFS(Artifact!$B$2:$B$385,B313,Artifact!$K$2:$K$385,">25")+COUNTIFS(Log!$A$2:$A$49,B313,Log!$H$2:$H$49,"Red")+COUNTIFS(Log!$A$2:$A$49,B313,Log!$I$2:$I$49,"Red")>0,"No","Yes") | Q313: =IF(COUNTIFS(Artifact!$B$2:$B$385,B313,Artifact!$K$2:$K$385,">15")+COUNTIFS(Log!$A$2:$A$49,B313,Log!$H$2:$H$49,"Red")+COUNTIFS(Log!$A$2:$A$49,B313,Log!$I$2:$I$49,"Red")>0,"No","Yes")

Sheet Default
A1: Study Name | B1: Respondent Name | C1: Gender | D1: Age | E1: Group | F1: Type | G1: Label | H1: Start (ms) | I1: Duration (ms) | J1: Parent Stimulus | K1: Mean Frontal Asymmetry Alpha | L1: Algorithm Device Name | M1: Version | N1: Order | O1: Role | P1: Keep | Q1: Keep15
A2: SIMULATED Commercial FA Study | B2: P01 | C2: F | D2: 22 | E2: B_C2first | F2: Stimulus | G2: Baseline_1 | H2: 35000 | I2: 60000 | J2: Baseline_1 | K2: 0.5144 | L2: Frontal Asymmetry (Enobio EEG) | M2: =LEFT(E2,1) | N2: =MID(E2,3,10) | O2: =IF(F2="Stimulus",IF(LEFT(G2,8)="Baseline",G2,IF(LEFT(G2,12)="Commercial_1","C1","C2")),IF(G2="KeyScene","KeyScene",IF(LEFT(J2,12)="Commercial_1","EndScene_C1","EndScene_C2"))) | P2: =IF(COUNTIFS(Artifact!$B$2:$B$385,B2,Artifact!$K$2:$K$385,">25")+COUNTIFS(Log!$A$2:$A$49,B2,Log!$H$2:$H$49,"Red")+COUNTIFS(Log!$A$2:$A$49,B2,Log!$I$2:$I$49,"Red")>0,"No","Yes") | Q2: =IF(COUNTIFS(Artifact!$B$2:$B$385,B2,Artifact!$K$2:$K$385,">15")+COUNTIFS(Log!$A$2:$A$49,B2,Log!$H$2:$H$49,"Red")+COUNTIFS(Log!$A$2:$A$49,B2,Log!$I$2:$I$49,"Red")>0,"No","Yes")
A3: SIMULATED Commercial FA Study | B3: P01 | C3: F | D3: 22 | E3: B_C2first | F3: Stimulus | G3: Commercial_2 | H3: 95000 | I3: 60000 | J3: Commercial_2 | K3: 0.4972 | L3: Frontal Asymmetry (Enobio EEG) | M3: =LEFT(E3,1) | N3: =MID(E3,3,10) | O3: =IF(F3="Stimulus",IF(LEFT(G3,8)="Baseline",G3,IF(LEFT(G3,12)="Commercial_1","C1","C2")),IF(G3="KeyScene","KeyScene",IF(LEFT(J3,12)="Commercial_1","EndScene_C1","EndScene_C2"))) | P3: =IF(COUNTIFS(Artifact!$B$2:$B$385,B3,Artifact!$K$2:$K$385,">25")+COUNTIFS(Log!$A$2:$A$49,B3,Log!$H$2:$H$49,"Red")+COUNTIFS(Log!$A$2:$A$49,B3,Log!$I$2:$I$49,"Red")>0,"No","Yes") | Q3: =IF(COUNTIFS(Artifact!$B$2:$B$385,B3,Artifact!$K$2:$K$385,">15")+COUNTIFS(Log!$A$2:$A$49,B3,Log!$H$2:$H$49,"Red")+COUNTIFS(Log!$A$2:$A$49,B3,Log!$I$2:$I$49,"Red")>0,"No","Yes")
A4: SIMULATED Commercial FA Study | B4: P01 | C4: F | D4: 22 | E4: B_C2first | F4: Stimulus | G4: Baseline_2 | H4: 203000 | I4: 60000 | J4: Baseline_2 | K4: 0.4845 | L4: Frontal Asymmetry (Enobio EEG) | M4: =LEFT(E4,1) | N4: =MID(E4,3,10) | O4: =IF(F4="Stimulus",IF(LEFT(G4,8)="Baseline",G4,IF(LEFT(G4,12)="Commercial_1","C1","C2")),IF(G4="KeyScene","KeyScene",IF(LEFT(J4,12)="Commercial_1","EndScene_C1","EndScene_C2"))) | P4: =IF(COUNTIFS(Artifact!$B$2:$B$385,B4,Artifact!$K$2:$K$385,">25")+COUNTIFS(Log!$A$2:$A$49,B4,Log!$H$2:$H$49,"Red")+COUNTIFS(Log!$A$2:$A$49,B4,Log!$I$2:$I$49,"Red")>0,"No","Yes") | Q4: =IF(COUNTIFS(Artifact!$B$2:$B$385,B4,Artifact!$K$2:$K$385,">15")+COUNTIFS(Log!$A$2:$A$49,B4,Log!$H$2:$H$49,"Red")+COUNTIFS(Log!$A$2:$A$49,B4,Log!$I$2:$I$49,"Red")>0,"No","Yes")
A5: SIMULATED Commercial FA Study | B5: P01 | C5: F | D5: 22 | E5: B_C2first | F5: Stimulus | G5: Commercial_1B | H5: 263000 | I5: 54000 | J5: Commercial_1B | K5: 0.5385 | L5: Frontal Asymmetry (Enobio EEG) | M5: =LEFT(E5,1) | N5: =MID(E5,3,10) | O5: =IF(F5="Stimulus",IF(LEFT(G5,8)="Baseline",G5,IF(LEFT(G5,12)="Commercial_1","C1","C2")),IF(G5="KeyScene","KeyScene",IF(LEFT(J5,12)="Commercial_1","EndScene_C1","EndScene_C2"))) | P5: =IF(COUNTIFS(Artifact!$B$2:$B$385,B5,Artifact!$K$2:$K$385,">25")+COUNTIFS(Log!$A$2:$A$49,B5,Log!$H$2:$H$49,"Red")+COUNTIFS(Log!$A$2:$A$49,B5,Log!$I$2:$I$49,"Red")>0,"No","Yes") | Q5: =IF(COUNTIFS(Artifact!$B$2:$B$385,B5,Artifact!$K$2:$K$385,">15")+COUNTIFS(Log!$A$2:$A$49,B5,Log!$H$2:$H$49,"Red")+COUNTIFS(Log!$A$2:$A$49,B5,Log!$I$2:$I$49,"Red")>0,"No","Yes")
A6: SIMULATED Commercial FA Study | B6: P01 | C6: F | D6: 22 | E6: B_C2first | F6: Annotation | G6: EndScene | H6: 145000 | I6: 10000 | J6: Commercial_2 | K6: 0.5426 | L6: Frontal Asymmetry (Enobio EEG) | M6: =LEFT(E6,1) | N6: =MID(E6,3,10) | O6: =IF(F6="Stimulus",IF(LEFT(G6,8)="Baseline",G6,IF(LEFT(G6,12)="Commercial_1","C1","C2")),IF(G6="KeyScene","KeyScene",IF(LEFT(J6,12)="Commercial_1","EndScene_C1","EndScene_C2"))) | P6: =IF(COUNTIFS(Artifact!$B$2:$B$385,B6,Artifact!$K$2:$K$385,">25")+COUNTIFS(Log!$A$2:$A$49,B6,Log!$H$2:$H$49,"Red")+COUNTIFS(Log!$A$2:$A$49,B6,Log!$I$2:$I$49,"Red")>0,"No","Yes") | Q6: =IF(COUNTIFS(Artifact!$B$2:$B$385,B6,Artifact!$K$2:$K$385,">15")+COUNTIFS(Log!$A$2:$A$49,B6,Log!$H$2:$H$49,"Red")+COUNTIFS(Log!$A$2:$A$49,B6,Log!$I$2:$I$49,"Red")>0,"No","Yes")
A7: SIMULATED Commercial FA Study | B7: P01 | C7: F | D7: 22 | E7: B_C2first | F7: Annotation | G7: EndScene | H7: 307000 | I7: 10000 | J7: Commercial_1B | K7: 0.5988 | L7: Frontal Asymmetry (Enobio EEG) | M7: =LEFT(E7,1) | N7: =MID(E7,3,10) | O7: =IF(F7="Stimulus",IF(LEFT(G7,8)="Baseline",G7,IF(LEFT(G7,12)="Commercial_1","C1","C2")),IF(G7="KeyScene","KeyScene",IF(LEFT(J7,12)="Commercial_1","EndScene_C1","EndScene_C2"))) | P7: =IF(COUNTIFS(Artifact!$B$2:$B$385,B7,Artifact!$K$2:$K$385,">25")+COUNTIFS(Log!$A$2:$A$49,B7,Log!$H$2:$H$49,"Red")+COUNTIFS(Log!$A$2:$A$49,B7,Log!$I$2:$I$49,"Red")>0,"No","Yes") | Q7: =IF(COUNTIFS(Artifact!$B$2:$B$385,B7,Artifact!$K$2:$K$385,">15")+COUNTIFS(Log!$A$2:$A$49,B7,Log!$H$2:$H$49,"Red")+COUNTIFS(Log!$A$2:$A$49,B7,Log!$I$2:$I$49,"Red")>0,"No","Yes")
A8: SIMULATED Commercial FA Study | B8: P02 | C8: F | D8: 22 | E8: A_C2first | F8: Stimulus | G8: Baseline_1 | H8: 35000 | I8: 60000 | J8: Baseline_1 | K8: 0.6723 | L8: Frontal Asymmetry (Enobio EEG) | M8: =LEFT(E8,1) | N8: =MID(E8,3,10) | O8: =IF(F8="Stimulus",IF(LEFT(G8,8)="Baseline",G8,IF(LEFT(G8,12)="Commercial_1","C1","C2")),IF(G8="KeyScene","KeyScene",IF(LEFT(J8,12)="Commercial_1","EndScene_C1","EndScene_C2"))) | P8: =IF(COUNTIFS(Artifact!$B$2:$B$385,B8,Artifact!$K$2:$K$385,">25")+COUNTIFS(Log!$A$2:$A$49,B8,Log!$H$2:$H$49,"Red")+COUNTIFS(Log!$A$2:$A$49,B8,Log!$I$2:$I$49,"Red")>0,"No","Yes") | Q8: =IF(COUNTIFS(Artifact!$B$2:$B$385,B8,Artifact!$K$2:$K$385,">15")+COUNTIFS(Log!$A$2:$A$49,B8,Log!$H$2:$H$49,"Red")+COUNTIFS(Log!$A$2:$A$49,B8,Log!$I$2:$I$49,"Red")>0,"No","Yes")
A9: SIMULATED Commercial FA Study | B9: P02 | C9: F | D9: 22 | E9: A_C2first | F9: Stimulus | G9: Commercial_2 | H9: 95000 | I9: 60000 | J9: Commercial_2 | K9: 0.6684 | L9: Frontal Asymmetry (Enobio EEG) | M9: =LEFT(E9,1) | N9: =MID(E9,3,10) | O9: =IF(F9="Stimulus",IF(LEFT(G9,8)="Baseline",G9,IF(LEFT(G9,12)="Commercial_1","C1","C2")),IF(G9="KeyScene","KeyScene",IF(LEFT(J9,12)="Commercial_1","EndScene_C1","EndScene_C2"))) | P9: =IF(COUNTIFS(Artifact!$B$2:$B$385,B9,Artifact!$K$2:$K$385,">25")+COUNTIFS(Log!$A$2:$A$49,B9,Log!$H$2:$H$49,"Red")+COUNTIFS(Log!$A$2:$A$49,B9,Log!$I$2:$I$49,"Red")>0,"No","Yes") | Q9: =IF(COUNTIFS(Artifact!$B$2:$B$385,B9,Artifact!$K$2:$K$385,">15")+COUNTIFS(Log!$A$2:$A$49,B9,Log!$H$2:$H$49,"Red")+COUNTIFS(Log!$A$2:$A$49,B9,Log!$I$2:$I$49,"Red")>0,"No","Yes")
A10: SIMULATED Commercial FA Study | B10: P02 | C10: F | D10: 22 | E10: A_C2first | F10: Stimulus | G10: Baseline_2 | H10: 197000 | I10: 60000 | J10: Baseline_2 | K10: 0.6154 | L10: Frontal Asymmetry (Enobio EEG) | M10: =LEFT(E10,1) | N10: =MID(E10,3,10) | O10: =IF(F10="Stimulus",IF(LEFT(G10,8)="Baseline",G10,IF(LEFT(G10,12)="Commercial_1","C1","C2")),IF(G10="KeyScene","KeyScene",IF(LEFT(J10,12)="Commercial_1","EndScene_C1","EndScene_C2"))) | P10: =IF(COUNTIFS(Artifact!$B$2:$B$385,B10,Artifact!$K$2:$K$385,">25")+COUNTIFS(Log!$A$2:$A$49,B10,Log!$H$2:$H$49,"Red")+COUNTIFS(Log!$A$2:$A$49,B10,Log!$I$2:$I$49,"Red")>0,"No","Yes") | Q10: =IF(COUNTIFS(Artifact!$B$2:$B$385,B10,Artifact!$K$2:$K$385,">15")+COUNTIFS(Log!$A$2:$A$49,B10,Log!$H$2:$H$49,"Red")+COUNTIFS(Log!$A$2:$A$49,B10,Log!$I$2:$I$49,"Red")>0,"No","Yes")
A11: SIMULATED Commercial FA Study | B11: P02 | C11: F | D11: 22 | E11: A_C2first | F11: Stimulus | G11: Commercial_1A | H11: 257000 | I11: 60000 | J11: Commercial_1A | K11: 0.5911 | L11: Frontal Asymmetry (Enobio EEG) | M11: =LEFT(E11,1) | N11: =MID(E11,3,10) | O11: =IF(F11="Stimulus",IF(LEFT(G11,8)="Baseline",G11,IF(LEFT(G11,12)="Commercial_1","C1","C2")),IF(G11="KeyScene","KeyScene",IF(LEFT(J11,12)="Commercial_1","EndScene_C1","EndScene_C2"))) | P11: =IF(COUNTIFS(Artifact!$B$2:$B$385,B11,Artifact!$K$2:$K$385,">25")+COUNTIFS(Log!$A$2:$A$49,B11,Log!$H$2:$H$49,"Red")+COUNTIFS(Log!$A$2:$A$49,B11,Log!$I$2:$I$49,"Red")>0,"No","Yes") | Q11: =IF(COUNTIFS(Artifact!$B$2:$B$385,B11,Artifact!$K$2:$K$385,">15")+COUNTIFS(Log!$A$2:$A$49,B11,Log!$H$2:$H$49,"Red")+COUNTIFS(Log!$A$2:$A$49,B11,Log!$I$2:$I$49,"Red")>0,"No","Yes")
A12: SIMULATED Commercial FA Study | B12: P02 | C12: F | D12: 22 | E12: A_C2first | F12: Annotation | G12: EndScene | H12: 145000 | I12: 10000 | J12: Commercial_2 | K12: 0.7472 | L12: Frontal Asymmetry (Enobio EEG) | M12: =LEFT(E12,1) | N12: =MID(E12,3,10) | O12: =IF(F12="Stimulus",IF(LEFT(G12,8)="Baseline",G12,IF(LEFT(G12,12)="Commercial_1","C1","C2")),IF(G12="KeyScene","KeyScene",IF(LEFT(J12,12)="Commercial_1","EndScene_C1","EndScene_C2"))) | P12: =IF(COUNTIFS(Artifact!$B$2:$B$385,B12,Artifact!$K$2:$K$385,">25")+COUNTIFS(Log!$A$2:$A$49,B12,Log!$H$2:$H$49,"Red")+COUNTIFS(Log!$A$2:$A$49,B12,Log!$I$2:$I$49,"Red")>0,"No","Yes") | Q12: =IF(COUNTIFS(Artifact!$B$2:$B$385,B12,Artifact!$K$2:$K$385,">15")+COUNTIFS(Log!$A$2:$A$49,B12,Log!$H$2:$H$49,"Red")+COUNTIFS(Log!$A$2:$A$49,B12,Log!$I$2:$I$49,"Red")>0,"No","Yes")
A13: SIMULATED Commercial FA Study | B13: P02 | C13: F | D13: 22 | E13: A_C2first | F13: Annotation | G13: KeyScene | H13: 289000 | I13: 6000 | J13: Commercial_1A | K13: 0.5858 | L13: Frontal Asymmetry (Enobio EEG) | M13: =LEFT(E13,1) | N13: =MID(E13,3,10) | O13: =IF(F13="Stimulus",IF(LEFT(G13,8)="Baseline",G13,IF(LEFT(G13,12)="Commercial_1","C1","C2")),IF(G13="KeyScene","KeyScene",IF(LEFT(J13,12)="Commercial_1","EndScene_C1","EndScene_C2"))) | P13: =IF(COUNTIFS(Artifact!$B$2:$B$385,B13,Artifact!$K$2:$K$385,">25")+COUNTIFS(Log!$A$2:$A$49,B13,Log!$H$2:$H$49,"Red")+COUNTIFS(Log!$A$2:$A$49,B13,Log!$I$2:$I$49,"Red")>0,"No","Yes") | Q13: =IF(COUNTIFS(Artifact!$B$2:$B$385,B13,Artifact!$K$2:$K$385,">15")+COUNTIFS(Log!$A$2:$A$49,B13,Log!$H$2:$H$49,"Red")+COUNTIFS(Log!$A$2:$A$49,B13,Log!$I$2:$I$49,"Red")>0,"No","Yes")
... A313: SIMULATED Commercial FA Study | B313: P48 | C313: F | D313: 21 | E313: B_C1first | F313: Annotation | G313: EndScene | H313: 299000 | I313: 10000 | J313: Commercial_2 | K313: 0.5591 | L313: Frontal Asymmetry (Enobio EEG) | M313: =LEFT(E313,1) | N313: =MID(E313,3,10) | O313: =IF(F313="Stimulus",IF(LEFT(G313,8)="Baseline",G313,IF(LEFT(G313,12)="Commercial_1","C1","C2")),IF(G313="KeyScene","KeyScene",IF(LEFT(J313,12)="Commercial_1","EndScene_C1","EndScene_C2"))) | P313: =IF(COUNTIFS(Artifact!$B$2:$B$385,B313,Artifact!$K$2:$K$385,">25")+COUNTIFS(Log!$A$2:$A$49,B313,Log!$H$2:$H$49,"Red")+COUNTIFS(Log!$A$2:$A$49,B313,Log!$I$2:$I$49,"Red")>0,"No","Yes") | Q313: =IF(COUNTIFS(Artifact!$B$2:$B$385,B313,Artifact!$K$2:$K$385,">15")+COUNTIFS(Log!$A$2:$A$49,B313,Log!$H$2:$H$49,"Red")+COUNTIFS(Log!$A$2:$A$49,B313,Log!$I$2:$I$49,"Red")>0,"No","Yes")

Sheet Artifact
A1: Study Name | B1: Respondent Name | C1: Group | D1: Label | E1: Channel | F1: Electrode (assumed) | G1: Duration (ms) | H1: Samples expected | I1: Samples recorded | J1: Samples removed | K1: Percent removed (%) | L1: Percent recalculated | M1: Gap samples (expected - recorded)
A2: SIMULATED Commercial FA Study | B2: P01 | C2: B_C2first | D2: Baseline_1 | E2: Ch5 | F2: F3 | G2: 60000 | H2: 30000 | I2: 30000 | J2: 1251 | K2: 4.17 | L2: =100*J2/I2 | M2: =H2-I2
A3: SIMULATED Commercial FA Study | B3: P01 | C3: B_C2first | D3: Baseline_1 | E3: Ch6 | F3: F4 | G3: 60000 | H3: 30000 | I3: 30000 | J3: 1011 | K3: 3.37 | L3: =100*J3/I3 | M3: =H3-I3
A4: SIMULATED Commercial FA Study | B4: P01 | C4: B_C2first | D4: Commercial_2 | E4: Ch5 | F4: F3 | G4: 60000 | H4: 30000 | I4: 30000 | J4: 156 | K4: 0.52 | L4: =100*J4/I4 | M4: =H4-I4
A5: SIMULATED Commercial FA Study | B5: P01 | C5: B_C2first | D5: Commercial_2 | E5: Ch6 | F5: F4 | G5: 60000 | H5: 30000 | I5: 30000 | J5: 159 | K5: 0.53 | L5: =100*J5/I5 | M5: =H5-I5
A6: SIMULATED Commercial FA Study | B6: P01 | C6: B_C2first | D6: Baseline_2 | E6: Ch5 | F6: F3 | G6: 60000 | H6: 30000 | I6: 30000 | J6: 696 | K6: 2.32 | L6: =100*J6/I6 | M6: =H6-I6
A7: SIMULATED Commercial FA Study | B7: P01 | C7: B_C2first | D7: Baseline_2 | E7: Ch6 | F7: F4 | G7: 60000 | H7: 30000 | I7: 30000 | J7: 675 | K7: 2.25 | L7: =100*J7/I7 | M7: =H7-I7
A8: SIMULATED Commercial FA Study | B8: P01 | C8: B_C2first | D8: Commercial_1B | E8: Ch5 | F8: F3 | G8: 54000 | H8: 27000 | I8: 27000 | J8: 103 | K8: 0.38 | L8: =100*J8/I8 | M8: =H8-I8
A9: SIMULATED Commercial FA Study | B9: P01 | C9: B_C2first | D9: Commercial_1B | E9: Ch6 | F9: F4 | G9: 54000 | H9: 27000 | I9: 27000 | J9: 143 | K9: 0.53 | L9: =100*J9/I9 | M9: =H9-I9
A10: SIMULATED Commercial FA Study | B10: P02 | C10: A_C2first | D10: Baseline_1 | E10: Ch5 | F10: F3 | G10: 60000 | H10: 30000 | I10: 30000 | J10: 546 | K10: 1.82 | L10: =100*J10/I10 | M10: =H10-I10
A11: SIMULATED Commercial FA Study | B11: P02 | C11: A_C2first | D11: Baseline_1 | E11: Ch6 | F11: F4 | G11: 60000 | H11: 30000 | I11: 30000 | J11: 576 | K11: 1.92 | L11: =100*J11/I11 | M11: =H11-I11
A12: SIMULATED Commercial FA Study | B12: P02 | C12: A_C2first | D12: Commercial_2 | E12: Ch5 | F12: F3 | G12: 60000 | H12: 30000 | I12: 30000 | J12: 378 | K12: 1.26 | L12: =100*J12/I12 | M12: =H12-I12
A13: SIMULATED Commercial FA Study | B13: P02 | C13: A_C2first | D13: Commercial_2 | E13: Ch6 | F13: F4 | G13: 60000 | H13: 30000 | I13: 30000 | J13: 339 | K13: 1.13 | L13: =100*J13/I13 | M13: =H13-I13
... A385: SIMULATED Commercial FA Study | B385: P48 | C385: B_C1first | D385: Commercial_2 | E385: Ch6 | F385: F4 | G385: 60000 | H385: 30000 | I385: 30000 | J385: 420 | K385: 1.4 | L385: =100*J385/I385 | M385: =H385-I385

Sheet Log
A1: Respondent Name | B1: Session Date | C1: Operator | D1: Version | E1: Order | F1: Cap size | G1: Connection | H1: NIC2 quality F3 before recording | I1: NIC2 quality F4 before recording | J1: Gel used | K1: Setup minutes | L1: Incidents | M1: Data complete | N1: Decision note
A2: P01 | B2: 2027-02-01 | C2: Operator_1 | D2: B | E2: C2first | F2: S | G2: USB | H2: Yellow | I2: Green | J2: Yes | K2: 21 | L2: F4 Red at the first check; hair parted, gel added, electrode pressed for 10 s; F4 Green before recording | M2: Yes | N2: Keep: Yellow at the last impedance check is within the lab target (below 10 kOhm)
A3: P02 | B3: 2027-02-01 | C3: Operator_1 | D3: A | E3: C2first | F3: L | G3: USB | H3: Green | I3: Green | J3: Yes | K3: 17 | L3: None | M3: Yes
A4: P03 | B4: 2027-02-01 | C4: Operator_1 | D4: B | E4: C1first | F4: M | G4: USB | H4: Green | I4: Green | J4: Yes | K4: 22 | L4: F4 Red at the first check; hair parted, gel added, electrode pressed for 10 s; F4 Green before recording | M4: Yes
A5: P04 | B5: 2027-02-02 | C5: Operator_2 | D5: A | E5: C1first | F5: M | G5: USB | H5: Green | I5: Green | J5: Yes | K5: 14 | L5: Fidgeting and frequent blinking; reminded once to sit still | M5: Yes | N5: Keep: largest percent removed 22.83 (F4, Baseline_1) is below the 25 percent rule; dropped in the 15 percent sensitivity analysis
A6: P05 | B6: 2027-02-02 | C6: Operator_2 | D6: A | E6: C1first | F6: M | G6: USB | H6: Green | I6: Green | J6: Yes | K6: 10 | L6: Participant asked a question during the first rating slide | M6: Yes
A7: P06 | B7: 2027-02-02 | C7: Operator_2 | D7: B | E7: C2first | F7: M | G7: USB | H7: Green | I7: Green | J7: Yes | K7: 17 | L7: None | M7: Yes
A8: P07 | B8: 2027-02-03 | C8: Operator_1 | D8: B | E8: C1first | F8: M | G8: USB | H8: Green | I8: Green | J8: Yes | K8: 21 | L8: F4 Red at the first check; hair parted, gel added, electrode pressed for 10 s; F4 Green before recording | M8: Yes
A9: P08 | B9: 2027-02-03 | C9: Operator_1 | D9: A | E9: C2first | F9: L | G9: USB | H9: Green | I9: Green | J9: Yes | K9: 14 | L9: Participant asked a question during the first rating slide | M9: Yes
A10: P09 | B10: 2027-02-03 | C10: Operator_1 | D10: A | E10: C1first | F10: M | G10: USB | H10: Green | I10: Green | J10: Yes | K10: 19 | L10: Participant asked a question during the first rating slide | M10: Yes
A11: P10 | B11: 2027-02-04 | C11: Operator_2 | D11: B | E11: C1first | F11: L | G11: USB | H11: Yellow | I11: Green | J11: Yes | K11: 21 | L11: Participant sneezed during Baseline_2; live marker set | M11: Yes | N11: Keep: Yellow at the last impedance check is within the lab target (below 10 kOhm)
A12: P11 | B12: 2027-02-04 | C12: Operator_2 | D12: A | E12: C2first | F12: M | G12: USB | H12: Yellow | I12: Green | J12: Yes | K12: 15 | L12: Participant asked a question during the first rating slide | M12: Yes | N12: Keep: Yellow at the last impedance check is within the lab target (below 10 kOhm)
A13: P12 | B13: 2027-02-04 | C13: Operator_2 | D13: B | E13: C2first | F13: M | G13: USB | H13: Green | I13: Green | J13: Yes | K13: 16 | L13: Participant asked a question during the first rating slide | M13: Yes
A14: P13 | B14: 2027-02-05 | C14: Operator_1 | D14: A | E14: C1first | F14: M | G14: USB | H14: Yellow | I14: Green | J14: Yes | K14: 13 | L14: None | M14: Yes | N14: Keep: Yellow at the last impedance check is within the lab target (below 10 kOhm)
A15: P14 | B15: 2027-02-05 | C15: Operator_1 | D15: A | E15: C2first | F15: L | G15: USB | H15: Yellow | I15: Yellow | J15: Yes | K15: 16 | L15: None | M15: Yes | N15: Keep: Yellow at the last impedance check is within the lab target (below 10 kOhm)
A16: P15 | B16: 2027-02-05 | C16: Operator_1 | D16: B | E16: C1first | F16: M | G16: USB | H16: Green | I16: Green | J16: Yes | K16: 23 | L16: F3 Red at the first check; hair parted, gel added, electrode pressed for 10 s; F3 Green before recording | M16: Yes
A17: P16 | B17: 2027-02-08 | C17: Operator_2 | D17: B | E17: C2first | F17: M | G17: USB | H17: Green | I17: Green | J17: Yes | K17: 15 | L17: Phone vibrated in a bag at the start of Baseline_1; bag moved out of the room | M17: Yes
A18: P17 | B18: 2027-02-08 | C18: Operator_2 | D18: B | E18: C2first | F18: M | G18: USB | H18: Green | I18: Yellow | J18: Yes | K18: 19 | L18: Participant asked a question during the first rating slide | M18: Yes | N18: Keep: Yellow at the last impedance check is within the lab target (below 10 kOhm)
A19: P18 | B19: 2027-02-08 | C19: Operator_2 | D19: A | E19: C2first | F19: S | G19: USB | H19: Green | I19: Green | J19: Yes | K19: 16 | L19: Fidgeting and frequent blinking; reminded once to sit still | M19: Yes | N19: Keep: largest percent removed 17.28 (F4, Commercial_1A) is below the 25 percent rule; dropped in the 15 percent sensitivity analysis
A20: P19 | B20: 2027-02-09 | C20: Operator_1 | D20: B | E20: C1first | F20: M | G20: USB | H20: Green | I20: Yellow | J20: Yes | K20: 25 | L20: None | M20: Yes | N20: Keep: Yellow at the last impedance check is within the lab target (below 10 kOhm)
A21: P20 | B21: 2027-02-09 | C21: Operator_1 | D21: A | E21: C1first | F21: M | G21: USB | H21: Green | I21: Yellow | J21: Yes | K21: 13 | L21: None | M21: Yes | N21: Keep: Yellow at the last impedance check is within the lab target (below 10 kOhm)
A22: P21 | B22: 2027-02-09 | C22: Operator_1 | D22: B | E22: C2first | F22: L | G22: USB | H22: Green | I22: Green | J22: Yes | K22: 16 | L22: Door noise in the hallway during the second commercial | M22: Yes
A23: P22 | B23: 2027-02-10 | C23: Operator_2 | D23: B | E23: C1first | F23: S | G23: USB | H23: Green | I23: Green | J23: Yes | K23: 18 | L23: Fidgeting and frequent blinking; reminded once to sit still | M23: Yes | N23: Keep: largest percent removed 19.79 (F4, Baseline_1) is below the 25 percent rule; dropped in the 15 percent sensitivity analysis
A24: P23 | B24: 2027-02-10 | C24: Operator_2 | D24: A | E24: C2first | F24: L | G24: USB | H24: Yellow | I24: Yellow | J24: Yes | K24: 10 | L24: None | M24: Yes | N24: Keep: Yellow at the last impedance check is within the lab target (below 10 kOhm)
A25: P24 | B25: 2027-02-10 | C25: Operator_2 | D25: A | E25: C1first | F25: M | G25: USB | H25: Yellow | I25: Green | J25: Yes | K25: 14 | L25: Participant adjusted the chin strap between the two commercials | M25: Yes | N25: Keep: Yellow at the last impedance check is within the lab target (below 10 kOhm)
A26: P25 | B26: 2027-02-11 | C26: Operator_1 | D26: B | E26: C1first | F26: M | G26: USB | H26: Green | I26: Yellow | J26: Yes | K26: 17 | L26: Participant sneezed during Baseline_2; live marker set | M26: Yes | N26: Keep: Yellow at the last impedance check is within the lab target (below 10 kOhm)
A27: P26 | B27: 2027-02-11 | C27: Operator_1 | D27: B | E27: C2first | F27: M | G27: USB | H27: Green | I27: Yellow | J27: Yes | K27: 19 | L27: None | M27: Yes | N27: Keep: Yellow at the last impedance check is within the lab target (below 10 kOhm)
A28: P27 | B28: 2027-02-11 | C28: Operator_1 | D28: A | E28: C2first | F28: M | G28: USB | H28: Green | I28: Red | J28: Yes | K28: 34 | L28: F4 Red in NIC2 Liveview at every check: electrode re-seated, hair parted, gel added twice, F4 and F3 leads swapped (the fault stayed at the F4 site); recorded because the participant was present; F4 Red before recording | M28: Yes | N28: EXCLUDE: Red NIC2 quality at F4 that could not be fixed (rule written before collection); the artifact report also shows 41.78 percent of F4 samples removed in Commercial_1A
A29: P28 | B29: 2027-02-12 | C29: Operator_2 | D29: A | E29: C1first | F29: L | G29: USB | H29: Yellow | I29: Green | J29: Yes | K29: 13 | L29: Participant adjusted the chin strap between the two commercials | M29: Yes | N29: Keep: Yellow at the last impedance check is within the lab target (below 10 kOhm)
A30: P29 | B30: 2027-02-12 | C30: Operator_2 | D30: B | E30: C1first | F30: S | G30: USB | H30: Green | I30: Green | J30: Yes | K30: 17 | L30: None | M30: Yes
A31: P30 | B31: 2027-02-12 | C31: Operator_2 | D31: A | E31: C2first | F31: M | G31: USB | H31: Yellow | I31: Green | J31: Yes | K31: 18 | L31: Door noise in the hallway during the second commercial | M31: Yes | N31: Keep: Yellow at the last impedance check is within the lab target (below 10 kOhm)
A32: P31 | B32: 2027-02-15 | C32: Operator_1 | D32: A | E32: C1first | F32: S | G32: USB | H32: Green | I32: Green | J32: Yes | K32: 15 | L32: F3 Red at the first check; hair parted, gel added, electrode pressed for 10 s; F3 Green before recording | M32: Yes
A33: P32 | B33: 2027-02-15 | C33: Operator_1 | D33: B | E33: C2first | F33: S | G33: USB | H33: Green | I33: Green | J33: Yes | K33: 14 | L33: Fidgeting and frequent blinking; reminded once to sit still | M33: Yes | N33: Keep: largest percent removed 21.01 (F3, Commercial_1B) is below the 25 percent rule; dropped in the 15 percent sensitivity analysis
A34: P33 | B34: 2027-02-15 | C34: Operator_1 | D34: B | E34: C1first | F34: M | G34: USB | H34: Green | I34: Green | J34: Yes | K34: 12 | L34: None | M34: Yes
A35: P34 | B35: 2027-02-16 | C35: Operator_2 | D35: A | E35: C1first | F35: S | G35: USB | H35: Green | I35: Green | J35: Yes | K35: 16 | L35: Participant sneezed during Baseline_2; live marker set | M35: Yes
A36: P35 | B36: 2027-02-16 | C36: Operator_2 | D36: A | E36: C2first | F36: M | G36: USB | H36: Yellow | I36: Green | J36: Yes | K36: 18 | L36: Door noise in the hallway during the second commercial | M36: Yes | N36: Keep: Yellow at the last impedance check is within the lab target (below 10 kOhm)
A37: P36 | B37: 2027-02-16 | C37: Operator_2 | D37: B | E37: C2first | F37: L | G37: USB | H37: Green | I37: Green | J37: Yes | K37: 15 | L37: None | M37: Yes
A38: P37 | B38: 2027-02-17 | C38: Operator_1 | D38: A | E38: C1first | F38: L | G38: USB | H38: Green | I38: Green | J38: Yes | K38: 19 | L38: Door noise in the hallway during the second commercial | M38: Yes
A39: P38 | B39: 2027-02-17 | C39: Operator_1 | D39: A | E39: C2first | F39: S | G39: USB | H39: Green | I39: Green | J39: Yes | K39: 22 | L39: F4 Red at the first check; hair parted, gel added, electrode pressed for 10 s; F4 Green before recording | M39: Yes
A40: P39 | B40: 2027-02-17 | C40: Operator_1 | D40: B | E40: C2first | F40: M | G40: USB | H40: Yellow | I40: Green | J40: Yes | K40: 20 | L40: F4 Red at the first check; hair parted, gel added, electrode pressed for 10 s; F4 Green before recording | M40: Yes | N40: Keep: Yellow at the last impedance check is within the lab target (below 10 kOhm)
A41: P40 | B41: 2027-02-18 | C41: Operator_2 | D41: B | E41: C1first | F41: M | G41: USB | H41: Yellow | I41: Green | J41: Yes | K41: 20 | L41: F4 Red at the first check; hair parted, gel added, electrode pressed for 10 s; F4 Green before recording | M41: Yes | N41: Keep: Yellow at the last impedance check is within the lab target (below 10 kOhm)
A42: P41 | B42: 2027-02-18 | C42: Operator_2 | D42: A | E42: C1first | F42: M | G42: USB | H42: Green | I42: Green | J42: Yes | K42: 19 | L42: LSL stream gap of about 8.6 s during Commercial_2 (no samples in the iMotions sensor widget); the stream reconnected without operator action; slow drift on all channels for about 15 s after it | M42: No | N42: EXCLUDE: 30.42 percent of F4 samples removed in Commercial_2, above the 25 percent rule written before collection; Samples recorded is short of Samples expected for that stimulus
A43: P42 | B43: 2027-02-18 | C43: Operator_2 | D43: B | E43: C1first | F43: M | G43: USB | H43: Green | I43: Green | J43: Yes | K43: 14 | L43: F4 Red at the first check; hair parted, gel added, electrode pressed for 10 s; F4 Green before recording | M43: Yes
A44: P43 | B44: 2027-02-19 | C44: Operator_1 | D44: B | E44: C2first | F44: L | G44: USB | H44: Yellow | I44: Green | J44: Yes | K44: 20 | L44: None | M44: Yes | N44: Keep: Yellow at the last impedance check is within the lab target (below 10 kOhm)
A45: P44 | B45: 2027-02-19 | C45: Operator_1 | D45: A | E45: C2first | F45: L | G45: USB | H45: Green | I45: Green | J45: Yes | K45: 17 | L45: None | M45: Yes
A46: P45 | B46: 2027-02-19 | C46: Operator_1 | D46: B | E46: C2first | F46: M | G46: USB | H46: Yellow | I46: Green | J46: Yes | K46: 14 | L46: Frequent large blinks and head movement from the first commercial on (participant reported dry contact lenses); reminded twice to sit still | M46: Yes | N46: EXCLUDE: 30.64 percent of F3 samples removed in Commercial_1B, above the 25 percent rule written before collection
A47: P46 | B47: 2027-02-22 | C47: Operator_2 | D47: A | E47: C2first | F47: M | G47: USB | H47: Green | I47: Green | J47: Yes | K47: 16 | L47: None | M47: Yes
A48: P47 | B48: 2027-02-22 | C48: Operator_2 | D48: A | E48: C1first | F48: L | G48: USB | H48: Green | I48: Green | J48: Yes | K48: 14 | L48: None | M48: Yes
A49: P48 | B49: 2027-02-22 | C49: Operator_2 | D49: B | E49: C1first | F49: M | G49: USB | H49: Green | I49: Green | J49: Yes | K49: 16 | L49: Participant adjusted the chin strap between the two commercials | M49: Yes

Sheet Survey
A1: Study Name | B1: Respondent Name | C1: Group | D1: Gender | E1: Age | F1: Liking_Commercial_1_1to7 | G1: Liking_Commercial_2_1to7 | H1: KeyScene_Recall | I1: Brand_Named_Correctly
A2: SIMULATED Commercial FA Study | B2: P01 | C2: B_C2first | D2: F | E2: 22 | F2: 7 | G2: 5 | H2: NA | I2: No
A3: SIMULATED Commercial FA Study | B3: P02 | C3: A_C2first | D3: F | E3: 22 | F3: 4 | G3: 7 | H3: No | I3: Yes
A4: SIMULATED Commercial FA Study | B4: P03 | C4: B_C1first | D4: M | E4: 26 | F4: 7 | G4: 7 | H4: NA | I4: Yes
A5: SIMULATED Commercial FA Study | B5: P04 | C5: A_C1first | D5: M | E5: 22 | F5: 6 | G5: 4 | H5: Yes | I5: Yes
A6: SIMULATED Commercial FA Study | B6: P05 | C6: A_C1first | D6: M | E6: 19 | F6: 5 | G6: 6 | H6: Yes | I6: Yes
A7: SIMULATED Commercial FA Study | B7: P06 | C7: B_C2first | D7: M | E7: 25 | F7: 4 | G7: 4 | H7: NA | I7: Yes
A8: SIMULATED Commercial FA Study | B8: P07 | C8: B_C1first | D8: M | E8: 24 | F8: 7 | G8: 7 | H8: NA | I8: Yes
A9: SIMULATED Commercial FA Study | B9: P08 | C9: A_C2first | D9: F | E9: 20 | F9: 6 | G9: 6 | H9: Yes | I9: Yes
A10: SIMULATED Commercial FA Study | B10: P09 | C10: A_C1first | D10: F | E10: 24 | F10: 6 | G10: 5 | H10: Yes | I10: Yes
A11: SIMULATED Commercial FA Study | B11: P10 | C11: B_C1first | D11: F | E11: 20 | F11: 4 | G11: 4 | H11: NA | I11: Yes
A12: SIMULATED Commercial FA Study | B12: P11 | C12: A_C2first | D12: F | E12: 21 | F12: 7 | G12: 7 | H12: Yes | I12: Yes
A13: SIMULATED Commercial FA Study | B13: P12 | C13: B_C2first | D13: M | E13: 24 | F13: 6 | G13: 4 | H13: NA | I13: Yes
... A49: SIMULATED Commercial FA Study | B49: P48 | C49: B_C1first | D49: F | E49: 21 | F49: 4 | G49: 3 | H49: NA | I49: Yes

Sheet Screening
A1: Exclusion screening, one row per respondent. SIMULATED data.
A2: Largest percent of samples removed at F3 and at F4 over the two baselines and two commercials (array formulas MAX(IF(...))), the Red count from the session log, and the decision under the 25 percent rule and the 15 percent sensitivity rule.
A4: Respondent Name | B4: Version | C4: Largest percent removed, F3 | D4: Largest percent removed, F4 | E4: Largest of the two | F4: Red at F3 or F4 before recording (count) | G4: Decision (25 percent rule) | H4: Decision (15 percent rule)
A5: P01 | B5: =INDEX(Data!$M$2:$M$313,MATCH($A5,Data!$B$2:$B$313,0)) | C5: {=MAX(IF((Artifact!$B$2:$B$385=$A5)*(Artifact!$F$2:$F$385="F3"),Artifact!$K$2:$K$385))} | D5: {=MAX(IF((Artifact!$B$2:$B$385=$A5)*(Artifact!$F$2:$F$385="F4"),Artifact!$K$2:$K$385))} | E5: =MAX(C5:D5) | F5: =COUNTIFS(Log!$A$2:$A$49,$A5,Log!$H$2:$H$49,"Red")+COUNTIFS(Log!$A$2:$A$49,$A5,Log!$I$2:$I$49,"Red") | G5: =IF(OR(E5>25,F5>0),"Exclude","Keep") | H5: =IF(OR(E5>15,F5>0),"Exclude","Keep")
A6: P02 | B6: =INDEX(Data!$M$2:$M$313,MATCH($A6,Data!$B$2:$B$313,0)) | C6: {=MAX(IF((Artifact!$B$2:$B$385=$A6)*(Artifact!$F$2:$F$385="F3"),Artifact!$K$2:$K$385))} | D6: {=MAX(IF((Artifact!$B$2:$B$385=$A6)*(Artifact!$F$2:$F$385="F4"),Artifact!$K$2:$K$385))} | E6: =MAX(C6:D6) | F6: =COUNTIFS(Log!$A$2:$A$49,$A6,Log!$H$2:$H$49,"Red")+COUNTIFS(Log!$A$2:$A$49,$A6,Log!$I$2:$I$49,"Red") | G6: =IF(OR(E6>25,F6>0),"Exclude","Keep") | H6: =IF(OR(E6>15,F6>0),"Exclude","Keep")
A7: P03 | B7: =INDEX(Data!$M$2:$M$313,MATCH($A7,Data!$B$2:$B$313,0)) | C7: {=MAX(IF((Artifact!$B$2:$B$385=$A7)*(Artifact!$F$2:$F$385="F3"),Artifact!$K$2:$K$385))} | D7: {=MAX(IF((Artifact!$B$2:$B$385=$A7)*(Artifact!$F$2:$F$385="F4"),Artifact!$K$2:$K$385))} | E7: =MAX(C7:D7) | F7: =COUNTIFS(Log!$A$2:$A$49,$A7,Log!$H$2:$H$49,"Red")+COUNTIFS(Log!$A$2:$A$49,$A7,Log!$I$2:$I$49,"Red") | G7: =IF(OR(E7>25,F7>0),"Exclude","Keep") | H7: =IF(OR(E7>15,F7>0),"Exclude","Keep")
A8: P04 | B8: =INDEX(Data!$M$2:$M$313,MATCH($A8,Data!$B$2:$B$313,0)) | C8: {=MAX(IF((Artifact!$B$2:$B$385=$A8)*(Artifact!$F$2:$F$385="F3"),Artifact!$K$2:$K$385))} | D8: {=MAX(IF((Artifact!$B$2:$B$385=$A8)*(Artifact!$F$2:$F$385="F4"),Artifact!$K$2:$K$385))} | E8: =MAX(C8:D8) | F8: =COUNTIFS(Log!$A$2:$A$49,$A8,Log!$H$2:$H$49,"Red")+COUNTIFS(Log!$A$2:$A$49,$A8,Log!$I$2:$I$49,"Red") | G8: =IF(OR(E8>25,F8>0),"Exclude","Keep") | H8: =IF(OR(E8>15,F8>0),"Exclude","Keep")
A9: P05 | B9: =INDEX(Data!$M$2:$M$313,MATCH($A9,Data!$B$2:$B$313,0)) | C9: {=MAX(IF((Artifact!$B$2:$B$385=$A9)*(Artifact!$F$2:$F$385="F3"),Artifact!$K$2:$K$385))} | D9: {=MAX(IF((Artifact!$B$2:$B$385=$A9)*(Artifact!$F$2:$F$385="F4"),Artifact!$K$2:$K$385))} | E9: =MAX(C9:D9) | F9: =COUNTIFS(Log!$A$2:$A$49,$A9,Log!$H$2:$H$49,"Red")+COUNTIFS(Log!$A$2:$A$49,$A9,Log!$I$2:$I$49,"Red") | G9: =IF(OR(E9>25,F9>0),"Exclude","Keep") | H9: =IF(OR(E9>15,F9>0),"Exclude","Keep")
A10: P06 | B10: =INDEX(Data!$M$2:$M$313,MATCH($A10,Data!$B$2:$B$313,0)) | C10: {=MAX(IF((Artifact!$B$2:$B$385=$A10)*(Artifact!$F$2:$F$385="F3"),Artifact!$K$2:$K$385))} | D10: {=MAX(IF((Artifact!$B$2:$B$385=$A10)*(Artifact!$F$2:$F$385="F4"),Artifact!$K$2:$K$385))} | E10: =MAX(C10:D10) | F10: =COUNTIFS(Log!$A$2:$A$49,$A10,Log!$H$2:$H$49,"Red")+COUNTIFS(Log!$A$2:$A$49,$A10,Log!$I$2:$I$49,"Red") | G10: =IF(OR(E10>25,F10>0),"Exclude","Keep") | H10: =IF(OR(E10>15,F10>0),"Exclude","Keep")
A11: P07 | B11: =INDEX(Data!$M$2:$M$313,MATCH($A11,Data!$B$2:$B$313,0)) | C11: {=MAX(IF((Artifact!$B$2:$B$385=$A11)*(Artifact!$F$2:$F$385="F3"),Artifact!$K$2:$K$385))} | D11: {=MAX(IF((Artifact!$B$2:$B$385=$A11)*(Artifact!$F$2:$F$385="F4"),Artifact!$K$2:$K$385))} | E11: =MAX(C11:D11) | F11: =COUNTIFS(Log!$A$2:$A$49,$A11,Log!$H$2:$H$49,"Red")+COUNTIFS(Log!$A$2:$A$49,$A11,Log!$I$2:$I$49,"Red") | G11: =IF(OR(E11>25,F11>0),"Exclude","Keep") | H11: =IF(OR(E11>15,F11>0),"Exclude","Keep")
A12: P08 | B12: =INDEX(Data!$M$2:$M$313,MATCH($A12,Data!$B$2:$B$313,0)) | C12: {=MAX(IF((Artifact!$B$2:$B$385=$A12)*(Artifact!$F$2:$F$385="F3"),Artifact!$K$2:$K$385))} | D12: {=MAX(IF((Artifact!$B$2:$B$385=$A12)*(Artifact!$F$2:$F$385="F4"),Artifact!$K$2:$K$385))} | E12: =MAX(C12:D12) | F12: =COUNTIFS(Log!$A$2:$A$49,$A12,Log!$H$2:$H$49,"Red")+COUNTIFS(Log!$A$2:$A$49,$A12,Log!$I$2:$I$49,"Red") | G12: =IF(OR(E12>25,F12>0),"Exclude","Keep") | H12: =IF(OR(E12>15,F12>0),"Exclude","Keep")
A13: P09 | B13: =INDEX(Data!$M$2:$M$313,MATCH($A13,Data!$B$2:$B$313,0)) | C13: {=MAX(IF((Artifact!$B$2:$B$385=$A13)*(Artifact!$F$2:$F$385="F3"),Artifact!$K$2:$K$385))} | D13: {=MAX(IF((Artifact!$B$2:$B$385=$A13)*(Artifact!$F$2:$F$385="F4"),Artifact!$K$2:$K$385))} | E13: =MAX(C13:D13) | F13: =COUNTIFS(Log!$A$2:$A$49,$A13,Log!$H$2:$H$49,"Red")+COUNTIFS(Log!$A$2:$A$49,$A13,Log!$I$2:$I$49,"Red") | G13: =IF(OR(E13>25,F13>0),"Exclude","Keep") | H13: =IF(OR(E13>15,F13>0),"Exclude","Keep")
A14: P10 | B14: =INDEX(Data!$M$2:$M$313,MATCH($A14,Data!$B$2:$B$313,0)) | C14: {=MAX(IF((Artifact!$B$2:$B$385=$A14)*(Artifact!$F$2:$F$385="F3"),Artifact!$K$2:$K$385))} | D14: {=MAX(IF((Artifact!$B$2:$B$385=$A14)*(Artifact!$F$2:$F$385="F4"),Artifact!$K$2:$K$385))} | E14: =MAX(C14:D14) | F14: =COUNTIFS(Log!$A$2:$A$49,$A14,Log!$H$2:$H$49,"Red")+COUNTIFS(Log!$A$2:$A$49,$A14,Log!$I$2:$I$49,"Red") | G14: =IF(OR(E14>25,F14>0),"Exclude","Keep") | H14: =IF(OR(E14>15,F14>0),"Exclude","Keep")
A15: P11 | B15: =INDEX(Data!$M$2:$M$313,MATCH($A15,Data!$B$2:$B$313,0)) | C15: {=MAX(IF((Artifact!$B$2:$B$385=$A15)*(Artifact!$F$2:$F$385="F3"),Artifact!$K$2:$K$385))} | D15: {=MAX(IF((Artifact!$B$2:$B$385=$A15)*(Artifact!$F$2:$F$385="F4"),Artifact!$K$2:$K$385))} | E15: =MAX(C15:D15) | F15: =COUNTIFS(Log!$A$2:$A$49,$A15,Log!$H$2:$H$49,"Red")+COUNTIFS(Log!$A$2:$A$49,$A15,Log!$I$2:$I$49,"Red") | G15: =IF(OR(E15>25,F15>0),"Exclude","Keep") | H15: =IF(OR(E15>15,F15>0),"Exclude","Keep")
A16: P12 | B16: =INDEX(Data!$M$2:$M$313,MATCH($A16,Data!$B$2:$B$313,0)) | C16: {=MAX(IF((Artifact!$B$2:$B$385=$A16)*(Artifact!$F$2:$F$385="F3"),Artifact!$K$2:$K$385))} | D16: {=MAX(IF((Artifact!$B$2:$B$385=$A16)*(Artifact!$F$2:$F$385="F4"),Artifact!$K$2:$K$385))} | E16: =MAX(C16:D16) | F16: =COUNTIFS(Log!$A$2:$A$49,$A16,Log!$H$2:$H$49,"Red")+COUNTIFS(Log!$A$2:$A$49,$A16,Log!$I$2:$I$49,"Red") | G16: =IF(OR(E16>25,F16>0),"Exclude","Keep") | H16: =IF(OR(E16>15,F16>0),"Exclude","Keep")
... A52: P48 | B52: =INDEX(Data!$M$2:$M$313,MATCH($A52,Data!$B$2:$B$313,0)) | C52: {=MAX(IF((Artifact!$B$2:$B$385=$A52)*(Artifact!$F$2:$F$385="F3"),Artifact!$K$2:$K$385))} | D52: {=MAX(IF((Artifact!$B$2:$B$385=$A52)*(Artifact!$F$2:$F$385="F4"),Artifact!$K$2:$K$385))} | E52: =MAX(C52:D52) | F52: =COUNTIFS(Log!$A$2:$A$49,$A52,Log!$H$2:$H$49,"Red")+COUNTIFS(Log!$A$2:$A$49,$A52,Log!$I$2:$I$49,"Red") | G52: =IF(OR(E52>25,F52>0),"Exclude","Keep") | H52: =IF(OR(E52>15,F52>0),"Exclude","Keep")
A54: Respondents excluded (25 percent rule) | E54: =COUNTIF(G5:G52,"Exclude")
A55: Respondents excluded (15 percent rule) | E55: =COUNTIF(H5:H52,"Exclude")
A56: Kept, Version A (25 percent rule) | E56: =COUNTIFS(B5:B52,"A",G5:G52,"Keep")
A57: Kept, Version B (25 percent rule) | E57: =COUNTIFS(B5:B52,"B",G5:G52,"Keep")
A58: Kept, Version A (15 percent rule) | E58: =COUNTIFS(B5:B52,"A",H5:H52,"Keep")
A59: Kept, Version B (15 percent rule) | E59: =COUNTIFS(B5:B52,"B",H5:H52,"Keep")
A60: Artifact report rows with a stream gap (recorded < expected) | E60: =COUNTIF(Artifact!$M$2:$M$385,">0")

Sheet Summary
A1: Raw FA by segment and version, kept respondents (Keep = Yes). SIMULATED data.
A2: Role names the part of the design (C1 = Commercial_1A or Commercial_1B; EndScene_C1 = the EndScene annotation whose Parent Stimulus is Commercial_1A or Commercial_1B). Version * = both versions. Columns D and E use AVERAGEIFS and STDEV.S(IF(...)).
A4: Role | B4: Version | C4: n | D4: Mean FA | E4: SD FA
A5: Baseline_1 | B5: A | C5: =COUNTIFS(Data!$O$2:$O$313,$A5,Data!$M$2:$M$313,$B5,Data!$P$2:$P$313,"Yes") | D5: =AVERAGEIFS(Data!$K$2:$K$313,Data!$O$2:$O$313,$A5,Data!$M$2:$M$313,$B5,Data!$P$2:$P$313,"Yes") | E5: {=_xlfn.STDEV.S(IF((Data!$O$2:$O$313=$A5)*(Data!$M$2:$M$313=$B5)*(Data!$P$2:$P$313="Yes"),Data!$K$2:$K$313))}
A6: Baseline_1 | B6: B | C6: =COUNTIFS(Data!$O$2:$O$313,$A6,Data!$M$2:$M$313,$B6,Data!$P$2:$P$313,"Yes") | D6: =AVERAGEIFS(Data!$K$2:$K$313,Data!$O$2:$O$313,$A6,Data!$M$2:$M$313,$B6,Data!$P$2:$P$313,"Yes") | E6: {=_xlfn.STDEV.S(IF((Data!$O$2:$O$313=$A6)*(Data!$M$2:$M$313=$B6)*(Data!$P$2:$P$313="Yes"),Data!$K$2:$K$313))}
A7: Baseline_1 | B7: * | C7: =COUNTIFS(Data!$O$2:$O$313,$A7,Data!$M$2:$M$313,$B7,Data!$P$2:$P$313,"Yes") | D7: =AVERAGEIFS(Data!$K$2:$K$313,Data!$O$2:$O$313,$A7,Data!$M$2:$M$313,$B7,Data!$P$2:$P$313,"Yes") | E7: {=_xlfn.STDEV.S(IF((Data!$O$2:$O$313=$A7)*(Data!$P$2:$P$313="Yes"),Data!$K$2:$K$313))}
A8: Baseline_2 | B8: A | C8: =COUNTIFS(Data!$O$2:$O$313,$A8,Data!$M$2:$M$313,$B8,Data!$P$2:$P$313,"Yes") | D8: =AVERAGEIFS(Data!$K$2:$K$313,Data!$O$2:$O$313,$A8,Data!$M$2:$M$313,$B8,Data!$P$2:$P$313,"Yes") | E8: {=_xlfn.STDEV.S(IF((Data!$O$2:$O$313=$A8)*(Data!$M$2:$M$313=$B8)*(Data!$P$2:$P$313="Yes"),Data!$K$2:$K$313))}
A9: Baseline_2 | B9: B | C9: =COUNTIFS(Data!$O$2:$O$313,$A9,Data!$M$2:$M$313,$B9,Data!$P$2:$P$313,"Yes") | D9: =AVERAGEIFS(Data!$K$2:$K$313,Data!$O$2:$O$313,$A9,Data!$M$2:$M$313,$B9,Data!$P$2:$P$313,"Yes") | E9: {=_xlfn.STDEV.S(IF((Data!$O$2:$O$313=$A9)*(Data!$M$2:$M$313=$B9)*(Data!$P$2:$P$313="Yes"),Data!$K$2:$K$313))}
A10: Baseline_2 | B10: * | C10: =COUNTIFS(Data!$O$2:$O$313,$A10,Data!$M$2:$M$313,$B10,Data!$P$2:$P$313,"Yes") | D10: =AVERAGEIFS(Data!$K$2:$K$313,Data!$O$2:$O$313,$A10,Data!$M$2:$M$313,$B10,Data!$P$2:$P$313,"Yes") | E10: {=_xlfn.STDEV.S(IF((Data!$O$2:$O$313=$A10)*(Data!$P$2:$P$313="Yes"),Data!$K$2:$K$313))}
A11: C1 | B11: A | C11: =COUNTIFS(Data!$O$2:$O$313,$A11,Data!$M$2:$M$313,$B11,Data!$P$2:$P$313,"Yes") | D11: =AVERAGEIFS(Data!$K$2:$K$313,Data!$O$2:$O$313,$A11,Data!$M$2:$M$313,$B11,Data!$P$2:$P$313,"Yes") | E11: {=_xlfn.STDEV.S(IF((Data!$O$2:$O$313=$A11)*(Data!$M$2:$M$313=$B11)*(Data!$P$2:$P$313="Yes"),Data!$K$2:$K$313))}
A12: C1 | B12: B | C12: =COUNTIFS(Data!$O$2:$O$313,$A12,Data!$M$2:$M$313,$B12,Data!$P$2:$P$313,"Yes") | D12: =AVERAGEIFS(Data!$K$2:$K$313,Data!$O$2:$O$313,$A12,Data!$M$2:$M$313,$B12,Data!$P$2:$P$313,"Yes") | E12: {=_xlfn.STDEV.S(IF((Data!$O$2:$O$313=$A12)*(Data!$M$2:$M$313=$B12)*(Data!$P$2:$P$313="Yes"),Data!$K$2:$K$313))}
A13: C1 | B13: * | C13: =COUNTIFS(Data!$O$2:$O$313,$A13,Data!$M$2:$M$313,$B13,Data!$P$2:$P$313,"Yes") | D13: =AVERAGEIFS(Data!$K$2:$K$313,Data!$O$2:$O$313,$A13,Data!$M$2:$M$313,$B13,Data!$P$2:$P$313,"Yes") | E13: {=_xlfn.STDEV.S(IF((Data!$O$2:$O$313=$A13)*(Data!$P$2:$P$313="Yes"),Data!$K$2:$K$313))}
A14: C2 | B14: A | C14: =COUNTIFS(Data!$O$2:$O$313,$A14,Data!$M$2:$M$313,$B14,Data!$P$2:$P$313,"Yes") | D14: =AVERAGEIFS(Data!$K$2:$K$313,Data!$O$2:$O$313,$A14,Data!$M$2:$M$313,$B14,Data!$P$2:$P$313,"Yes") | E14: {=_xlfn.STDEV.S(IF((Data!$O$2:$O$313=$A14)*(Data!$M$2:$M$313=$B14)*(Data!$P$2:$P$313="Yes"),Data!$K$2:$K$313))}
A15: C2 | B15: B | C15: =COUNTIFS(Data!$O$2:$O$313,$A15,Data!$M$2:$M$313,$B15,Data!$P$2:$P$313,"Yes") | D15: =AVERAGEIFS(Data!$K$2:$K$313,Data!$O$2:$O$313,$A15,Data!$M$2:$M$313,$B15,Data!$P$2:$P$313,"Yes") | E15: {=_xlfn.STDEV.S(IF((Data!$O$2:$O$313=$A15)*(Data!$M$2:$M$313=$B15)*(Data!$P$2:$P$313="Yes"),Data!$K$2:$K$313))}
A16: C2 | B16: * | C16: =COUNTIFS(Data!$O$2:$O$313,$A16,Data!$M$2:$M$313,$B16,Data!$P$2:$P$313,"Yes") | D16: =AVERAGEIFS(Data!$K$2:$K$313,Data!$O$2:$O$313,$A16,Data!$M$2:$M$313,$B16,Data!$P$2:$P$313,"Yes") | E16: {=_xlfn.STDEV.S(IF((Data!$O$2:$O$313=$A16)*(Data!$P$2:$P$313="Yes"),Data!$K$2:$K$313))}
A17: KeyScene | B17: A | C17: =COUNTIFS(Data!$O$2:$O$313,$A17,Data!$M$2:$M$313,$B17,Data!$P$2:$P$313,"Yes") | D17: =AVERAGEIFS(Data!$K$2:$K$313,Data!$O$2:$O$313,$A17,Data!$M$2:$M$313,$B17,Data!$P$2:$P$313,"Yes") | E17: {=_xlfn.STDEV.S(IF((Data!$O$2:$O$313=$A17)*(Data!$M$2:$M$313=$B17)*(Data!$P$2:$P$313="Yes"),Data!$K$2:$K$313))}
A18: EndScene_C1 | B18: A | C18: =COUNTIFS(Data!$O$2:$O$313,$A18,Data!$M$2:$M$313,$B18,Data!$P$2:$P$313,"Yes") | D18: =AVERAGEIFS(Data!$K$2:$K$313,Data!$O$2:$O$313,$A18,Data!$M$2:$M$313,$B18,Data!$P$2:$P$313,"Yes") | E18: {=_xlfn.STDEV.S(IF((Data!$O$2:$O$313=$A18)*(Data!$M$2:$M$313=$B18)*(Data!$P$2:$P$313="Yes"),Data!$K$2:$K$313))}
A19: EndScene_C1 | B19: B | C19: =COUNTIFS(Data!$O$2:$O$313,$A19,Data!$M$2:$M$313,$B19,Data!$P$2:$P$313,"Yes") | D19: =AVERAGEIFS(Data!$K$2:$K$313,Data!$O$2:$O$313,$A19,Data!$M$2:$M$313,$B19,Data!$P$2:$P$313,"Yes") | E19: {=_xlfn.STDEV.S(IF((Data!$O$2:$O$313=$A19)*(Data!$M$2:$M$313=$B19)*(Data!$P$2:$P$313="Yes"),Data!$K$2:$K$313))}
A20: EndScene_C1 | B20: * | C20: =COUNTIFS(Data!$O$2:$O$313,$A20,Data!$M$2:$M$313,$B20,Data!$P$2:$P$313,"Yes") | D20: =AVERAGEIFS(Data!$K$2:$K$313,Data!$O$2:$O$313,$A20,Data!$M$2:$M$313,$B20,Data!$P$2:$P$313,"Yes") | E20: {=_xlfn.STDEV.S(IF((Data!$O$2:$O$313=$A20)*(Data!$P$2:$P$313="Yes"),Data!$K$2:$K$313))}
A21: EndScene_C2 | B21: A | C21: =COUNTIFS(Data!$O$2:$O$313,$A21,Data!$M$2:$M$313,$B21,Data!$P$2:$P$313,"Yes") | D21: =AVERAGEIFS(Data!$K$2:$K$313,Data!$O$2:$O$313,$A21,Data!$M$2:$M$313,$B21,Data!$P$2:$P$313,"Yes") | E21: {=_xlfn.STDEV.S(IF((Data!$O$2:$O$313=$A21)*(Data!$M$2:$M$313=$B21)*(Data!$P$2:$P$313="Yes"),Data!$K$2:$K$313))}
A22: EndScene_C2 | B22: B | C22: =COUNTIFS(Data!$O$2:$O$313,$A22,Data!$M$2:$M$313,$B22,Data!$P$2:$P$313,"Yes") | D22: =AVERAGEIFS(Data!$K$2:$K$313,Data!$O$2:$O$313,$A22,Data!$M$2:$M$313,$B22,Data!$P$2:$P$313,"Yes") | E22: {=_xlfn.STDEV.S(IF((Data!$O$2:$O$313=$A22)*(Data!$M$2:$M$313=$B22)*(Data!$P$2:$P$313="Yes"),Data!$K$2:$K$313))}
A23: EndScene_C2 | B23: * | C23: =COUNTIFS(Data!$O$2:$O$313,$A23,Data!$M$2:$M$313,$B23,Data!$P$2:$P$313,"Yes") | D23: =AVERAGEIFS(Data!$K$2:$K$313,Data!$O$2:$O$313,$A23,Data!$M$2:$M$313,$B23,Data!$P$2:$P$313,"Yes") | E23: {=_xlfn.STDEV.S(IF((Data!$O$2:$O$313=$A23)*(Data!$P$2:$P$313="Yes"),Data!$K$2:$K$313))}
A25: Array formulas (column E): Excel 365 evaluates them with Enter; Excel 2019 or older needs Ctrl+Shift+Enter after editing. The text NA in the FA column (a segment with no clean window) is ignored by AVERAGEIFS and COUNTIFS counts the row; no kept respondent has an NA.

Sheet H1
A1: H1. FA during the KeyScene minus FA during the baseline before Commercial_1A, Version A, kept respondents. SIMULATED data.
A2: One row per kept Version A respondent; rows 5 to 24 are also kept under the 15 percent rule, rows 25 to 26 are dropped by it. Column D picks Baseline_1 or Baseline_2, whichever came right before Commercial_1A. Columns G to I repeat the computation on the Default sheet (notebook default channels Ch1 and Ch7).
A4: Respondent Name | B4: Order | C4: Keep15 | D4: Baseline before Commercial_1A (FA) | E4: KeyScene (FA) | F4: Change (KeyScene minus baseline) | G4: DEFAULT channels: baseline | H4: DEFAULT channels: KeyScene | I4: DEFAULT channels: change | K4: Statistic | L4: Value | M4: Formula shown | N4: Note
A5: P02 | B5: =INDEX(Data!$N$2:$N$313,MATCH($A5,Data!$B$2:$B$313,0)) | C5: =INDEX(Data!$Q$2:$Q$313,MATCH($A5,Data!$B$2:$B$313,0)) | D5: =IF($B5="C1first",SUMIFS(Data!$K$2:$K$313,Data!$B$2:$B$313,$A5,Data!$O$2:$O$313,"Baseline_1"),SUMIFS(Data!$K$2:$K$313,Data!$B$2:$B$313,$A5,Data!$O$2:$O$313,"Baseline_2")) | E5: =SUMIFS(Data!$K$2:$K$313,Data!$B$2:$B$313,$A5,Data!$O$2:$O$313,"KeyScene") | F5: =E5-D5 | G5: =IF($B5="C1first",SUMIFS(Default!$K$2:$K$313,Default!$B$2:$B$313,$A5,Default!$O$2:$O$313,"Baseline_1"),SUMIFS(Default!$K$2:$K$313,Default!$B$2:$B$313,$A5,Default!$O$2:$O$313,"Baseline_2")) | H5: =SUMIFS(Default!$K$2:$K$313,Default!$B$2:$B$313,$A5,Default!$O$2:$O$313,"KeyScene") | I5: =H5-G5 | K5: H1: one sample t on the change (= paired t), Version A, n = 22
A6: P05 | B6: =INDEX(Data!$N$2:$N$313,MATCH($A6,Data!$B$2:$B$313,0)) | C6: =INDEX(Data!$Q$2:$Q$313,MATCH($A6,Data!$B$2:$B$313,0)) | D6: =IF($B6="C1first",SUMIFS(Data!$K$2:$K$313,Data!$B$2:$B$313,$A6,Data!$O$2:$O$313,"Baseline_1"),SUMIFS(Data!$K$2:$K$313,Data!$B$2:$B$313,$A6,Data!$O$2:$O$313,"Baseline_2")) | E6: =SUMIFS(Data!$K$2:$K$313,Data!$B$2:$B$313,$A6,Data!$O$2:$O$313,"KeyScene") | F6: =E6-D6 | G6: =IF($B6="C1first",SUMIFS(Default!$K$2:$K$313,Default!$B$2:$B$313,$A6,Default!$O$2:$O$313,"Baseline_1"),SUMIFS(Default!$K$2:$K$313,Default!$B$2:$B$313,$A6,Default!$O$2:$O$313,"Baseline_2")) | H6: =SUMIFS(Default!$K$2:$K$313,Default!$B$2:$B$313,$A6,Default!$O$2:$O$313,"KeyScene") | I6: =H6-G6 | K6: Baseline mean (FA) | L6: =AVERAGE(D5:D26) | M6: =AVERAGE(D5:D26) | N6: AVERAGE of the reference column
A7: P08 | B7: =INDEX(Data!$N$2:$N$313,MATCH($A7,Data!$B$2:$B$313,0)) | C7: =INDEX(Data!$Q$2:$Q$313,MATCH($A7,Data!$B$2:$B$313,0)) | D7: =IF($B7="C1first",SUMIFS(Data!$K$2:$K$313,Data!$B$2:$B$313,$A7,Data!$O$2:$O$313,"Baseline_1"),SUMIFS(Data!$K$2:$K$313,Data!$B$2:$B$313,$A7,Data!$O$2:$O$313,"Baseline_2")) | E7: =SUMIFS(Data!$K$2:$K$313,Data!$B$2:$B$313,$A7,Data!$O$2:$O$313,"KeyScene") | F7: =E7-D7 | G7: =IF($B7="C1first",SUMIFS(Default!$K$2:$K$313,Default!$B$2:$B$313,$A7,Default!$O$2:$O$313,"Baseline_1"),SUMIFS(Default!$K$2:$K$313,Default!$B$2:$B$313,$A7,Default!$O$2:$O$313,"Baseline_2")) | H7: =SUMIFS(Default!$K$2:$K$313,Default!$B$2:$B$313,$A7,Default!$O$2:$O$313,"KeyScene") | I7: =H7-G7 | K7: Baseline SD | L7: =_xlfn.STDEV.S(D5:D26) | M7: =STDEV.S(D5:D26) | N7: STDEV.S = sample standard deviation
A8: P09 | B8: =INDEX(Data!$N$2:$N$313,MATCH($A8,Data!$B$2:$B$313,0)) | C8: =INDEX(Data!$Q$2:$Q$313,MATCH($A8,Data!$B$2:$B$313,0)) | D8: =IF($B8="C1first",SUMIFS(Data!$K$2:$K$313,Data!$B$2:$B$313,$A8,Data!$O$2:$O$313,"Baseline_1"),SUMIFS(Data!$K$2:$K$313,Data!$B$2:$B$313,$A8,Data!$O$2:$O$313,"Baseline_2")) | E8: =SUMIFS(Data!$K$2:$K$313,Data!$B$2:$B$313,$A8,Data!$O$2:$O$313,"KeyScene") | F8: =E8-D8 | G8: =IF($B8="C1first",SUMIFS(Default!$K$2:$K$313,Default!$B$2:$B$313,$A8,Default!$O$2:$O$313,"Baseline_1"),SUMIFS(Default!$K$2:$K$313,Default!$B$2:$B$313,$A8,Default!$O$2:$O$313,"Baseline_2")) | H8: =SUMIFS(Default!$K$2:$K$313,Default!$B$2:$B$313,$A8,Default!$O$2:$O$313,"KeyScene") | I8: =H8-G8 | K8: KeyScene mean (FA) | L8: =AVERAGE(E5:E26) | M8: =AVERAGE(E5:E26)
A9: P11 | B9: =INDEX(Data!$N$2:$N$313,MATCH($A9,Data!$B$2:$B$313,0)) | C9: =INDEX(Data!$Q$2:$Q$313,MATCH($A9,Data!$B$2:$B$313,0)) | D9: =IF($B9="C1first",SUMIFS(Data!$K$2:$K$313,Data!$B$2:$B$313,$A9,Data!$O$2:$O$313,"Baseline_1"),SUMIFS(Data!$K$2:$K$313,Data!$B$2:$B$313,$A9,Data!$O$2:$O$313,"Baseline_2")) | E9: =SUMIFS(Data!$K$2:$K$313,Data!$B$2:$B$313,$A9,Data!$O$2:$O$313,"KeyScene") | F9: =E9-D9 | G9: =IF($B9="C1first",SUMIFS(Default!$K$2:$K$313,Default!$B$2:$B$313,$A9,Default!$O$2:$O$313,"Baseline_1"),SUMIFS(Default!$K$2:$K$313,Default!$B$2:$B$313,$A9,Default!$O$2:$O$313,"Baseline_2")) | H9: =SUMIFS(Default!$K$2:$K$313,Default!$B$2:$B$313,$A9,Default!$O$2:$O$313,"KeyScene") | I9: =H9-G9 | K9: KeyScene SD | L9: =_xlfn.STDEV.S(E5:E26) | M9: =STDEV.S(E5:E26)
A10: P13 | B10: =INDEX(Data!$N$2:$N$313,MATCH($A10,Data!$B$2:$B$313,0)) | C10: =INDEX(Data!$Q$2:$Q$313,MATCH($A10,Data!$B$2:$B$313,0)) | D10: =IF($B10="C1first",SUMIFS(Data!$K$2:$K$313,Data!$B$2:$B$313,$A10,Data!$O$2:$O$313,"Baseline_1"),SUMIFS(Data!$K$2:$K$313,Data!$B$2:$B$313,$A10,Data!$O$2:$O$313,"Baseline_2")) | E10: =SUMIFS(Data!$K$2:$K$313,Data!$B$2:$B$313,$A10,Data!$O$2:$O$313,"KeyScene") | F10: =E10-D10 | G10: =IF($B10="C1first",SUMIFS(Default!$K$2:$K$313,Default!$B$2:$B$313,$A10,Default!$O$2:$O$313,"Baseline_1"),SUMIFS(Default!$K$2:$K$313,Default!$B$2:$B$313,$A10,Default!$O$2:$O$313,"Baseline_2")) | H10: =SUMIFS(Default!$K$2:$K$313,Default!$B$2:$B$313,$A10,Default!$O$2:$O$313,"KeyScene") | I10: =H10-G10 | K10: n (respondents) | L10: =COUNT(F5:F26) | M10: =COUNT(F5:F26) | N10: COUNT of the change column; must equal the check below
A11: P14 | B11: =INDEX(Data!$N$2:$N$313,MATCH($A11,Data!$B$2:$B$313,0)) | C11: =INDEX(Data!$Q$2:$Q$313,MATCH($A11,Data!$B$2:$B$313,0)) | D11: =IF($B11="C1first",SUMIFS(Data!$K$2:$K$313,Data!$B$2:$B$313,$A11,Data!$O$2:$O$313,"Baseline_1"),SUMIFS(Data!$K$2:$K$313,Data!$B$2:$B$313,$A11,Data!$O$2:$O$313,"Baseline_2")) | E11: =SUMIFS(Data!$K$2:$K$313,Data!$B$2:$B$313,$A11,Data!$O$2:$O$313,"KeyScene") | F11: =E11-D11 | G11: =IF($B11="C1first",SUMIFS(Default!$K$2:$K$313,Default!$B$2:$B$313,$A11,Default!$O$2:$O$313,"Baseline_1"),SUMIFS(Default!$K$2:$K$313,Default!$B$2:$B$313,$A11,Default!$O$2:$O$313,"Baseline_2")) | H11: =SUMIFS(Default!$K$2:$K$313,Default!$B$2:$B$313,$A11,Default!$O$2:$O$313,"KeyScene") | I11: =H11-G11 | K11: Mean change, KeyScene minus Baseline | L11: =AVERAGE(F5:F26) | M11: =AVERAGE(F5:F26)
A12: P20 | B12: =INDEX(Data!$N$2:$N$313,MATCH($A12,Data!$B$2:$B$313,0)) | C12: =INDEX(Data!$Q$2:$Q$313,MATCH($A12,Data!$B$2:$B$313,0)) | D12: =IF($B12="C1first",SUMIFS(Data!$K$2:$K$313,Data!$B$2:$B$313,$A12,Data!$O$2:$O$313,"Baseline_1"),SUMIFS(Data!$K$2:$K$313,Data!$B$2:$B$313,$A12,Data!$O$2:$O$313,"Baseline_2")) | E12: =SUMIFS(Data!$K$2:$K$313,Data!$B$2:$B$313,$A12,Data!$O$2:$O$313,"KeyScene") | F12: =E12-D12 | G12: =IF($B12="C1first",SUMIFS(Default!$K$2:$K$313,Default!$B$2:$B$313,$A12,Default!$O$2:$O$313,"Baseline_1"),SUMIFS(Default!$K$2:$K$313,Default!$B$2:$B$313,$A12,Default!$O$2:$O$313,"Baseline_2")) | H12: =SUMIFS(Default!$K$2:$K$313,Default!$B$2:$B$313,$A12,Default!$O$2:$O$313,"KeyScene") | I12: =H12-G12 | K12: SD of the changes | L12: =_xlfn.STDEV.S(F5:F26) | M12: =STDEV.S(F5:F26) | N12: the SD that matters in a paired design
A13: P23 | B13: =INDEX(Data!$N$2:$N$313,MATCH($A13,Data!$B$2:$B$313,0)) | C13: =INDEX(Data!$Q$2:$Q$313,MATCH($A13,Data!$B$2:$B$313,0)) | D13: =IF($B13="C1first",SUMIFS(Data!$K$2:$K$313,Data!$B$2:$B$313,$A13,Data!$O$2:$O$313,"Baseline_1"),SUMIFS(Data!$K$2:$K$313,Data!$B$2:$B$313,$A13,Data!$O$2:$O$313,"Baseline_2")) | E13: =SUMIFS(Data!$K$2:$K$313,Data!$B$2:$B$313,$A13,Data!$O$2:$O$313,"KeyScene") | F13: =E13-D13 | G13: =IF($B13="C1first",SUMIFS(Default!$K$2:$K$313,Default!$B$2:$B$313,$A13,Default!$O$2:$O$313,"Baseline_1"),SUMIFS(Default!$K$2:$K$313,Default!$B$2:$B$313,$A13,Default!$O$2:$O$313,"Baseline_2")) | H13: =SUMIFS(Default!$K$2:$K$313,Default!$B$2:$B$313,$A13,Default!$O$2:$O$313,"KeyScene") | I13: =H13-G13 | K13: SE of the mean change | L13: =L12/SQRT(L10) | M13: =L12/SQRT(L10) | N13: SD of the changes / sqrt(n)
A14: P24 | B14: =INDEX(Data!$N$2:$N$313,MATCH($A14,Data!$B$2:$B$313,0)) | C14: =INDEX(Data!$Q$2:$Q$313,MATCH($A14,Data!$B$2:$B$313,0)) | D14: =IF($B14="C1first",SUMIFS(Data!$K$2:$K$313,Data!$B$2:$B$313,$A14,Data!$O$2:$O$313,"Baseline_1"),SUMIFS(Data!$K$2:$K$313,Data!$B$2:$B$313,$A14,Data!$O$2:$O$313,"Baseline_2")) | E14: =SUMIFS(Data!$K$2:$K$313,Data!$B$2:$B$313,$A14,Data!$O$2:$O$313,"KeyScene") | F14: =E14-D14 | G14: =IF($B14="C1first",SUMIFS(Default!$K$2:$K$313,Default!$B$2:$B$313,$A14,Default!$O$2:$O$313,"Baseline_1"),SUMIFS(Default!$K$2:$K$313,Default!$B$2:$B$313,$A14,Default!$O$2:$O$313,"Baseline_2")) | H14: =SUMIFS(Default!$K$2:$K$313,Default!$B$2:$B$313,$A14,Default!$O$2:$O$313,"KeyScene") | I14: =H14-G14 | K14: t | L14: =L11/L13 | M14: =L11/L13 | N14: t = mean change / SE
A15: P28 | B15: =INDEX(Data!$N$2:$N$313,MATCH($A15,Data!$B$2:$B$313,0)) | C15: =INDEX(Data!$Q$2:$Q$313,MATCH($A15,Data!$B$2:$B$313,0)) | D15: =IF($B15="C1first",SUMIFS(Data!$K$2:$K$313,Data!$B$2:$B$313,$A15,Data!$O$2:$O$313,"Baseline_1"),SUMIFS(Data!$K$2:$K$313,Data!$B$2:$B$313,$A15,Data!$O$2:$O$313,"Baseline_2")) | E15: =SUMIFS(Data!$K$2:$K$313,Data!$B$2:$B$313,$A15,Data!$O$2:$O$313,"KeyScene") | F15: =E15-D15 | G15: =IF($B15="C1first",SUMIFS(Default!$K$2:$K$313,Default!$B$2:$B$313,$A15,Default!$O$2:$O$313,"Baseline_1"),SUMIFS(Default!$K$2:$K$313,Default!$B$2:$B$313,$A15,Default!$O$2:$O$313,"Baseline_2")) | H15: =SUMIFS(Default!$K$2:$K$313,Default!$B$2:$B$313,$A15,Default!$O$2:$O$313,"KeyScene") | I15: =H15-G15 | K15: df | L15: =L10-1 | M15: =L10-1 | N15: n minus 1
A16: P30 | B16: =INDEX(Data!$N$2:$N$313,MATCH($A16,Data!$B$2:$B$313,0)) | C16: =INDEX(Data!$Q$2:$Q$313,MATCH($A16,Data!$B$2:$B$313,0)) | D16: =IF($B16="C1first",SUMIFS(Data!$K$2:$K$313,Data!$B$2:$B$313,$A16,Data!$O$2:$O$313,"Baseline_1"),SUMIFS(Data!$K$2:$K$313,Data!$B$2:$B$313,$A16,Data!$O$2:$O$313,"Baseline_2")) | E16: =SUMIFS(Data!$K$2:$K$313,Data!$B$2:$B$313,$A16,Data!$O$2:$O$313,"KeyScene") | F16: =E16-D16 | G16: =IF($B16="C1first",SUMIFS(Default!$K$2:$K$313,Default!$B$2:$B$313,$A16,Default!$O$2:$O$313,"Baseline_1"),SUMIFS(Default!$K$2:$K$313,Default!$B$2:$B$313,$A16,Default!$O$2:$O$313,"Baseline_2")) | H16: =SUMIFS(Default!$K$2:$K$313,Default!$B$2:$B$313,$A16,Default!$O$2:$O$313,"KeyScene") | I16: =H16-G16 | K16: p, two tailed (T.TEST type 1) | L16: =_xlfn.T.TEST(D5:D26,E5:E26,2,1) | M16: =T.TEST(D5:D26,E5:E26,2,1) | N16: tails = 2, type = 1 means paired
A17: P31 | B17: =INDEX(Data!$N$2:$N$313,MATCH($A17,Data!$B$2:$B$313,0)) | C17: =INDEX(Data!$Q$2:$Q$313,MATCH($A17,Data!$B$2:$B$313,0)) | D17: =IF($B17="C1first",SUMIFS(Data!$K$2:$K$313,Data!$B$2:$B$313,$A17,Data!$O$2:$O$313,"Baseline_1"),SUMIFS(Data!$K$2:$K$313,Data!$B$2:$B$313,$A17,Data!$O$2:$O$313,"Baseline_2")) | E17: =SUMIFS(Data!$K$2:$K$313,Data!$B$2:$B$313,$A17,Data!$O$2:$O$313,"KeyScene") | F17: =E17-D17 | G17: =IF($B17="C1first",SUMIFS(Default!$K$2:$K$313,Default!$B$2:$B$313,$A17,Default!$O$2:$O$313,"Baseline_1"),SUMIFS(Default!$K$2:$K$313,Default!$B$2:$B$313,$A17,Default!$O$2:$O$313,"Baseline_2")) | H17: =SUMIFS(Default!$K$2:$K$313,Default!$B$2:$B$313,$A17,Default!$O$2:$O$313,"KeyScene") | I17: =H17-G17 | K17: p from the hand computed t | L17: =_xlfn.T.DIST.2T(ABS(L14),L15) | M17: =T.DIST.2T(ABS(L14),L15) | N17: must match the T.TEST cell
A18: P34 | B18: =INDEX(Data!$N$2:$N$313,MATCH($A18,Data!$B$2:$B$313,0)) | C18: =INDEX(Data!$Q$2:$Q$313,MATCH($A18,Data!$B$2:$B$313,0)) | D18: =IF($B18="C1first",SUMIFS(Data!$K$2:$K$313,Data!$B$2:$B$313,$A18,Data!$O$2:$O$313,"Baseline_1"),SUMIFS(Data!$K$2:$K$313,Data!$B$2:$B$313,$A18,Data!$O$2:$O$313,"Baseline_2")) | E18: =SUMIFS(Data!$K$2:$K$313,Data!$B$2:$B$313,$A18,Data!$O$2:$O$313,"KeyScene") | F18: =E18-D18 | G18: =IF($B18="C1first",SUMIFS(Default!$K$2:$K$313,Default!$B$2:$B$313,$A18,Default!$O$2:$O$313,"Baseline_1"),SUMIFS(Default!$K$2:$K$313,Default!$B$2:$B$313,$A18,Default!$O$2:$O$313,"Baseline_2")) | H18: =SUMIFS(Default!$K$2:$K$313,Default!$B$2:$B$313,$A18,Default!$O$2:$O$313,"KeyScene") | I18: =H18-G18 | K18: p, one tailed (teaching only) | L18: =_xlfn.T.DIST.RT(L14,L15) | M18: =T.DIST.RT(L14,L15) | N18: right tail: the predicted direction is positive
A19: P35 | B19: =INDEX(Data!$N$2:$N$313,MATCH($A19,Data!$B$2:$B$313,0)) | C19: =INDEX(Data!$Q$2:$Q$313,MATCH($A19,Data!$B$2:$B$313,0)) | D19: =IF($B19="C1first",SUMIFS(Data!$K$2:$K$313,Data!$B$2:$B$313,$A19,Data!$O$2:$O$313,"Baseline_1"),SUMIFS(Data!$K$2:$K$313,Data!$B$2:$B$313,$A19,Data!$O$2:$O$313,"Baseline_2")) | E19: =SUMIFS(Data!$K$2:$K$313,Data!$B$2:$B$313,$A19,Data!$O$2:$O$313,"KeyScene") | F19: =E19-D19 | G19: =IF($B19="C1first",SUMIFS(Default!$K$2:$K$313,Default!$B$2:$B$313,$A19,Default!$O$2:$O$313,"Baseline_1"),SUMIFS(Default!$K$2:$K$313,Default!$B$2:$B$313,$A19,Default!$O$2:$O$313,"Baseline_2")) | H19: =SUMIFS(Default!$K$2:$K$313,Default!$B$2:$B$313,$A19,Default!$O$2:$O$313,"KeyScene") | I19: =H19-G19 | K19: Critical t (95%) | L19: =_xlfn.T.INV.2T(0.05,L15) | M19: =T.INV.2T(0.05,L15) | N19: two tailed, alpha = .05
A20: P37 | B20: =INDEX(Data!$N$2:$N$313,MATCH($A20,Data!$B$2:$B$313,0)) | C20: =INDEX(Data!$Q$2:$Q$313,MATCH($A20,Data!$B$2:$B$313,0)) | D20: =IF($B20="C1first",SUMIFS(Data!$K$2:$K$313,Data!$B$2:$B$313,$A20,Data!$O$2:$O$313,"Baseline_1"),SUMIFS(Data!$K$2:$K$313,Data!$B$2:$B$313,$A20,Data!$O$2:$O$313,"Baseline_2")) | E20: =SUMIFS(Data!$K$2:$K$313,Data!$B$2:$B$313,$A20,Data!$O$2:$O$313,"KeyScene") | F20: =E20-D20 | G20: =IF($B20="C1first",SUMIFS(Default!$K$2:$K$313,Default!$B$2:$B$313,$A20,Default!$O$2:$O$313,"Baseline_1"),SUMIFS(Default!$K$2:$K$313,Default!$B$2:$B$313,$A20,Default!$O$2:$O$313,"Baseline_2")) | H20: =SUMIFS(Default!$K$2:$K$313,Default!$B$2:$B$313,$A20,Default!$O$2:$O$313,"KeyScene") | I20: =H20-G20 | K20: Mean change 95% CI lower | L20: =L11-L19*L13 | M20: =L11-L19*L13
A21: P38 | B21: =INDEX(Data!$N$2:$N$313,MATCH($A21,Data!$B$2:$B$313,0)) | C21: =INDEX(Data!$Q$2:$Q$313,MATCH($A21,Data!$B$2:$B$313,0)) | D21: =IF($B21="C1first",SUMIFS(Data!$K$2:$K$313,Data!$B$2:$B$313,$A21,Data!$O$2:$O$313,"Baseline_1"),SUMIFS(Data!$K$2:$K$313,Data!$B$2:$B$313,$A21,Data!$O$2:$O$313,"Baseline_2")) | E21: =SUMIFS(Data!$K$2:$K$313,Data!$B$2:$B$313,$A21,Data!$O$2:$O$313,"KeyScene") | F21: =E21-D21 | G21: =IF($B21="C1first",SUMIFS(Default!$K$2:$K$313,Default!$B$2:$B$313,$A21,Default!$O$2:$O$313,"Baseline_1"),SUMIFS(Default!$K$2:$K$313,Default!$B$2:$B$313,$A21,Default!$O$2:$O$313,"Baseline_2")) | H21: =SUMIFS(Default!$K$2:$K$313,Default!$B$2:$B$313,$A21,Default!$O$2:$O$313,"KeyScene") | I21: =H21-G21 | K21: Mean change 95% CI upper | L21: =L11+L19*L13 | M21: =L11+L19*L13
A22: P44 | B22: =INDEX(Data!$N$2:$N$313,MATCH($A22,Data!$B$2:$B$313,0)) | C22: =INDEX(Data!$Q$2:$Q$313,MATCH($A22,Data!$B$2:$B$313,0)) | D22: =IF($B22="C1first",SUMIFS(Data!$K$2:$K$313,Data!$B$2:$B$313,$A22,Data!$O$2:$O$313,"Baseline_1"),SUMIFS(Data!$K$2:$K$313,Data!$B$2:$B$313,$A22,Data!$O$2:$O$313,"Baseline_2")) | E22: =SUMIFS(Data!$K$2:$K$313,Data!$B$2:$B$313,$A22,Data!$O$2:$O$313,"KeyScene") | F22: =E22-D22 | G22: =IF($B22="C1first",SUMIFS(Default!$K$2:$K$313,Default!$B$2:$B$313,$A22,Default!$O$2:$O$313,"Baseline_1"),SUMIFS(Default!$K$2:$K$313,Default!$B$2:$B$313,$A22,Default!$O$2:$O$313,"Baseline_2")) | H22: =SUMIFS(Default!$K$2:$K$313,Default!$B$2:$B$313,$A22,Default!$O$2:$O$313,"KeyScene") | I22: =H22-G22 | K22: Cohen's d_z | L22: =L11/L12 | M22: =L11/L12 | N22: d_z = mean change / SD of the changes
A23: P46 | B23: =INDEX(Data!$N$2:$N$313,MATCH($A23,Data!$B$2:$B$313,0)) | C23: =INDEX(Data!$Q$2:$Q$313,MATCH($A23,Data!$B$2:$B$313,0)) | D23: =IF($B23="C1first",SUMIFS(Data!$K$2:$K$313,Data!$B$2:$B$313,$A23,Data!$O$2:$O$313,"Baseline_1"),SUMIFS(Data!$K$2:$K$313,Data!$B$2:$B$313,$A23,Data!$O$2:$O$313,"Baseline_2")) | E23: =SUMIFS(Data!$K$2:$K$313,Data!$B$2:$B$313,$A23,Data!$O$2:$O$313,"KeyScene") | F23: =E23-D23 | G23: =IF($B23="C1first",SUMIFS(Default!$K$2:$K$313,Default!$B$2:$B$313,$A23,Default!$O$2:$O$313,"Baseline_1"),SUMIFS(Default!$K$2:$K$313,Default!$B$2:$B$313,$A23,Default!$O$2:$O$313,"Baseline_2")) | H23: =SUMIFS(Default!$K$2:$K$313,Default!$B$2:$B$313,$A23,Default!$O$2:$O$313,"KeyScene") | I23: =H23-G23 | K23: SE of d_z (approximation) | L23: =SQRT(1/L10+L22^2/(2*L10)) | M23: =SQRT(1/L10+L22^2/(2*L10)) | N23: sqrt(1/n + d_z^2 / (2 n))
A24: P47 | B24: =INDEX(Data!$N$2:$N$313,MATCH($A24,Data!$B$2:$B$313,0)) | C24: =INDEX(Data!$Q$2:$Q$313,MATCH($A24,Data!$B$2:$B$313,0)) | D24: =IF($B24="C1first",SUMIFS(Data!$K$2:$K$313,Data!$B$2:$B$313,$A24,Data!$O$2:$O$313,"Baseline_1"),SUMIFS(Data!$K$2:$K$313,Data!$B$2:$B$313,$A24,Data!$O$2:$O$313,"Baseline_2")) | E24: =SUMIFS(Data!$K$2:$K$313,Data!$B$2:$B$313,$A24,Data!$O$2:$O$313,"KeyScene") | F24: =E24-D24 | G24: =IF($B24="C1first",SUMIFS(Default!$K$2:$K$313,Default!$B$2:$B$313,$A24,Default!$O$2:$O$313,"Baseline_1"),SUMIFS(Default!$K$2:$K$313,Default!$B$2:$B$313,$A24,Default!$O$2:$O$313,"Baseline_2")) | H24: =SUMIFS(Default!$K$2:$K$313,Default!$B$2:$B$313,$A24,Default!$O$2:$O$313,"KeyScene") | I24: =H24-G24 | K24: d_z 95% CI lower (approximation) | L24: =L22-1.96*L23 | M24: =L22-1.96*L23 | N24: R also gives the exact noncentral t interval
A25: P04 | B25: =INDEX(Data!$N$2:$N$313,MATCH($A25,Data!$B$2:$B$313,0)) | C25: =INDEX(Data!$Q$2:$Q$313,MATCH($A25,Data!$B$2:$B$313,0)) | D25: =IF($B25="C1first",SUMIFS(Data!$K$2:$K$313,Data!$B$2:$B$313,$A25,Data!$O$2:$O$313,"Baseline_1"),SUMIFS(Data!$K$2:$K$313,Data!$B$2:$B$313,$A25,Data!$O$2:$O$313,"Baseline_2")) | E25: =SUMIFS(Data!$K$2:$K$313,Data!$B$2:$B$313,$A25,Data!$O$2:$O$313,"KeyScene") | F25: =E25-D25 | G25: =IF($B25="C1first",SUMIFS(Default!$K$2:$K$313,Default!$B$2:$B$313,$A25,Default!$O$2:$O$313,"Baseline_1"),SUMIFS(Default!$K$2:$K$313,Default!$B$2:$B$313,$A25,Default!$O$2:$O$313,"Baseline_2")) | H25: =SUMIFS(Default!$K$2:$K$313,Default!$B$2:$B$313,$A25,Default!$O$2:$O$313,"KeyScene") | I25: =H25-G25 | K25: d_z 95% CI upper (approximation) | L25: =L22+1.96*L23 | M25: =L22+1.96*L23
A26: P18 | B26: =INDEX(Data!$N$2:$N$313,MATCH($A26,Data!$B$2:$B$313,0)) | C26: =INDEX(Data!$Q$2:$Q$313,MATCH($A26,Data!$B$2:$B$313,0)) | D26: =IF($B26="C1first",SUMIFS(Data!$K$2:$K$313,Data!$B$2:$B$313,$A26,Data!$O$2:$O$313,"Baseline_1"),SUMIFS(Data!$K$2:$K$313,Data!$B$2:$B$313,$A26,Data!$O$2:$O$313,"Baseline_2")) | E26: =SUMIFS(Data!$K$2:$K$313,Data!$B$2:$B$313,$A26,Data!$O$2:$O$313,"KeyScene") | F26: =E26-D26 | G26: =IF($B26="C1first",SUMIFS(Default!$K$2:$K$313,Default!$B$2:$B$313,$A26,Default!$O$2:$O$313,"Baseline_1"),SUMIFS(Default!$K$2:$K$313,Default!$B$2:$B$313,$A26,Default!$O$2:$O$313,"Baseline_2")) | H26: =SUMIFS(Default!$K$2:$K$313,Default!$B$2:$B$313,$A26,Default!$O$2:$O$313,"KeyScene") | I26: =H26-G26 | K26: Correlation of the two columns | L26: =CORREL(D5:D26,E5:E26) | M26: =CORREL(D5:D26,E5:E26) | N26: how stable a respondent is from one segment to the other
K27: Respondents with a positive change | L27: =COUNTIF(F5:F26,">0") | M27: =COUNTIF(F5:F26,">0")
K30: Statistic | L30: Value | M30: Formula shown | N30: Note
K31: Sensitivity: 15 percent threshold (rows 5 to 24)
K32: Baseline mean (FA) | L32: =AVERAGE(D5:D24) | M32: =AVERAGE(D5:D24) | N32: AVERAGE of the reference column
K33: Baseline SD | L33: =_xlfn.STDEV.S(D5:D24) | M33: =STDEV.S(D5:D24) | N33: STDEV.S = sample standard deviation
K34: KeyScene mean (FA) | L34: =AVERAGE(E5:E24) | M34: =AVERAGE(E5:E24)
K35: KeyScene SD | L35: =_xlfn.STDEV.S(E5:E24) | M35: =STDEV.S(E5:E24)
K36: n (respondents) | L36: =COUNT(F5:F24) | M36: =COUNT(F5:F24) | N36: the respondents dropped at 15 percent sit below this range
K37: Mean change, KeyScene minus Baseline | L37: =AVERAGE(F5:F24) | M37: =AVERAGE(F5:F24)
K38: SD of the changes | L38: =_xlfn.STDEV.S(F5:F24) | M38: =STDEV.S(F5:F24) | N38: the SD that matters in a paired design
K39: SE of the mean change | L39: =L38/SQRT(L36) | M39: =L38/SQRT(L36) | N39: SD of the changes / sqrt(n)
K40: t | L40: =L37/L39 | M40: =L37/L39 | N40: t = mean change / SE
K41: df | L41: =L36-1 | M41: =L36-1 | N41: n minus 1
K42: p, two tailed (T.TEST type 1) | L42: =_xlfn.T.TEST(D5:D24,E5:E24,2,1) | M42: =T.TEST(D5:D24,E5:E24,2,1) | N42: tails = 2, type = 1 means paired
K43: p from the hand computed t | L43: =_xlfn.T.DIST.2T(ABS(L40),L41) | M43: =T.DIST.2T(ABS(L40),L41) | N43: must match the T.TEST cell
K44: p, one tailed (teaching only) | L44: =_xlfn.T.DIST.RT(L40,L41) | M44: =T.DIST.RT(L40,L41) | N44: right tail: the predicted direction is positive
K45: Critical t (95%) | L45: =_xlfn.T.INV.2T(0.05,L41) | M45: =T.INV.2T(0.05,L41) | N45: two tailed, alpha = .05
K46: Mean change 95% CI lower | L46: =L37-L45*L39 | M46: =L37-L45*L39
K47: Mean change 95% CI upper | L47: =L37+L45*L39 | M47: =L37+L45*L39
K48: Cohen's d_z | L48: =L37/L38 | M48: =L37/L38 | N48: d_z = mean change / SD of the changes
K49: SE of d_z (approximation) | L49: =SQRT(1/L36+L48^2/(2*L36)) | M49: =SQRT(1/L36+L48^2/(2*L36)) | N49: sqrt(1/n + d_z^2 / (2 n))
K50: d_z 95% CI lower (approximation) | L50: =L48-1.96*L49 | M50: =L48-1.96*L49 | N50: R also gives the exact noncentral t interval
K51: d_z 95% CI upper (approximation) | L51: =L48+1.96*L49 | M51: =L48+1.96*L49
K52: Correlation of the two columns | L52: =CORREL(D5:D24,E5:E24) | M52: =CORREL(D5:D24,E5:E24) | N52: how stable a respondent is from one segment to the other
K53: Respondents with a positive change | L53: =COUNTIF(F5:F24,">0") | M53: =COUNTIF(F5:F24,">0")
K56: Statistic | L56: Value | M56: Formula shown | N56: Note
K57: Sensitivity: no baseline correction (raw KeyScene FA against 0)
K58: n | L58: =COUNT(E5:E26) | M58: =COUNT(E5:E26)
K59: Mean (FA) | L59: =AVERAGE(E5:E26) | M59: =AVERAGE(E5:E26)
K60: SD | L60: =_xlfn.STDEV.S(E5:E26) | M60: =STDEV.S(E5:E26)
K61: SE of the mean | L61: =L60/SQRT(L58) | M61: =L60/SQRT(L58)
K62: t against 0 | L62: =L59/L61 | M62: =L59/L61
K63: df | L63: =L58-1 | M63: =L58-1
K64: p, two tailed | L64: =_xlfn.T.DIST.2T(ABS(L62),L63) | M64: =T.DIST.2T(ABS(L62),L63)
K65: Cohen's d (one sample) | L65: =L59/L60 | M65: =L59/L60
K68: Statistic | L68: Value | M68: Formula shown | N68: Note
K69: Teaching contrast: the same test with the DEFAULT channels (Ch1 = Fz, Ch7 = P3)
K70: Baseline mean (FA) | L70: =AVERAGE(G5:G26) | M70: =AVERAGE(G5:G26) | N70: AVERAGE of the reference column
K71: Baseline SD | L71: =_xlfn.STDEV.S(G5:G26) | M71: =STDEV.S(G5:G26) | N71: STDEV.S = sample standard deviation
K72: KeyScene mean (FA) | L72: =AVERAGE(H5:H26) | M72: =AVERAGE(H5:H26)
K73: KeyScene SD | L73: =_xlfn.STDEV.S(H5:H26) | M73: =STDEV.S(H5:H26)
K74: n (respondents) | L74: =COUNT(I5:I26) | M74: =COUNT(I5:I26)
K75: Mean change, KeyScene minus Baseline | L75: =AVERAGE(I5:I26) | M75: =AVERAGE(I5:I26)
K76: SD of the changes | L76: =_xlfn.STDEV.S(I5:I26) | M76: =STDEV.S(I5:I26) | N76: the SD that matters in a paired design
K77: SE of the mean change | L77: =L76/SQRT(L74) | M77: =L76/SQRT(L74) | N77: SD of the changes / sqrt(n)
K78: t | L78: =L75/L77 | M78: =L75/L77 | N78: t = mean change / SE
K79: df | L79: =L74-1 | M79: =L74-1 | N79: n minus 1
K80: p, two tailed (T.TEST type 1) | L80: =_xlfn.T.TEST(G5:G26,H5:H26,2,1) | M80: =T.TEST(G5:G26,H5:H26,2,1) | N80: tails = 2, type = 1 means paired
K81: p from the hand computed t | L81: =_xlfn.T.DIST.2T(ABS(L78),L79) | M81: =T.DIST.2T(ABS(L78),L79) | N81: must match the T.TEST cell
K82: p, one tailed (teaching only) | L82: =_xlfn.T.DIST.RT(L78,L79) | M82: =T.DIST.RT(L78,L79) | N82: right tail: the predicted direction is positive
K83: Critical t (95%) | L83: =_xlfn.T.INV.2T(0.05,L79) | M83: =T.INV.2T(0.05,L79) | N83: two tailed, alpha = .05
K84: Mean change 95% CI lower | L84: =L75-L83*L77 | M84: =L75-L83*L77
K85: Mean change 95% CI upper | L85: =L75+L83*L77 | M85: =L75+L83*L77
K86: Cohen's d_z | L86: =L75/L76 | M86: =L75/L76 | N86: d_z = mean change / SD of the changes
K87: SE of d_z (approximation) | L87: =SQRT(1/L74+L86^2/(2*L74)) | M87: =SQRT(1/L74+L86^2/(2*L74)) | N87: sqrt(1/n + d_z^2 / (2 n))
K88: d_z 95% CI lower (approximation) | L88: =L86-1.96*L87 | M88: =L86-1.96*L87 | N88: R also gives the exact noncentral t interval
K89: d_z 95% CI upper (approximation) | L89: =L86+1.96*L87 | M89: =L86+1.96*L87
K90: Correlation of the two columns | L90: =CORREL(G5:G26,H5:H26) | M90: =CORREL(G5:G26,H5:H26) | N90: how stable a respondent is from one segment to the other
K91: Respondents with a positive change | L91: =COUNTIF(I5:I26,">0") | M91: =COUNTIF(I5:I26,">0")
K94: Statistic | L94: Value | M94: Formula shown | N94: Note
K95: Checks
K96: Kept Version A respondents with a KeyScene row in Data (Keep = Yes) | L96: =COUNTIFS(Data!$O$2:$O$313,"KeyScene",Data!$P$2:$P$313,"Yes") | M96: =COUNTIFS(Data!$O$2:$O$313,"KeyScene",Data!$P$2:$P$313,"Yes") | N96: must equal n of the H1 block
K97: Roster rows dropped under the 15 percent rule (Keep15 = No) | L97: =COUNTIF(C5:C26,"No") | M97: =COUNTIF(C5:C26,"No")
K98: Keep15 = No inside the rows of the 15 percent block | L98: =COUNTIF(C5:C24,"No") | M98: =COUNTIF(C5:C24,"No") | N98: must be 0
K99: Correlation of the default channel change with the F3/F4 change | L99: =CORREL(F5:F26,I5:I26) | M99: =CORREL(F5:F26,I5:I26)
K102: Chart table: mean FA with 95% CI half width (Version A)
K103: Segment | L103: Mean FA | M103: CI half width
K104: Baseline before Commercial_1A | L104: =L6 | M104: =_xlfn.CONFIDENCE.T(0.05,L7,L10)
K105: KeyScene | L105: =L8 | M105: =_xlfn.CONFIDENCE.T(0.05,L9,L10)

Sheet H2
A1: H2. Baseline corrected FA during the EndScene of Commercial 1, Version A versus Version B, kept respondents. SIMULATED data.
A2: Version A in rows 5 to 26 (rows 25 to 26 are dropped by the 15 percent rule), Version B in rows 27 to 49 (rows 48 to 49 dropped by the 15 percent rule). Change = EndScene of Commercial 1 minus the baseline before Commercial 1.
A4: Respondent Name | B4: Version | C4: Order | D4: Keep15 | E4: Baseline before Commercial 1 (FA) | F4: EndScene of Commercial 1 (FA) | G4: Change (EndScene minus baseline) | I4: Statistic | J4: Value | K4: Formula shown | L4: Note
A5: P02 | B5: =INDEX(Data!$M$2:$M$313,MATCH($A5,Data!$B$2:$B$313,0)) | C5: =INDEX(Data!$N$2:$N$313,MATCH($A5,Data!$B$2:$B$313,0)) | D5: =INDEX(Data!$Q$2:$Q$313,MATCH($A5,Data!$B$2:$B$313,0)) | E5: =IF($C5="C1first",SUMIFS(Data!$K$2:$K$313,Data!$B$2:$B$313,$A5,Data!$O$2:$O$313,"Baseline_1"),SUMIFS(Data!$K$2:$K$313,Data!$B$2:$B$313,$A5,Data!$O$2:$O$313,"Baseline_2")) | F5: =SUMIFS(Data!$K$2:$K$313,Data!$B$2:$B$313,$A5,Data!$O$2:$O$313,"EndScene_C1") | G5: =F5-E5 | I5: H2: Welch t test, Version A (n = 22) versus Version B (n = 23)
A6: P05 | B6: =INDEX(Data!$M$2:$M$313,MATCH($A6,Data!$B$2:$B$313,0)) | C6: =INDEX(Data!$N$2:$N$313,MATCH($A6,Data!$B$2:$B$313,0)) | D6: =INDEX(Data!$Q$2:$Q$313,MATCH($A6,Data!$B$2:$B$313,0)) | E6: =IF($C6="C1first",SUMIFS(Data!$K$2:$K$313,Data!$B$2:$B$313,$A6,Data!$O$2:$O$313,"Baseline_1"),SUMIFS(Data!$K$2:$K$313,Data!$B$2:$B$313,$A6,Data!$O$2:$O$313,"Baseline_2")) | F6: =SUMIFS(Data!$K$2:$K$313,Data!$B$2:$B$313,$A6,Data!$O$2:$O$313,"EndScene_C1") | G6: =F6-E6 | I6: Version A mean | J6: =AVERAGE(G5:G26) | K6: =AVERAGE(G5:G26)
A7: P08 | B7: =INDEX(Data!$M$2:$M$313,MATCH($A7,Data!$B$2:$B$313,0)) | C7: =INDEX(Data!$N$2:$N$313,MATCH($A7,Data!$B$2:$B$313,0)) | D7: =INDEX(Data!$Q$2:$Q$313,MATCH($A7,Data!$B$2:$B$313,0)) | E7: =IF($C7="C1first",SUMIFS(Data!$K$2:$K$313,Data!$B$2:$B$313,$A7,Data!$O$2:$O$313,"Baseline_1"),SUMIFS(Data!$K$2:$K$313,Data!$B$2:$B$313,$A7,Data!$O$2:$O$313,"Baseline_2")) | F7: =SUMIFS(Data!$K$2:$K$313,Data!$B$2:$B$313,$A7,Data!$O$2:$O$313,"EndScene_C1") | G7: =F7-E7 | I7: Version A SD | J7: =_xlfn.STDEV.S(G5:G26) | K7: =STDEV.S(G5:G26)
A8: P09 | B8: =INDEX(Data!$M$2:$M$313,MATCH($A8,Data!$B$2:$B$313,0)) | C8: =INDEX(Data!$N$2:$N$313,MATCH($A8,Data!$B$2:$B$313,0)) | D8: =INDEX(Data!$Q$2:$Q$313,MATCH($A8,Data!$B$2:$B$313,0)) | E8: =IF($C8="C1first",SUMIFS(Data!$K$2:$K$313,Data!$B$2:$B$313,$A8,Data!$O$2:$O$313,"Baseline_1"),SUMIFS(Data!$K$2:$K$313,Data!$B$2:$B$313,$A8,Data!$O$2:$O$313,"Baseline_2")) | F8: =SUMIFS(Data!$K$2:$K$313,Data!$B$2:$B$313,$A8,Data!$O$2:$O$313,"EndScene_C1") | G8: =F8-E8 | I8: Version A n | J8: =COUNT(G5:G26) | K8: =COUNT(G5:G26) | L8: must equal the check below
A9: P11 | B9: =INDEX(Data!$M$2:$M$313,MATCH($A9,Data!$B$2:$B$313,0)) | C9: =INDEX(Data!$N$2:$N$313,MATCH($A9,Data!$B$2:$B$313,0)) | D9: =INDEX(Data!$Q$2:$Q$313,MATCH($A9,Data!$B$2:$B$313,0)) | E9: =IF($C9="C1first",SUMIFS(Data!$K$2:$K$313,Data!$B$2:$B$313,$A9,Data!$O$2:$O$313,"Baseline_1"),SUMIFS(Data!$K$2:$K$313,Data!$B$2:$B$313,$A9,Data!$O$2:$O$313,"Baseline_2")) | F9: =SUMIFS(Data!$K$2:$K$313,Data!$B$2:$B$313,$A9,Data!$O$2:$O$313,"EndScene_C1") | G9: =F9-E9 | I9: Version B mean | J9: =AVERAGE(G27:G49) | K9: =AVERAGE(G27:G49)
A10: P13 | B10: =INDEX(Data!$M$2:$M$313,MATCH($A10,Data!$B$2:$B$313,0)) | C10: =INDEX(Data!$N$2:$N$313,MATCH($A10,Data!$B$2:$B$313,0)) | D10: =INDEX(Data!$Q$2:$Q$313,MATCH($A10,Data!$B$2:$B$313,0)) | E10: =IF($C10="C1first",SUMIFS(Data!$K$2:$K$313,Data!$B$2:$B$313,$A10,Data!$O$2:$O$313,"Baseline_1"),SUMIFS(Data!$K$2:$K$313,Data!$B$2:$B$313,$A10,Data!$O$2:$O$313,"Baseline_2")) | F10: =SUMIFS(Data!$K$2:$K$313,Data!$B$2:$B$313,$A10,Data!$O$2:$O$313,"EndScene_C1") | G10: =F10-E10 | I10: Version B SD | J10: =_xlfn.STDEV.S(G27:G49) | K10: =STDEV.S(G27:G49)
A11: P14 | B11: =INDEX(Data!$M$2:$M$313,MATCH($A11,Data!$B$2:$B$313,0)) | C11: =INDEX(Data!$N$2:$N$313,MATCH($A11,Data!$B$2:$B$313,0)) | D11: =INDEX(Data!$Q$2:$Q$313,MATCH($A11,Data!$B$2:$B$313,0)) | E11: =IF($C11="C1first",SUMIFS(Data!$K$2:$K$313,Data!$B$2:$B$313,$A11,Data!$O$2:$O$313,"Baseline_1"),SUMIFS(Data!$K$2:$K$313,Data!$B$2:$B$313,$A11,Data!$O$2:$O$313,"Baseline_2")) | F11: =SUMIFS(Data!$K$2:$K$313,Data!$B$2:$B$313,$A11,Data!$O$2:$O$313,"EndScene_C1") | G11: =F11-E11 | I11: Version B n | J11: =COUNT(G27:G49) | K11: =COUNT(G27:G49)
A12: P20 | B12: =INDEX(Data!$M$2:$M$313,MATCH($A12,Data!$B$2:$B$313,0)) | C12: =INDEX(Data!$N$2:$N$313,MATCH($A12,Data!$B$2:$B$313,0)) | D12: =INDEX(Data!$Q$2:$Q$313,MATCH($A12,Data!$B$2:$B$313,0)) | E12: =IF($C12="C1first",SUMIFS(Data!$K$2:$K$313,Data!$B$2:$B$313,$A12,Data!$O$2:$O$313,"Baseline_1"),SUMIFS(Data!$K$2:$K$313,Data!$B$2:$B$313,$A12,Data!$O$2:$O$313,"Baseline_2")) | F12: =SUMIFS(Data!$K$2:$K$313,Data!$B$2:$B$313,$A12,Data!$O$2:$O$313,"EndScene_C1") | G12: =F12-E12 | I12: Difference, Version A minus Version B | J12: =J6-J9 | K12: =J6-J9
A13: P23 | B13: =INDEX(Data!$M$2:$M$313,MATCH($A13,Data!$B$2:$B$313,0)) | C13: =INDEX(Data!$N$2:$N$313,MATCH($A13,Data!$B$2:$B$313,0)) | D13: =INDEX(Data!$Q$2:$Q$313,MATCH($A13,Data!$B$2:$B$313,0)) | E13: =IF($C13="C1first",SUMIFS(Data!$K$2:$K$313,Data!$B$2:$B$313,$A13,Data!$O$2:$O$313,"Baseline_1"),SUMIFS(Data!$K$2:$K$313,Data!$B$2:$B$313,$A13,Data!$O$2:$O$313,"Baseline_2")) | F13: =SUMIFS(Data!$K$2:$K$313,Data!$B$2:$B$313,$A13,Data!$O$2:$O$313,"EndScene_C1") | G13: =F13-E13 | I13: SE of the difference (Welch) | J13: =SQRT(J7^2/J8+J10^2/J11) | K13: =SQRT(J7^2/J8+J10^2/J11) | L13: each group keeps its own variance
A14: P24 | B14: =INDEX(Data!$M$2:$M$313,MATCH($A14,Data!$B$2:$B$313,0)) | C14: =INDEX(Data!$N$2:$N$313,MATCH($A14,Data!$B$2:$B$313,0)) | D14: =INDEX(Data!$Q$2:$Q$313,MATCH($A14,Data!$B$2:$B$313,0)) | E14: =IF($C14="C1first",SUMIFS(Data!$K$2:$K$313,Data!$B$2:$B$313,$A14,Data!$O$2:$O$313,"Baseline_1"),SUMIFS(Data!$K$2:$K$313,Data!$B$2:$B$313,$A14,Data!$O$2:$O$313,"Baseline_2")) | F14: =SUMIFS(Data!$K$2:$K$313,Data!$B$2:$B$313,$A14,Data!$O$2:$O$313,"EndScene_C1") | G14: =F14-E14 | I14: Welch t | J14: =J12/J13 | K14: =J12/J13
A15: P28 | B15: =INDEX(Data!$M$2:$M$313,MATCH($A15,Data!$B$2:$B$313,0)) | C15: =INDEX(Data!$N$2:$N$313,MATCH($A15,Data!$B$2:$B$313,0)) | D15: =INDEX(Data!$Q$2:$Q$313,MATCH($A15,Data!$B$2:$B$313,0)) | E15: =IF($C15="C1first",SUMIFS(Data!$K$2:$K$313,Data!$B$2:$B$313,$A15,Data!$O$2:$O$313,"Baseline_1"),SUMIFS(Data!$K$2:$K$313,Data!$B$2:$B$313,$A15,Data!$O$2:$O$313,"Baseline_2")) | F15: =SUMIFS(Data!$K$2:$K$313,Data!$B$2:$B$313,$A15,Data!$O$2:$O$313,"EndScene_C1") | G15: =F15-E15 | I15: Welch df | J15: =(J7^2/J8+J10^2/J11)^2/((J7^2/J8)^2/(J8-1)+(J10^2/J11)^2/(J11-1)) | K15: =(J7^2/J8+J10^2/J11)^2/((J7^2/J8)^2/(J8-1)+(J10^2/J11)^2/(J11-1)) | L15: Welch Satterthwaite formula; not a whole number
A16: P30 | B16: =INDEX(Data!$M$2:$M$313,MATCH($A16,Data!$B$2:$B$313,0)) | C16: =INDEX(Data!$N$2:$N$313,MATCH($A16,Data!$B$2:$B$313,0)) | D16: =INDEX(Data!$Q$2:$Q$313,MATCH($A16,Data!$B$2:$B$313,0)) | E16: =IF($C16="C1first",SUMIFS(Data!$K$2:$K$313,Data!$B$2:$B$313,$A16,Data!$O$2:$O$313,"Baseline_1"),SUMIFS(Data!$K$2:$K$313,Data!$B$2:$B$313,$A16,Data!$O$2:$O$313,"Baseline_2")) | F16: =SUMIFS(Data!$K$2:$K$313,Data!$B$2:$B$313,$A16,Data!$O$2:$O$313,"EndScene_C1") | G16: =F16-E16 | I16: p, two tailed (T.TEST type 3) | J16: =_xlfn.T.TEST(G5:G26,G27:G49,2,3) | K16: =T.TEST(G5:G26,G27:G49,2,3) | L16: type 3 = two groups, unequal variances (Welch)
A17: P31 | B17: =INDEX(Data!$M$2:$M$313,MATCH($A17,Data!$B$2:$B$313,0)) | C17: =INDEX(Data!$N$2:$N$313,MATCH($A17,Data!$B$2:$B$313,0)) | D17: =INDEX(Data!$Q$2:$Q$313,MATCH($A17,Data!$B$2:$B$313,0)) | E17: =IF($C17="C1first",SUMIFS(Data!$K$2:$K$313,Data!$B$2:$B$313,$A17,Data!$O$2:$O$313,"Baseline_1"),SUMIFS(Data!$K$2:$K$313,Data!$B$2:$B$313,$A17,Data!$O$2:$O$313,"Baseline_2")) | F17: =SUMIFS(Data!$K$2:$K$313,Data!$B$2:$B$313,$A17,Data!$O$2:$O$313,"EndScene_C1") | G17: =F17-E17 | I17: p from the hand computed t | J17: =_xlfn.T.DIST.2T(ABS(J14),J15) | K17: =T.DIST.2T(ABS(J14),J15) | L17: may round the df down to a whole number; report the T.TEST cell
A18: P34 | B18: =INDEX(Data!$M$2:$M$313,MATCH($A18,Data!$B$2:$B$313,0)) | C18: =INDEX(Data!$N$2:$N$313,MATCH($A18,Data!$B$2:$B$313,0)) | D18: =INDEX(Data!$Q$2:$Q$313,MATCH($A18,Data!$B$2:$B$313,0)) | E18: =IF($C18="C1first",SUMIFS(Data!$K$2:$K$313,Data!$B$2:$B$313,$A18,Data!$O$2:$O$313,"Baseline_1"),SUMIFS(Data!$K$2:$K$313,Data!$B$2:$B$313,$A18,Data!$O$2:$O$313,"Baseline_2")) | F18: =SUMIFS(Data!$K$2:$K$313,Data!$B$2:$B$313,$A18,Data!$O$2:$O$313,"EndScene_C1") | G18: =F18-E18 | I18: p, one tailed, predicted direction A > B (teaching only) | J18: =IF(J14>0,J16/2,1-J16/2) | K18: =IF(J14>0,J16/2,1-J16/2) | L18: half the two tailed p when t points the predicted way; T.TEST with tails = 1 ignores the direction
A19: P35 | B19: =INDEX(Data!$M$2:$M$313,MATCH($A19,Data!$B$2:$B$313,0)) | C19: =INDEX(Data!$N$2:$N$313,MATCH($A19,Data!$B$2:$B$313,0)) | D19: =INDEX(Data!$Q$2:$Q$313,MATCH($A19,Data!$B$2:$B$313,0)) | E19: =IF($C19="C1first",SUMIFS(Data!$K$2:$K$313,Data!$B$2:$B$313,$A19,Data!$O$2:$O$313,"Baseline_1"),SUMIFS(Data!$K$2:$K$313,Data!$B$2:$B$313,$A19,Data!$O$2:$O$313,"Baseline_2")) | F19: =SUMIFS(Data!$K$2:$K$313,Data!$B$2:$B$313,$A19,Data!$O$2:$O$313,"EndScene_C1") | G19: =F19-E19 | I19: Critical t (95%) | J19: =_xlfn.T.INV.2T(0.05,J15) | K19: =T.INV.2T(0.05,J15) | L19: may also round the df down
A20: P37 | B20: =INDEX(Data!$M$2:$M$313,MATCH($A20,Data!$B$2:$B$313,0)) | C20: =INDEX(Data!$N$2:$N$313,MATCH($A20,Data!$B$2:$B$313,0)) | D20: =INDEX(Data!$Q$2:$Q$313,MATCH($A20,Data!$B$2:$B$313,0)) | E20: =IF($C20="C1first",SUMIFS(Data!$K$2:$K$313,Data!$B$2:$B$313,$A20,Data!$O$2:$O$313,"Baseline_1"),SUMIFS(Data!$K$2:$K$313,Data!$B$2:$B$313,$A20,Data!$O$2:$O$313,"Baseline_2")) | F20: =SUMIFS(Data!$K$2:$K$313,Data!$B$2:$B$313,$A20,Data!$O$2:$O$313,"EndScene_C1") | G20: =F20-E20 | I20: Difference 95% CI lower | J20: =J12-J19*J13 | K20: =J12-J19*J13
A21: P38 | B21: =INDEX(Data!$M$2:$M$313,MATCH($A21,Data!$B$2:$B$313,0)) | C21: =INDEX(Data!$N$2:$N$313,MATCH($A21,Data!$B$2:$B$313,0)) | D21: =INDEX(Data!$Q$2:$Q$313,MATCH($A21,Data!$B$2:$B$313,0)) | E21: =IF($C21="C1first",SUMIFS(Data!$K$2:$K$313,Data!$B$2:$B$313,$A21,Data!$O$2:$O$313,"Baseline_1"),SUMIFS(Data!$K$2:$K$313,Data!$B$2:$B$313,$A21,Data!$O$2:$O$313,"Baseline_2")) | F21: =SUMIFS(Data!$K$2:$K$313,Data!$B$2:$B$313,$A21,Data!$O$2:$O$313,"EndScene_C1") | G21: =F21-E21 | I21: Difference 95% CI upper | J21: =J12+J19*J13 | K21: =J12+J19*J13
A22: P44 | B22: =INDEX(Data!$M$2:$M$313,MATCH($A22,Data!$B$2:$B$313,0)) | C22: =INDEX(Data!$N$2:$N$313,MATCH($A22,Data!$B$2:$B$313,0)) | D22: =INDEX(Data!$Q$2:$Q$313,MATCH($A22,Data!$B$2:$B$313,0)) | E22: =IF($C22="C1first",SUMIFS(Data!$K$2:$K$313,Data!$B$2:$B$313,$A22,Data!$O$2:$O$313,"Baseline_1"),SUMIFS(Data!$K$2:$K$313,Data!$B$2:$B$313,$A22,Data!$O$2:$O$313,"Baseline_2")) | F22: =SUMIFS(Data!$K$2:$K$313,Data!$B$2:$B$313,$A22,Data!$O$2:$O$313,"EndScene_C1") | G22: =F22-E22 | I22: Pooled SD (for the effect size) | J22: =SQRT(((J8-1)*J7^2+(J11-1)*J10^2)/(J8+J11-2)) | K22: =SQRT(((J8-1)*J7^2+(J11-1)*J10^2)/(J8+J11-2))
A23: P46 | B23: =INDEX(Data!$M$2:$M$313,MATCH($A23,Data!$B$2:$B$313,0)) | C23: =INDEX(Data!$N$2:$N$313,MATCH($A23,Data!$B$2:$B$313,0)) | D23: =INDEX(Data!$Q$2:$Q$313,MATCH($A23,Data!$B$2:$B$313,0)) | E23: =IF($C23="C1first",SUMIFS(Data!$K$2:$K$313,Data!$B$2:$B$313,$A23,Data!$O$2:$O$313,"Baseline_1"),SUMIFS(Data!$K$2:$K$313,Data!$B$2:$B$313,$A23,Data!$O$2:$O$313,"Baseline_2")) | F23: =SUMIFS(Data!$K$2:$K$313,Data!$B$2:$B$313,$A23,Data!$O$2:$O$313,"EndScene_C1") | G23: =F23-E23 | I23: Cohen's d | J23: =J12/J22 | K23: =J12/J22 | L23: difference / pooled SD
A24: P47 | B24: =INDEX(Data!$M$2:$M$313,MATCH($A24,Data!$B$2:$B$313,0)) | C24: =INDEX(Data!$N$2:$N$313,MATCH($A24,Data!$B$2:$B$313,0)) | D24: =INDEX(Data!$Q$2:$Q$313,MATCH($A24,Data!$B$2:$B$313,0)) | E24: =IF($C24="C1first",SUMIFS(Data!$K$2:$K$313,Data!$B$2:$B$313,$A24,Data!$O$2:$O$313,"Baseline_1"),SUMIFS(Data!$K$2:$K$313,Data!$B$2:$B$313,$A24,Data!$O$2:$O$313,"Baseline_2")) | F24: =SUMIFS(Data!$K$2:$K$313,Data!$B$2:$B$313,$A24,Data!$O$2:$O$313,"EndScene_C1") | G24: =F24-E24 | I24: Small sample correction J | J24: =1-3/(4*(J8+J11)-9) | K24: =1-3/(4*(J8+J11)-9) | L24: Hedges' approximation
A25: P04 | B25: =INDEX(Data!$M$2:$M$313,MATCH($A25,Data!$B$2:$B$313,0)) | C25: =INDEX(Data!$N$2:$N$313,MATCH($A25,Data!$B$2:$B$313,0)) | D25: =INDEX(Data!$Q$2:$Q$313,MATCH($A25,Data!$B$2:$B$313,0)) | E25: =IF($C25="C1first",SUMIFS(Data!$K$2:$K$313,Data!$B$2:$B$313,$A25,Data!$O$2:$O$313,"Baseline_1"),SUMIFS(Data!$K$2:$K$313,Data!$B$2:$B$313,$A25,Data!$O$2:$O$313,"Baseline_2")) | F25: =SUMIFS(Data!$K$2:$K$313,Data!$B$2:$B$313,$A25,Data!$O$2:$O$313,"EndScene_C1") | G25: =F25-E25 | I25: Hedges' g | J25: =J24*J23 | K25: =J24*J23
A26: P18 | B26: =INDEX(Data!$M$2:$M$313,MATCH($A26,Data!$B$2:$B$313,0)) | C26: =INDEX(Data!$N$2:$N$313,MATCH($A26,Data!$B$2:$B$313,0)) | D26: =INDEX(Data!$Q$2:$Q$313,MATCH($A26,Data!$B$2:$B$313,0)) | E26: =IF($C26="C1first",SUMIFS(Data!$K$2:$K$313,Data!$B$2:$B$313,$A26,Data!$O$2:$O$313,"Baseline_1"),SUMIFS(Data!$K$2:$K$313,Data!$B$2:$B$313,$A26,Data!$O$2:$O$313,"Baseline_2")) | F26: =SUMIFS(Data!$K$2:$K$313,Data!$B$2:$B$313,$A26,Data!$O$2:$O$313,"EndScene_C1") | G26: =F26-E26 | I26: SE of g (approximation) | J26: =SQRT((J8+J11)/(J8*J11)+J25^2/(2*(J8+J11))) | K26: =SQRT((J8+J11)/(J8*J11)+J25^2/(2*(J8+J11)))
A27: P01 | B27: =INDEX(Data!$M$2:$M$313,MATCH($A27,Data!$B$2:$B$313,0)) | C27: =INDEX(Data!$N$2:$N$313,MATCH($A27,Data!$B$2:$B$313,0)) | D27: =INDEX(Data!$Q$2:$Q$313,MATCH($A27,Data!$B$2:$B$313,0)) | E27: =IF($C27="C1first",SUMIFS(Data!$K$2:$K$313,Data!$B$2:$B$313,$A27,Data!$O$2:$O$313,"Baseline_1"),SUMIFS(Data!$K$2:$K$313,Data!$B$2:$B$313,$A27,Data!$O$2:$O$313,"Baseline_2")) | F27: =SUMIFS(Data!$K$2:$K$313,Data!$B$2:$B$313,$A27,Data!$O$2:$O$313,"EndScene_C1") | G27: =F27-E27 | I27: g 95% CI lower (approximation) | J27: =J25-1.96*J26 | K27: =J25-1.96*J26 | L27: R also gives the exact noncentral t interval
A28: P03 | B28: =INDEX(Data!$M$2:$M$313,MATCH($A28,Data!$B$2:$B$313,0)) | C28: =INDEX(Data!$N$2:$N$313,MATCH($A28,Data!$B$2:$B$313,0)) | D28: =INDEX(Data!$Q$2:$Q$313,MATCH($A28,Data!$B$2:$B$313,0)) | E28: =IF($C28="C1first",SUMIFS(Data!$K$2:$K$313,Data!$B$2:$B$313,$A28,Data!$O$2:$O$313,"Baseline_1"),SUMIFS(Data!$K$2:$K$313,Data!$B$2:$B$313,$A28,Data!$O$2:$O$313,"Baseline_2")) | F28: =SUMIFS(Data!$K$2:$K$313,Data!$B$2:$B$313,$A28,Data!$O$2:$O$313,"EndScene_C1") | G28: =F28-E28 | I28: g 95% CI upper (approximation) | J28: =J25+1.96*J26 | K28: =J25+1.96*J26
A29: P06 | B29: =INDEX(Data!$M$2:$M$313,MATCH($A29,Data!$B$2:$B$313,0)) | C29: =INDEX(Data!$N$2:$N$313,MATCH($A29,Data!$B$2:$B$313,0)) | D29: =INDEX(Data!$Q$2:$Q$313,MATCH($A29,Data!$B$2:$B$313,0)) | E29: =IF($C29="C1first",SUMIFS(Data!$K$2:$K$313,Data!$B$2:$B$313,$A29,Data!$O$2:$O$313,"Baseline_1"),SUMIFS(Data!$K$2:$K$313,Data!$B$2:$B$313,$A29,Data!$O$2:$O$313,"Baseline_2")) | F29: =SUMIFS(Data!$K$2:$K$313,Data!$B$2:$B$313,$A29,Data!$O$2:$O$313,"EndScene_C1") | G29: =F29-E29
A30: P07 | B30: =INDEX(Data!$M$2:$M$313,MATCH($A30,Data!$B$2:$B$313,0)) | C30: =INDEX(Data!$N$2:$N$313,MATCH($A30,Data!$B$2:$B$313,0)) | D30: =INDEX(Data!$Q$2:$Q$313,MATCH($A30,Data!$B$2:$B$313,0)) | E30: =IF($C30="C1first",SUMIFS(Data!$K$2:$K$313,Data!$B$2:$B$313,$A30,Data!$O$2:$O$313,"Baseline_1"),SUMIFS(Data!$K$2:$K$313,Data!$B$2:$B$313,$A30,Data!$O$2:$O$313,"Baseline_2")) | F30: =SUMIFS(Data!$K$2:$K$313,Data!$B$2:$B$313,$A30,Data!$O$2:$O$313,"EndScene_C1") | G30: =F30-E30
A31: P10 | B31: =INDEX(Data!$M$2:$M$313,MATCH($A31,Data!$B$2:$B$313,0)) | C31: =INDEX(Data!$N$2:$N$313,MATCH($A31,Data!$B$2:$B$313,0)) | D31: =INDEX(Data!$Q$2:$Q$313,MATCH($A31,Data!$B$2:$B$313,0)) | E31: =IF($C31="C1first",SUMIFS(Data!$K$2:$K$313,Data!$B$2:$B$313,$A31,Data!$O$2:$O$313,"Baseline_1"),SUMIFS(Data!$K$2:$K$313,Data!$B$2:$B$313,$A31,Data!$O$2:$O$313,"Baseline_2")) | F31: =SUMIFS(Data!$K$2:$K$313,Data!$B$2:$B$313,$A31,Data!$O$2:$O$313,"EndScene_C1") | G31: =F31-E31 | I31: Statistic | J31: Value | K31: Formula shown | L31: Note
A32: P12 | B32: =INDEX(Data!$M$2:$M$313,MATCH($A32,Data!$B$2:$B$313,0)) | C32: =INDEX(Data!$N$2:$N$313,MATCH($A32,Data!$B$2:$B$313,0)) | D32: =INDEX(Data!$Q$2:$Q$313,MATCH($A32,Data!$B$2:$B$313,0)) | E32: =IF($C32="C1first",SUMIFS(Data!$K$2:$K$313,Data!$B$2:$B$313,$A32,Data!$O$2:$O$313,"Baseline_1"),SUMIFS(Data!$K$2:$K$313,Data!$B$2:$B$313,$A32,Data!$O$2:$O$313,"Baseline_2")) | F32: =SUMIFS(Data!$K$2:$K$313,Data!$B$2:$B$313,$A32,Data!$O$2:$O$313,"EndScene_C1") | G32: =F32-E32 | I32: Sensitivity: 15 percent threshold (rows 5 to 24 and 27 to 47)
A33: P15 | B33: =INDEX(Data!$M$2:$M$313,MATCH($A33,Data!$B$2:$B$313,0)) | C33: =INDEX(Data!$N$2:$N$313,MATCH($A33,Data!$B$2:$B$313,0)) | D33: =INDEX(Data!$Q$2:$Q$313,MATCH($A33,Data!$B$2:$B$313,0)) | E33: =IF($C33="C1first",SUMIFS(Data!$K$2:$K$313,Data!$B$2:$B$313,$A33,Data!$O$2:$O$313,"Baseline_1"),SUMIFS(Data!$K$2:$K$313,Data!$B$2:$B$313,$A33,Data!$O$2:$O$313,"Baseline_2")) | F33: =SUMIFS(Data!$K$2:$K$313,Data!$B$2:$B$313,$A33,Data!$O$2:$O$313,"EndScene_C1") | G33: =F33-E33 | I33: Version A mean | J33: =AVERAGE(G5:G24) | K33: =AVERAGE(G5:G24)
A34: P16 | B34: =INDEX(Data!$M$2:$M$313,MATCH($A34,Data!$B$2:$B$313,0)) | C34: =INDEX(Data!$N$2:$N$313,MATCH($A34,Data!$B$2:$B$313,0)) | D34: =INDEX(Data!$Q$2:$Q$313,MATCH($A34,Data!$B$2:$B$313,0)) | E34: =IF($C34="C1first",SUMIFS(Data!$K$2:$K$313,Data!$B$2:$B$313,$A34,Data!$O$2:$O$313,"Baseline_1"),SUMIFS(Data!$K$2:$K$313,Data!$B$2:$B$313,$A34,Data!$O$2:$O$313,"Baseline_2")) | F34: =SUMIFS(Data!$K$2:$K$313,Data!$B$2:$B$313,$A34,Data!$O$2:$O$313,"EndScene_C1") | G34: =F34-E34 | I34: Version A SD | J34: =_xlfn.STDEV.S(G5:G24) | K34: =STDEV.S(G5:G24)
A35: P17 | B35: =INDEX(Data!$M$2:$M$313,MATCH($A35,Data!$B$2:$B$313,0)) | C35: =INDEX(Data!$N$2:$N$313,MATCH($A35,Data!$B$2:$B$313,0)) | D35: =INDEX(Data!$Q$2:$Q$313,MATCH($A35,Data!$B$2:$B$313,0)) | E35: =IF($C35="C1first",SUMIFS(Data!$K$2:$K$313,Data!$B$2:$B$313,$A35,Data!$O$2:$O$313,"Baseline_1"),SUMIFS(Data!$K$2:$K$313,Data!$B$2:$B$313,$A35,Data!$O$2:$O$313,"Baseline_2")) | F35: =SUMIFS(Data!$K$2:$K$313,Data!$B$2:$B$313,$A35,Data!$O$2:$O$313,"EndScene_C1") | G35: =F35-E35 | I35: Version A n | J35: =COUNT(G5:G24) | K35: =COUNT(G5:G24)
A36: P19 | B36: =INDEX(Data!$M$2:$M$313,MATCH($A36,Data!$B$2:$B$313,0)) | C36: =INDEX(Data!$N$2:$N$313,MATCH($A36,Data!$B$2:$B$313,0)) | D36: =INDEX(Data!$Q$2:$Q$313,MATCH($A36,Data!$B$2:$B$313,0)) | E36: =IF($C36="C1first",SUMIFS(Data!$K$2:$K$313,Data!$B$2:$B$313,$A36,Data!$O$2:$O$313,"Baseline_1"),SUMIFS(Data!$K$2:$K$313,Data!$B$2:$B$313,$A36,Data!$O$2:$O$313,"Baseline_2")) | F36: =SUMIFS(Data!$K$2:$K$313,Data!$B$2:$B$313,$A36,Data!$O$2:$O$313,"EndScene_C1") | G36: =F36-E36 | I36: Version B mean | J36: =AVERAGE(G27:G47) | K36: =AVERAGE(G27:G47)
A37: P21 | B37: =INDEX(Data!$M$2:$M$313,MATCH($A37,Data!$B$2:$B$313,0)) | C37: =INDEX(Data!$N$2:$N$313,MATCH($A37,Data!$B$2:$B$313,0)) | D37: =INDEX(Data!$Q$2:$Q$313,MATCH($A37,Data!$B$2:$B$313,0)) | E37: =IF($C37="C1first",SUMIFS(Data!$K$2:$K$313,Data!$B$2:$B$313,$A37,Data!$O$2:$O$313,"Baseline_1"),SUMIFS(Data!$K$2:$K$313,Data!$B$2:$B$313,$A37,Data!$O$2:$O$313,"Baseline_2")) | F37: =SUMIFS(Data!$K$2:$K$313,Data!$B$2:$B$313,$A37,Data!$O$2:$O$313,"EndScene_C1") | G37: =F37-E37 | I37: Version B SD | J37: =_xlfn.STDEV.S(G27:G47) | K37: =STDEV.S(G27:G47)
A38: P25 | B38: =INDEX(Data!$M$2:$M$313,MATCH($A38,Data!$B$2:$B$313,0)) | C38: =INDEX(Data!$N$2:$N$313,MATCH($A38,Data!$B$2:$B$313,0)) | D38: =INDEX(Data!$Q$2:$Q$313,MATCH($A38,Data!$B$2:$B$313,0)) | E38: =IF($C38="C1first",SUMIFS(Data!$K$2:$K$313,Data!$B$2:$B$313,$A38,Data!$O$2:$O$313,"Baseline_1"),SUMIFS(Data!$K$2:$K$313,Data!$B$2:$B$313,$A38,Data!$O$2:$O$313,"Baseline_2")) | F38: =SUMIFS(Data!$K$2:$K$313,Data!$B$2:$B$313,$A38,Data!$O$2:$O$313,"EndScene_C1") | G38: =F38-E38 | I38: Version B n | J38: =COUNT(G27:G47) | K38: =COUNT(G27:G47)
A39: P26 | B39: =INDEX(Data!$M$2:$M$313,MATCH($A39,Data!$B$2:$B$313,0)) | C39: =INDEX(Data!$N$2:$N$313,MATCH($A39,Data!$B$2:$B$313,0)) | D39: =INDEX(Data!$Q$2:$Q$313,MATCH($A39,Data!$B$2:$B$313,0)) | E39: =IF($C39="C1first",SUMIFS(Data!$K$2:$K$313,Data!$B$2:$B$313,$A39,Data!$O$2:$O$313,"Baseline_1"),SUMIFS(Data!$K$2:$K$313,Data!$B$2:$B$313,$A39,Data!$O$2:$O$313,"Baseline_2")) | F39: =SUMIFS(Data!$K$2:$K$313,Data!$B$2:$B$313,$A39,Data!$O$2:$O$313,"EndScene_C1") | G39: =F39-E39 | I39: Difference, Version A minus Version B | J39: =J33-J36 | K39: =J33-J36
A40: P29 | B40: =INDEX(Data!$M$2:$M$313,MATCH($A40,Data!$B$2:$B$313,0)) | C40: =INDEX(Data!$N$2:$N$313,MATCH($A40,Data!$B$2:$B$313,0)) | D40: =INDEX(Data!$Q$2:$Q$313,MATCH($A40,Data!$B$2:$B$313,0)) | E40: =IF($C40="C1first",SUMIFS(Data!$K$2:$K$313,Data!$B$2:$B$313,$A40,Data!$O$2:$O$313,"Baseline_1"),SUMIFS(Data!$K$2:$K$313,Data!$B$2:$B$313,$A40,Data!$O$2:$O$313,"Baseline_2")) | F40: =SUMIFS(Data!$K$2:$K$313,Data!$B$2:$B$313,$A40,Data!$O$2:$O$313,"EndScene_C1") | G40: =F40-E40 | I40: SE of the difference (Welch) | J40: =SQRT(J34^2/J35+J37^2/J38) | K40: =SQRT(J34^2/J35+J37^2/J38) | L40: each group keeps its own variance
A41: P33 | B41: =INDEX(Data!$M$2:$M$313,MATCH($A41,Data!$B$2:$B$313,0)) | C41: =INDEX(Data!$N$2:$N$313,MATCH($A41,Data!$B$2:$B$313,0)) | D41: =INDEX(Data!$Q$2:$Q$313,MATCH($A41,Data!$B$2:$B$313,0)) | E41: =IF($C41="C1first",SUMIFS(Data!$K$2:$K$313,Data!$B$2:$B$313,$A41,Data!$O$2:$O$313,"Baseline_1"),SUMIFS(Data!$K$2:$K$313,Data!$B$2:$B$313,$A41,Data!$O$2:$O$313,"Baseline_2")) | F41: =SUMIFS(Data!$K$2:$K$313,Data!$B$2:$B$313,$A41,Data!$O$2:$O$313,"EndScene_C1") | G41: =F41-E41 | I41: Welch t | J41: =J39/J40 | K41: =J39/J40
A42: P36 | B42: =INDEX(Data!$M$2:$M$313,MATCH($A42,Data!$B$2:$B$313,0)) | C42: =INDEX(Data!$N$2:$N$313,MATCH($A42,Data!$B$2:$B$313,0)) | D42: =INDEX(Data!$Q$2:$Q$313,MATCH($A42,Data!$B$2:$B$313,0)) | E42: =IF($C42="C1first",SUMIFS(Data!$K$2:$K$313,Data!$B$2:$B$313,$A42,Data!$O$2:$O$313,"Baseline_1"),SUMIFS(Data!$K$2:$K$313,Data!$B$2:$B$313,$A42,Data!$O$2:$O$313,"Baseline_2")) | F42: =SUMIFS(Data!$K$2:$K$313,Data!$B$2:$B$313,$A42,Data!$O$2:$O$313,"EndScene_C1") | G42: =F42-E42 | I42: Welch df | J42: =(J34^2/J35+J37^2/J38)^2/((J34^2/J35)^2/(J35-1)+(J37^2/J38)^2/(J38-1)) | K42: =(J34^2/J35+J37^2/J38)^2/((J34^2/J35)^2/(J35-1)+(J37^2/J38)^2/(J38-1)) | L42: Welch Satterthwaite formula; not a whole number
A43: P39 | B43: =INDEX(Data!$M$2:$M$313,MATCH($A43,Data!$B$2:$B$313,0)) | C43: =INDEX(Data!$N$2:$N$313,MATCH($A43,Data!$B$2:$B$313,0)) | D43: =INDEX(Data!$Q$2:$Q$313,MATCH($A43,Data!$B$2:$B$313,0)) | E43: =IF($C43="C1first",SUMIFS(Data!$K$2:$K$313,Data!$B$2:$B$313,$A43,Data!$O$2:$O$313,"Baseline_1"),SUMIFS(Data!$K$2:$K$313,Data!$B$2:$B$313,$A43,Data!$O$2:$O$313,"Baseline_2")) | F43: =SUMIFS(Data!$K$2:$K$313,Data!$B$2:$B$313,$A43,Data!$O$2:$O$313,"EndScene_C1") | G43: =F43-E43 | I43: p, two tailed (T.TEST type 3) | J43: =_xlfn.T.TEST(G5:G24,G27:G47,2,3) | K43: =T.TEST(G5:G24,G27:G47,2,3) | L43: type 3 = two groups, unequal variances (Welch)
A44: P40 | B44: =INDEX(Data!$M$2:$M$313,MATCH($A44,Data!$B$2:$B$313,0)) | C44: =INDEX(Data!$N$2:$N$313,MATCH($A44,Data!$B$2:$B$313,0)) | D44: =INDEX(Data!$Q$2:$Q$313,MATCH($A44,Data!$B$2:$B$313,0)) | E44: =IF($C44="C1first",SUMIFS(Data!$K$2:$K$313,Data!$B$2:$B$313,$A44,Data!$O$2:$O$313,"Baseline_1"),SUMIFS(Data!$K$2:$K$313,Data!$B$2:$B$313,$A44,Data!$O$2:$O$313,"Baseline_2")) | F44: =SUMIFS(Data!$K$2:$K$313,Data!$B$2:$B$313,$A44,Data!$O$2:$O$313,"EndScene_C1") | G44: =F44-E44 | I44: p from the hand computed t | J44: =_xlfn.T.DIST.2T(ABS(J41),J42) | K44: =T.DIST.2T(ABS(J41),J42) | L44: may round the df down to a whole number; report the T.TEST cell
A45: P42 | B45: =INDEX(Data!$M$2:$M$313,MATCH($A45,Data!$B$2:$B$313,0)) | C45: =INDEX(Data!$N$2:$N$313,MATCH($A45,Data!$B$2:$B$313,0)) | D45: =INDEX(Data!$Q$2:$Q$313,MATCH($A45,Data!$B$2:$B$313,0)) | E45: =IF($C45="C1first",SUMIFS(Data!$K$2:$K$313,Data!$B$2:$B$313,$A45,Data!$O$2:$O$313,"Baseline_1"),SUMIFS(Data!$K$2:$K$313,Data!$B$2:$B$313,$A45,Data!$O$2:$O$313,"Baseline_2")) | F45: =SUMIFS(Data!$K$2:$K$313,Data!$B$2:$B$313,$A45,Data!$O$2:$O$313,"EndScene_C1") | G45: =F45-E45 | I45: p, one tailed, predicted direction A > B (teaching only) | J45: =IF(J41>0,J43/2,1-J43/2) | K45: =IF(J41>0,J43/2,1-J43/2) | L45: half the two tailed p when t points the predicted way; T.TEST with tails = 1 ignores the direction
A46: P43 | B46: =INDEX(Data!$M$2:$M$313,MATCH($A46,Data!$B$2:$B$313,0)) | C46: =INDEX(Data!$N$2:$N$313,MATCH($A46,Data!$B$2:$B$313,0)) | D46: =INDEX(Data!$Q$2:$Q$313,MATCH($A46,Data!$B$2:$B$313,0)) | E46: =IF($C46="C1first",SUMIFS(Data!$K$2:$K$313,Data!$B$2:$B$313,$A46,Data!$O$2:$O$313,"Baseline_1"),SUMIFS(Data!$K$2:$K$313,Data!$B$2:$B$313,$A46,Data!$O$2:$O$313,"Baseline_2")) | F46: =SUMIFS(Data!$K$2:$K$313,Data!$B$2:$B$313,$A46,Data!$O$2:$O$313,"EndScene_C1") | G46: =F46-E46 | I46: Critical t (95%) | J46: =_xlfn.T.INV.2T(0.05,J42) | K46: =T.INV.2T(0.05,J42) | L46: may also round the df down
A47: P48 | B47: =INDEX(Data!$M$2:$M$313,MATCH($A47,Data!$B$2:$B$313,0)) | C47: =INDEX(Data!$N$2:$N$313,MATCH($A47,Data!$B$2:$B$313,0)) | D47: =INDEX(Data!$Q$2:$Q$313,MATCH($A47,Data!$B$2:$B$313,0)) | E47: =IF($C47="C1first",SUMIFS(Data!$K$2:$K$313,Data!$B$2:$B$313,$A47,Data!$O$2:$O$313,"Baseline_1"),SUMIFS(Data!$K$2:$K$313,Data!$B$2:$B$313,$A47,Data!$O$2:$O$313,"Baseline_2")) | F47: =SUMIFS(Data!$K$2:$K$313,Data!$B$2:$B$313,$A47,Data!$O$2:$O$313,"EndScene_C1") | G47: =F47-E47 | I47: Difference 95% CI lower | J47: =J39-J46*J40 | K47: =J39-J46*J40
A48: P22 | B48: =INDEX(Data!$M$2:$M$313,MATCH($A48,Data!$B$2:$B$313,0)) | C48: =INDEX(Data!$N$2:$N$313,MATCH($A48,Data!$B$2:$B$313,0)) | D48: =INDEX(Data!$Q$2:$Q$313,MATCH($A48,Data!$B$2:$B$313,0)) | E48: =IF($C48="C1first",SUMIFS(Data!$K$2:$K$313,Data!$B$2:$B$313,$A48,Data!$O$2:$O$313,"Baseline_1"),SUMIFS(Data!$K$2:$K$313,Data!$B$2:$B$313,$A48,Data!$O$2:$O$313,"Baseline_2")) | F48: =SUMIFS(Data!$K$2:$K$313,Data!$B$2:$B$313,$A48,Data!$O$2:$O$313,"EndScene_C1") | G48: =F48-E48 | I48: Difference 95% CI upper | J48: =J39+J46*J40 | K48: =J39+J46*J40
A49: P32 | B49: =INDEX(Data!$M$2:$M$313,MATCH($A49,Data!$B$2:$B$313,0)) | C49: =INDEX(Data!$N$2:$N$313,MATCH($A49,Data!$B$2:$B$313,0)) | D49: =INDEX(Data!$Q$2:$Q$313,MATCH($A49,Data!$B$2:$B$313,0)) | E49: =IF($C49="C1first",SUMIFS(Data!$K$2:$K$313,Data!$B$2:$B$313,$A49,Data!$O$2:$O$313,"Baseline_1"),SUMIFS(Data!$K$2:$K$313,Data!$B$2:$B$313,$A49,Data!$O$2:$O$313,"Baseline_2")) | F49: =SUMIFS(Data!$K$2:$K$313,Data!$B$2:$B$313,$A49,Data!$O$2:$O$313,"EndScene_C1") | G49: =F49-E49 | I49: Pooled SD (for the effect size) | J49: =SQRT(((J35-1)*J34^2+(J38-1)*J37^2)/(J35+J38-2)) | K49: =SQRT(((J35-1)*J34^2+(J38-1)*J37^2)/(J35+J38-2))
I50: Cohen's d | J50: =J39/J49 | K50: =J39/J49 | L50: difference / pooled SD
I51: Small sample correction J | J51: =1-3/(4*(J35+J38)-9) | K51: =1-3/(4*(J35+J38)-9) | L51: Hedges' approximation
I52: Hedges' g | J52: =J51*J50 | K52: =J51*J50
I53: SE of g (approximation) | J53: =SQRT((J35+J38)/(J35*J38)+J52^2/(2*(J35+J38))) | K53: =SQRT((J35+J38)/(J35*J38)+J52^2/(2*(J35+J38)))
I54: g 95% CI lower (approximation) | J54: =J52-1.96*J53 | K54: =J52-1.96*J53 | L54: R also gives the exact noncentral t interval
I55: g 95% CI upper (approximation) | J55: =J52+1.96*J53 | K55: =J52+1.96*J53
I58: Statistic | J58: Value | K58: Formula shown | L58: Note
I59: Sensitivity: no baseline correction (raw EndScene FA, column F)
I60: Version A mean | J60: =AVERAGE(F5:F26) | K60: =AVERAGE(F5:F26)
I61: Version A SD | J61: =_xlfn.STDEV.S(F5:F26) | K61: =STDEV.S(F5:F26)
I62: Version A n | J62: =COUNT(F5:F26) | K62: =COUNT(F5:F26)
I63: Version B mean | J63: =AVERAGE(F27:F49) | K63: =AVERAGE(F27:F49)
I64: Version B SD | J64: =_xlfn.STDEV.S(F27:F49) | K64: =STDEV.S(F27:F49)
I65: Version B n | J65: =COUNT(F27:F49) | K65: =COUNT(F27:F49)
I66: Difference, Version A minus Version B | J66: =J60-J63 | K66: =J60-J63
I67: SE of the difference (Welch) | J67: =SQRT(J61^2/J62+J64^2/J65) | K67: =SQRT(J61^2/J62+J64^2/J65) | L67: each group keeps its own variance
I68: Welch t | J68: =J66/J67 | K68: =J66/J67
I69: Welch df | J69: =(J61^2/J62+J64^2/J65)^2/((J61^2/J62)^2/(J62-1)+(J64^2/J65)^2/(J65-1)) | K69: =(J61^2/J62+J64^2/J65)^2/((J61^2/J62)^2/(J62-1)+(J64^2/J65)^2/(J65-1)) | L69: Welch Satterthwaite formula; not a whole number
I70: p, two tailed (T.TEST type 3) | J70: =_xlfn.T.TEST(F5:F26,F27:F49,2,3) | K70: =T.TEST(F5:F26,F27:F49,2,3) | L70: type 3 = two groups, unequal variances (Welch)
I71: p from the hand computed t | J71: =_xlfn.T.DIST.2T(ABS(J68),J69) | K71: =T.DIST.2T(ABS(J68),J69) | L71: may round the df down to a whole number; report the T.TEST cell
I72: p, one tailed, predicted direction A > B (teaching only) | J72: =IF(J68>0,J70/2,1-J70/2) | K72: =IF(J68>0,J70/2,1-J70/2) | L72: half the two tailed p when t points the predicted way; T.TEST with tails = 1 ignores the direction
I73: Critical t (95%) | J73: =_xlfn.T.INV.2T(0.05,J69) | K73: =T.INV.2T(0.05,J69) | L73: may also round the df down
I74: Difference 95% CI lower | J74: =J66-J73*J67 | K74: =J66-J73*J67
I75: Difference 95% CI upper | J75: =J66+J73*J67 | K75: =J66+J73*J67
I76: Pooled SD (for the effect size) | J76: =SQRT(((J62-1)*J61^2+(J65-1)*J64^2)/(J62+J65-2)) | K76: =SQRT(((J62-1)*J61^2+(J65-1)*J64^2)/(J62+J65-2))
I77: Cohen's d | J77: =J66/J76 | K77: =J66/J76 | L77: difference / pooled SD
I78: Small sample correction J | J78: =1-3/(4*(J62+J65)-9) | K78: =1-3/(4*(J62+J65)-9) | L78: Hedges' approximation
I79: Hedges' g | J79: =J78*J77 | K79: =J78*J77
I80: SE of g (approximation) | J80: =SQRT((J62+J65)/(J62*J65)+J79^2/(2*(J62+J65))) | K80: =SQRT((J62+J65)/(J62*J65)+J79^2/(2*(J62+J65)))
I81: g 95% CI lower (approximation) | J81: =J79-1.96*J80 | K81: =J79-1.96*J80 | L81: R also gives the exact noncentral t interval
I82: g 95% CI upper (approximation) | J82: =J79+1.96*J80 | K82: =J79+1.96*J80
I85: Statistic | J85: Value | K85: Formula shown | L85: Note
I86: Checks
I87: Kept respondents with an EndScene_C1 row in Data (Keep = Yes) | J87: =COUNTIFS(Data!$O$2:$O$313,"EndScene_C1",Data!$P$2:$P$313,"Yes") | K87: =COUNTIFS(Data!$O$2:$O$313,"EndScene_C1",Data!$P$2:$P$313,"Yes") | L87: must equal n1 + n2
I88: Version B rows inside the Version A range | J88: =COUNTIF(B5:B26,"B") | K88: =COUNTIF(B5:B26,"B") | L88: must be 0
I89: Version A rows inside the Version B range | J89: =COUNTIF(B27:B49,"A") | K89: =COUNTIF(B27:B49,"A") | L89: must be 0
I90: Baseline before Commercial 1: Version A mean minus Version B mean | J90: =AVERAGE(E5:E26)-AVERAGE(E27:E49) | K90: =AVERAGE(E5:E26)-AVERAGE(E27:E49) | L90: a chance difference that the raw comparison carries along
I93: Chart table: mean EndScene change with 95% CI half width
I94: Version | J94: Mean change | K94: CI half width
I95: Version A | J95: =J6 | K95: =_xlfn.CONFIDENCE.T(0.05,J7,J8)
I96: Version B | J96: =J9 | K96: =_xlfn.CONFIDENCE.T(0.05,J10,J11)

Sheet H3
A1: H3. Whole commercial FA change from baseline, Commercial_2 versus Commercial_1, all kept respondents. SIMULATED data.
A2: Same roster order as H2. Each commercial minus the baseline right before it; column J = Commercial_2 change minus Commercial_1 change. Columns K and L pull the liking ratings from the Survey sheet.
A4: Respondent Name | B4: Version | C4: Order | D4: Baseline before C1 | E4: Commercial_1 (FA) | F4: C1 change | G4: Baseline before C2 | H4: Commercial_2 (FA) | I4: C2 change | J4: Difference (C2 change minus C1 change) | K4: Liking_Commercial_1_1to7 | L4: Liking_Commercial_2_1to7 | N4: Statistic | O4: Value | P4: Formula shown | Q4: Note
A5: P02 | B5: =INDEX(Data!$M$2:$M$313,MATCH($A5,Data!$B$2:$B$313,0)) | C5: =INDEX(Data!$N$2:$N$313,MATCH($A5,Data!$B$2:$B$313,0)) | D5: =IF($C5="C1first",SUMIFS(Data!$K$2:$K$313,Data!$B$2:$B$313,$A5,Data!$O$2:$O$313,"Baseline_1"),SUMIFS(Data!$K$2:$K$313,Data!$B$2:$B$313,$A5,Data!$O$2:$O$313,"Baseline_2")) | E5: =SUMIFS(Data!$K$2:$K$313,Data!$B$2:$B$313,$A5,Data!$O$2:$O$313,"C1") | F5: =E5-D5 | G5: =IF($C5="C1first",SUMIFS(Data!$K$2:$K$313,Data!$B$2:$B$313,$A5,Data!$O$2:$O$313,"Baseline_2"),SUMIFS(Data!$K$2:$K$313,Data!$B$2:$B$313,$A5,Data!$O$2:$O$313,"Baseline_1")) | H5: =SUMIFS(Data!$K$2:$K$313,Data!$B$2:$B$313,$A5,Data!$O$2:$O$313,"C2") | I5: =H5-G5 | J5: =I5-F5 | K5: =INDEX(Survey!$F$2:$F$49,MATCH($A5,Survey!$B$2:$B$49,0)) | L5: =INDEX(Survey!$G$2:$G$49,MATCH($A5,Survey!$B$2:$B$49,0)) | N5: H3: paired t on the two changes, all kept respondents, n = 45
A6: P05 | B6: =INDEX(Data!$M$2:$M$313,MATCH($A6,Data!$B$2:$B$313,0)) | C6: =INDEX(Data!$N$2:$N$313,MATCH($A6,Data!$B$2:$B$313,0)) | D6: =IF($C6="C1first",SUMIFS(Data!$K$2:$K$313,Data!$B$2:$B$313,$A6,Data!$O$2:$O$313,"Baseline_1"),SUMIFS(Data!$K$2:$K$313,Data!$B$2:$B$313,$A6,Data!$O$2:$O$313,"Baseline_2")) | E6: =SUMIFS(Data!$K$2:$K$313,Data!$B$2:$B$313,$A6,Data!$O$2:$O$313,"C1") | F6: =E6-D6 | G6: =IF($C6="C1first",SUMIFS(Data!$K$2:$K$313,Data!$B$2:$B$313,$A6,Data!$O$2:$O$313,"Baseline_2"),SUMIFS(Data!$K$2:$K$313,Data!$B$2:$B$313,$A6,Data!$O$2:$O$313,"Baseline_1")) | H6: =SUMIFS(Data!$K$2:$K$313,Data!$B$2:$B$313,$A6,Data!$O$2:$O$313,"C2") | I6: =H6-G6 | J6: =I6-F6 | K6: =INDEX(Survey!$F$2:$F$49,MATCH($A6,Survey!$B$2:$B$49,0)) | L6: =INDEX(Survey!$G$2:$G$49,MATCH($A6,Survey!$B$2:$B$49,0)) | N6: C1 change mean (FA) | O6: =AVERAGE(F5:F49) | P6: =AVERAGE(F5:F49) | Q6: AVERAGE of the reference column
A7: P08 | B7: =INDEX(Data!$M$2:$M$313,MATCH($A7,Data!$B$2:$B$313,0)) | C7: =INDEX(Data!$N$2:$N$313,MATCH($A7,Data!$B$2:$B$313,0)) | D7: =IF($C7="C1first",SUMIFS(Data!$K$2:$K$313,Data!$B$2:$B$313,$A7,Data!$O$2:$O$313,"Baseline_1"),SUMIFS(Data!$K$2:$K$313,Data!$B$2:$B$313,$A7,Data!$O$2:$O$313,"Baseline_2")) | E7: =SUMIFS(Data!$K$2:$K$313,Data!$B$2:$B$313,$A7,Data!$O$2:$O$313,"C1") | F7: =E7-D7 | G7: =IF($C7="C1first",SUMIFS(Data!$K$2:$K$313,Data!$B$2:$B$313,$A7,Data!$O$2:$O$313,"Baseline_2"),SUMIFS(Data!$K$2:$K$313,Data!$B$2:$B$313,$A7,Data!$O$2:$O$313,"Baseline_1")) | H7: =SUMIFS(Data!$K$2:$K$313,Data!$B$2:$B$313,$A7,Data!$O$2:$O$313,"C2") | I7: =H7-G7 | J7: =I7-F7 | K7: =INDEX(Survey!$F$2:$F$49,MATCH($A7,Survey!$B$2:$B$49,0)) | L7: =INDEX(Survey!$G$2:$G$49,MATCH($A7,Survey!$B$2:$B$49,0)) | N7: C1 change SD | O7: =_xlfn.STDEV.S(F5:F49) | P7: =STDEV.S(F5:F49) | Q7: STDEV.S = sample standard deviation
A8: P09 | B8: =INDEX(Data!$M$2:$M$313,MATCH($A8,Data!$B$2:$B$313,0)) | C8: =INDEX(Data!$N$2:$N$313,MATCH($A8,Data!$B$2:$B$313,0)) | D8: =IF($C8="C1first",SUMIFS(Data!$K$2:$K$313,Data!$B$2:$B$313,$A8,Data!$O$2:$O$313,"Baseline_1"),SUMIFS(Data!$K$2:$K$313,Data!$B$2:$B$313,$A8,Data!$O$2:$O$313,"Baseline_2")) | E8: =SUMIFS(Data!$K$2:$K$313,Data!$B$2:$B$313,$A8,Data!$O$2:$O$313,"C1") | F8: =E8-D8 | G8: =IF($C8="C1first",SUMIFS(Data!$K$2:$K$313,Data!$B$2:$B$313,$A8,Data!$O$2:$O$313,"Baseline_2"),SUMIFS(Data!$K$2:$K$313,Data!$B$2:$B$313,$A8,Data!$O$2:$O$313,"Baseline_1")) | H8: =SUMIFS(Data!$K$2:$K$313,Data!$B$2:$B$313,$A8,Data!$O$2:$O$313,"C2") | I8: =H8-G8 | J8: =I8-F8 | K8: =INDEX(Survey!$F$2:$F$49,MATCH($A8,Survey!$B$2:$B$49,0)) | L8: =INDEX(Survey!$G$2:$G$49,MATCH($A8,Survey!$B$2:$B$49,0)) | N8: C2 change mean (FA) | O8: =AVERAGE(I5:I49) | P8: =AVERAGE(I5:I49)
A9: P11 | B9: =INDEX(Data!$M$2:$M$313,MATCH($A9,Data!$B$2:$B$313,0)) | C9: =INDEX(Data!$N$2:$N$313,MATCH($A9,Data!$B$2:$B$313,0)) | D9: =IF($C9="C1first",SUMIFS(Data!$K$2:$K$313,Data!$B$2:$B$313,$A9,Data!$O$2:$O$313,"Baseline_1"),SUMIFS(Data!$K$2:$K$313,Data!$B$2:$B$313,$A9,Data!$O$2:$O$313,"Baseline_2")) | E9: =SUMIFS(Data!$K$2:$K$313,Data!$B$2:$B$313,$A9,Data!$O$2:$O$313,"C1") | F9: =E9-D9 | G9: =IF($C9="C1first",SUMIFS(Data!$K$2:$K$313,Data!$B$2:$B$313,$A9,Data!$O$2:$O$313,"Baseline_2"),SUMIFS(Data!$K$2:$K$313,Data!$B$2:$B$313,$A9,Data!$O$2:$O$313,"Baseline_1")) | H9: =SUMIFS(Data!$K$2:$K$313,Data!$B$2:$B$313,$A9,Data!$O$2:$O$313,"C2") | I9: =H9-G9 | J9: =I9-F9 | K9: =INDEX(Survey!$F$2:$F$49,MATCH($A9,Survey!$B$2:$B$49,0)) | L9: =INDEX(Survey!$G$2:$G$49,MATCH($A9,Survey!$B$2:$B$49,0)) | N9: C2 change SD | O9: =_xlfn.STDEV.S(I5:I49) | P9: =STDEV.S(I5:I49)
A10: P13 | B10: =INDEX(Data!$M$2:$M$313,MATCH($A10,Data!$B$2:$B$313,0)) | C10: =INDEX(Data!$N$2:$N$313,MATCH($A10,Data!$B$2:$B$313,0)) | D10: =IF($C10="C1first",SUMIFS(Data!$K$2:$K$313,Data!$B$2:$B$313,$A10,Data!$O$2:$O$313,"Baseline_1"),SUMIFS(Data!$K$2:$K$313,Data!$B$2:$B$313,$A10,Data!$O$2:$O$313,"Baseline_2")) | E10: =SUMIFS(Data!$K$2:$K$313,Data!$B$2:$B$313,$A10,Data!$O$2:$O$313,"C1") | F10: =E10-D10 | G10: =IF($C10="C1first",SUMIFS(Data!$K$2:$K$313,Data!$B$2:$B$313,$A10,Data!$O$2:$O$313,"Baseline_2"),SUMIFS(Data!$K$2:$K$313,Data!$B$2:$B$313,$A10,Data!$O$2:$O$313,"Baseline_1")) | H10: =SUMIFS(Data!$K$2:$K$313,Data!$B$2:$B$313,$A10,Data!$O$2:$O$313,"C2") | I10: =H10-G10 | J10: =I10-F10 | K10: =INDEX(Survey!$F$2:$F$49,MATCH($A10,Survey!$B$2:$B$49,0)) | L10: =INDEX(Survey!$G$2:$G$49,MATCH($A10,Survey!$B$2:$B$49,0)) | N10: n (respondents) | O10: =COUNT(J5:J49) | P10: =COUNT(J5:J49) | Q10: must equal the check below
A11: P14 | B11: =INDEX(Data!$M$2:$M$313,MATCH($A11,Data!$B$2:$B$313,0)) | C11: =INDEX(Data!$N$2:$N$313,MATCH($A11,Data!$B$2:$B$313,0)) | D11: =IF($C11="C1first",SUMIFS(Data!$K$2:$K$313,Data!$B$2:$B$313,$A11,Data!$O$2:$O$313,"Baseline_1"),SUMIFS(Data!$K$2:$K$313,Data!$B$2:$B$313,$A11,Data!$O$2:$O$313,"Baseline_2")) | E11: =SUMIFS(Data!$K$2:$K$313,Data!$B$2:$B$313,$A11,Data!$O$2:$O$313,"C1") | F11: =E11-D11 | G11: =IF($C11="C1first",SUMIFS(Data!$K$2:$K$313,Data!$B$2:$B$313,$A11,Data!$O$2:$O$313,"Baseline_2"),SUMIFS(Data!$K$2:$K$313,Data!$B$2:$B$313,$A11,Data!$O$2:$O$313,"Baseline_1")) | H11: =SUMIFS(Data!$K$2:$K$313,Data!$B$2:$B$313,$A11,Data!$O$2:$O$313,"C2") | I11: =H11-G11 | J11: =I11-F11 | K11: =INDEX(Survey!$F$2:$F$49,MATCH($A11,Survey!$B$2:$B$49,0)) | L11: =INDEX(Survey!$G$2:$G$49,MATCH($A11,Survey!$B$2:$B$49,0)) | N11: Mean change, C2 change minus C1 change | O11: =AVERAGE(J5:J49) | P11: =AVERAGE(J5:J49)
A12: P20 | B12: =INDEX(Data!$M$2:$M$313,MATCH($A12,Data!$B$2:$B$313,0)) | C12: =INDEX(Data!$N$2:$N$313,MATCH($A12,Data!$B$2:$B$313,0)) | D12: =IF($C12="C1first",SUMIFS(Data!$K$2:$K$313,Data!$B$2:$B$313,$A12,Data!$O$2:$O$313,"Baseline_1"),SUMIFS(Data!$K$2:$K$313,Data!$B$2:$B$313,$A12,Data!$O$2:$O$313,"Baseline_2")) | E12: =SUMIFS(Data!$K$2:$K$313,Data!$B$2:$B$313,$A12,Data!$O$2:$O$313,"C1") | F12: =E12-D12 | G12: =IF($C12="C1first",SUMIFS(Data!$K$2:$K$313,Data!$B$2:$B$313,$A12,Data!$O$2:$O$313,"Baseline_2"),SUMIFS(Data!$K$2:$K$313,Data!$B$2:$B$313,$A12,Data!$O$2:$O$313,"Baseline_1")) | H12: =SUMIFS(Data!$K$2:$K$313,Data!$B$2:$B$313,$A12,Data!$O$2:$O$313,"C2") | I12: =H12-G12 | J12: =I12-F12 | K12: =INDEX(Survey!$F$2:$F$49,MATCH($A12,Survey!$B$2:$B$49,0)) | L12: =INDEX(Survey!$G$2:$G$49,MATCH($A12,Survey!$B$2:$B$49,0)) | N12: SD of the changes | O12: =_xlfn.STDEV.S(J5:J49) | P12: =STDEV.S(J5:J49) | Q12: the SD that matters in a paired design
A13: P23 | B13: =INDEX(Data!$M$2:$M$313,MATCH($A13,Data!$B$2:$B$313,0)) | C13: =INDEX(Data!$N$2:$N$313,MATCH($A13,Data!$B$2:$B$313,0)) | D13: =IF($C13="C1first",SUMIFS(Data!$K$2:$K$313,Data!$B$2:$B$313,$A13,Data!$O$2:$O$313,"Baseline_1"),SUMIFS(Data!$K$2:$K$313,Data!$B$2:$B$313,$A13,Data!$O$2:$O$313,"Baseline_2")) | E13: =SUMIFS(Data!$K$2:$K$313,Data!$B$2:$B$313,$A13,Data!$O$2:$O$313,"C1") | F13: =E13-D13 | G13: =IF($C13="C1first",SUMIFS(Data!$K$2:$K$313,Data!$B$2:$B$313,$A13,Data!$O$2:$O$313,"Baseline_2"),SUMIFS(Data!$K$2:$K$313,Data!$B$2:$B$313,$A13,Data!$O$2:$O$313,"Baseline_1")) | H13: =SUMIFS(Data!$K$2:$K$313,Data!$B$2:$B$313,$A13,Data!$O$2:$O$313,"C2") | I13: =H13-G13 | J13: =I13-F13 | K13: =INDEX(Survey!$F$2:$F$49,MATCH($A13,Survey!$B$2:$B$49,0)) | L13: =INDEX(Survey!$G$2:$G$49,MATCH($A13,Survey!$B$2:$B$49,0)) | N13: SE of the mean change | O13: =O12/SQRT(O10) | P13: =O12/SQRT(O10) | Q13: SD of the changes / sqrt(n)
A14: P24 | B14: =INDEX(Data!$M$2:$M$313,MATCH($A14,Data!$B$2:$B$313,0)) | C14: =INDEX(Data!$N$2:$N$313,MATCH($A14,Data!$B$2:$B$313,0)) | D14: =IF($C14="C1first",SUMIFS(Data!$K$2:$K$313,Data!$B$2:$B$313,$A14,Data!$O$2:$O$313,"Baseline_1"),SUMIFS(Data!$K$2:$K$313,Data!$B$2:$B$313,$A14,Data!$O$2:$O$313,"Baseline_2")) | E14: =SUMIFS(Data!$K$2:$K$313,Data!$B$2:$B$313,$A14,Data!$O$2:$O$313,"C1") | F14: =E14-D14 | G14: =IF($C14="C1first",SUMIFS(Data!$K$2:$K$313,Data!$B$2:$B$313,$A14,Data!$O$2:$O$313,"Baseline_2"),SUMIFS(Data!$K$2:$K$313,Data!$B$2:$B$313,$A14,Data!$O$2:$O$313,"Baseline_1")) | H14: =SUMIFS(Data!$K$2:$K$313,Data!$B$2:$B$313,$A14,Data!$O$2:$O$313,"C2") | I14: =H14-G14 | J14: =I14-F14 | K14: =INDEX(Survey!$F$2:$F$49,MATCH($A14,Survey!$B$2:$B$49,0)) | L14: =INDEX(Survey!$G$2:$G$49,MATCH($A14,Survey!$B$2:$B$49,0)) | N14: t | O14: =O11/O13 | P14: =O11/O13 | Q14: t = mean change / SE
A15: P28 | B15: =INDEX(Data!$M$2:$M$313,MATCH($A15,Data!$B$2:$B$313,0)) | C15: =INDEX(Data!$N$2:$N$313,MATCH($A15,Data!$B$2:$B$313,0)) | D15: =IF($C15="C1first",SUMIFS(Data!$K$2:$K$313,Data!$B$2:$B$313,$A15,Data!$O$2:$O$313,"Baseline_1"),SUMIFS(Data!$K$2:$K$313,Data!$B$2:$B$313,$A15,Data!$O$2:$O$313,"Baseline_2")) | E15: =SUMIFS(Data!$K$2:$K$313,Data!$B$2:$B$313,$A15,Data!$O$2:$O$313,"C1") | F15: =E15-D15 | G15: =IF($C15="C1first",SUMIFS(Data!$K$2:$K$313,Data!$B$2:$B$313,$A15,Data!$O$2:$O$313,"Baseline_2"),SUMIFS(Data!$K$2:$K$313,Data!$B$2:$B$313,$A15,Data!$O$2:$O$313,"Baseline_1")) | H15: =SUMIFS(Data!$K$2:$K$313,Data!$B$2:$B$313,$A15,Data!$O$2:$O$313,"C2") | I15: =H15-G15 | J15: =I15-F15 | K15: =INDEX(Survey!$F$2:$F$49,MATCH($A15,Survey!$B$2:$B$49,0)) | L15: =INDEX(Survey!$G$2:$G$49,MATCH($A15,Survey!$B$2:$B$49,0)) | N15: df | O15: =O10-1 | P15: =O10-1 | Q15: n minus 1
A16: P30 | B16: =INDEX(Data!$M$2:$M$313,MATCH($A16,Data!$B$2:$B$313,0)) | C16: =INDEX(Data!$N$2:$N$313,MATCH($A16,Data!$B$2:$B$313,0)) | D16: =IF($C16="C1first",SUMIFS(Data!$K$2:$K$313,Data!$B$2:$B$313,$A16,Data!$O$2:$O$313,"Baseline_1"),SUMIFS(Data!$K$2:$K$313,Data!$B$2:$B$313,$A16,Data!$O$2:$O$313,"Baseline_2")) | E16: =SUMIFS(Data!$K$2:$K$313,Data!$B$2:$B$313,$A16,Data!$O$2:$O$313,"C1") | F16: =E16-D16 | G16: =IF($C16="C1first",SUMIFS(Data!$K$2:$K$313,Data!$B$2:$B$313,$A16,Data!$O$2:$O$313,"Baseline_2"),SUMIFS(Data!$K$2:$K$313,Data!$B$2:$B$313,$A16,Data!$O$2:$O$313,"Baseline_1")) | H16: =SUMIFS(Data!$K$2:$K$313,Data!$B$2:$B$313,$A16,Data!$O$2:$O$313,"C2") | I16: =H16-G16 | J16: =I16-F16 | K16: =INDEX(Survey!$F$2:$F$49,MATCH($A16,Survey!$B$2:$B$49,0)) | L16: =INDEX(Survey!$G$2:$G$49,MATCH($A16,Survey!$B$2:$B$49,0)) | N16: p, two tailed (T.TEST type 1) | O16: =_xlfn.T.TEST(F5:F49,I5:I49,2,1) | P16: =T.TEST(F5:F49,I5:I49,2,1) | Q16: tails = 2, type = 1 means paired
A17: P31 | B17: =INDEX(Data!$M$2:$M$313,MATCH($A17,Data!$B$2:$B$313,0)) | C17: =INDEX(Data!$N$2:$N$313,MATCH($A17,Data!$B$2:$B$313,0)) | D17: =IF($C17="C1first",SUMIFS(Data!$K$2:$K$313,Data!$B$2:$B$313,$A17,Data!$O$2:$O$313,"Baseline_1"),SUMIFS(Data!$K$2:$K$313,Data!$B$2:$B$313,$A17,Data!$O$2:$O$313,"Baseline_2")) | E17: =SUMIFS(Data!$K$2:$K$313,Data!$B$2:$B$313,$A17,Data!$O$2:$O$313,"C1") | F17: =E17-D17 | G17: =IF($C17="C1first",SUMIFS(Data!$K$2:$K$313,Data!$B$2:$B$313,$A17,Data!$O$2:$O$313,"Baseline_2"),SUMIFS(Data!$K$2:$K$313,Data!$B$2:$B$313,$A17,Data!$O$2:$O$313,"Baseline_1")) | H17: =SUMIFS(Data!$K$2:$K$313,Data!$B$2:$B$313,$A17,Data!$O$2:$O$313,"C2") | I17: =H17-G17 | J17: =I17-F17 | K17: =INDEX(Survey!$F$2:$F$49,MATCH($A17,Survey!$B$2:$B$49,0)) | L17: =INDEX(Survey!$G$2:$G$49,MATCH($A17,Survey!$B$2:$B$49,0)) | N17: p from the hand computed t | O17: =_xlfn.T.DIST.2T(ABS(O14),O15) | P17: =T.DIST.2T(ABS(O14),O15) | Q17: must match the T.TEST cell
A18: P34 | B18: =INDEX(Data!$M$2:$M$313,MATCH($A18,Data!$B$2:$B$313,0)) | C18: =INDEX(Data!$N$2:$N$313,MATCH($A18,Data!$B$2:$B$313,0)) | D18: =IF($C18="C1first",SUMIFS(Data!$K$2:$K$313,Data!$B$2:$B$313,$A18,Data!$O$2:$O$313,"Baseline_1"),SUMIFS(Data!$K$2:$K$313,Data!$B$2:$B$313,$A18,Data!$O$2:$O$313,"Baseline_2")) | E18: =SUMIFS(Data!$K$2:$K$313,Data!$B$2:$B$313,$A18,Data!$O$2:$O$313,"C1") | F18: =E18-D18 | G18: =IF($C18="C1first",SUMIFS(Data!$K$2:$K$313,Data!$B$2:$B$313,$A18,Data!$O$2:$O$313,"Baseline_2"),SUMIFS(Data!$K$2:$K$313,Data!$B$2:$B$313,$A18,Data!$O$2:$O$313,"Baseline_1")) | H18: =SUMIFS(Data!$K$2:$K$313,Data!$B$2:$B$313,$A18,Data!$O$2:$O$313,"C2") | I18: =H18-G18 | J18: =I18-F18 | K18: =INDEX(Survey!$F$2:$F$49,MATCH($A18,Survey!$B$2:$B$49,0)) | L18: =INDEX(Survey!$G$2:$G$49,MATCH($A18,Survey!$B$2:$B$49,0)) | N18: p, one tailed (teaching only) | O18: =_xlfn.T.DIST.RT(O14,O15) | P18: =T.DIST.RT(O14,O15) | Q18: right tail: the predicted direction is positive
A19: P35 | B19: =INDEX(Data!$M$2:$M$313,MATCH($A19,Data!$B$2:$B$313,0)) | C19: =INDEX(Data!$N$2:$N$313,MATCH($A19,Data!$B$2:$B$313,0)) | D19: =IF($C19="C1first",SUMIFS(Data!$K$2:$K$313,Data!$B$2:$B$313,$A19,Data!$O$2:$O$313,"Baseline_1"),SUMIFS(Data!$K$2:$K$313,Data!$B$2:$B$313,$A19,Data!$O$2:$O$313,"Baseline_2")) | E19: =SUMIFS(Data!$K$2:$K$313,Data!$B$2:$B$313,$A19,Data!$O$2:$O$313,"C1") | F19: =E19-D19 | G19: =IF($C19="C1first",SUMIFS(Data!$K$2:$K$313,Data!$B$2:$B$313,$A19,Data!$O$2:$O$313,"Baseline_2"),SUMIFS(Data!$K$2:$K$313,Data!$B$2:$B$313,$A19,Data!$O$2:$O$313,"Baseline_1")) | H19: =SUMIFS(Data!$K$2:$K$313,Data!$B$2:$B$313,$A19,Data!$O$2:$O$313,"C2") | I19: =H19-G19 | J19: =I19-F19 | K19: =INDEX(Survey!$F$2:$F$49,MATCH($A19,Survey!$B$2:$B$49,0)) | L19: =INDEX(Survey!$G$2:$G$49,MATCH($A19,Survey!$B$2:$B$49,0)) | N19: Critical t (95%) | O19: =_xlfn.T.INV.2T(0.05,O15) | P19: =T.INV.2T(0.05,O15) | Q19: two tailed, alpha = .05
A20: P37 | B20: =INDEX(Data!$M$2:$M$313,MATCH($A20,Data!$B$2:$B$313,0)) | C20: =INDEX(Data!$N$2:$N$313,MATCH($A20,Data!$B$2:$B$313,0)) | D20: =IF($C20="C1first",SUMIFS(Data!$K$2:$K$313,Data!$B$2:$B$313,$A20,Data!$O$2:$O$313,"Baseline_1"),SUMIFS(Data!$K$2:$K$313,Data!$B$2:$B$313,$A20,Data!$O$2:$O$313,"Baseline_2")) | E20: =SUMIFS(Data!$K$2:$K$313,Data!$B$2:$B$313,$A20,Data!$O$2:$O$313,"C1") | F20: =E20-D20 | G20: =IF($C20="C1first",SUMIFS(Data!$K$2:$K$313,Data!$B$2:$B$313,$A20,Data!$O$2:$O$313,"Baseline_2"),SUMIFS(Data!$K$2:$K$313,Data!$B$2:$B$313,$A20,Data!$O$2:$O$313,"Baseline_1")) | H20: =SUMIFS(Data!$K$2:$K$313,Data!$B$2:$B$313,$A20,Data!$O$2:$O$313,"C2") | I20: =H20-G20 | J20: =I20-F20 | K20: =INDEX(Survey!$F$2:$F$49,MATCH($A20,Survey!$B$2:$B$49,0)) | L20: =INDEX(Survey!$G$2:$G$49,MATCH($A20,Survey!$B$2:$B$49,0)) | N20: Mean change 95% CI lower | O20: =O11-O19*O13 | P20: =O11-O19*O13
A21: P38 | B21: =INDEX(Data!$M$2:$M$313,MATCH($A21,Data!$B$2:$B$313,0)) | C21: =INDEX(Data!$N$2:$N$313,MATCH($A21,Data!$B$2:$B$313,0)) | D21: =IF($C21="C1first",SUMIFS(Data!$K$2:$K$313,Data!$B$2:$B$313,$A21,Data!$O$2:$O$313,"Baseline_1"),SUMIFS(Data!$K$2:$K$313,Data!$B$2:$B$313,$A21,Data!$O$2:$O$313,"Baseline_2")) | E21: =SUMIFS(Data!$K$2:$K$313,Data!$B$2:$B$313,$A21,Data!$O$2:$O$313,"C1") | F21: =E21-D21 | G21: =IF($C21="C1first",SUMIFS(Data!$K$2:$K$313,Data!$B$2:$B$313,$A21,Data!$O$2:$O$313,"Baseline_2"),SUMIFS(Data!$K$2:$K$313,Data!$B$2:$B$313,$A21,Data!$O$2:$O$313,"Baseline_1")) | H21: =SUMIFS(Data!$K$2:$K$313,Data!$B$2:$B$313,$A21,Data!$O$2:$O$313,"C2") | I21: =H21-G21 | J21: =I21-F21 | K21: =INDEX(Survey!$F$2:$F$49,MATCH($A21,Survey!$B$2:$B$49,0)) | L21: =INDEX(Survey!$G$2:$G$49,MATCH($A21,Survey!$B$2:$B$49,0)) | N21: Mean change 95% CI upper | O21: =O11+O19*O13 | P21: =O11+O19*O13
A22: P44 | B22: =INDEX(Data!$M$2:$M$313,MATCH($A22,Data!$B$2:$B$313,0)) | C22: =INDEX(Data!$N$2:$N$313,MATCH($A22,Data!$B$2:$B$313,0)) | D22: =IF($C22="C1first",SUMIFS(Data!$K$2:$K$313,Data!$B$2:$B$313,$A22,Data!$O$2:$O$313,"Baseline_1"),SUMIFS(Data!$K$2:$K$313,Data!$B$2:$B$313,$A22,Data!$O$2:$O$313,"Baseline_2")) | E22: =SUMIFS(Data!$K$2:$K$313,Data!$B$2:$B$313,$A22,Data!$O$2:$O$313,"C1") | F22: =E22-D22 | G22: =IF($C22="C1first",SUMIFS(Data!$K$2:$K$313,Data!$B$2:$B$313,$A22,Data!$O$2:$O$313,"Baseline_2"),SUMIFS(Data!$K$2:$K$313,Data!$B$2:$B$313,$A22,Data!$O$2:$O$313,"Baseline_1")) | H22: =SUMIFS(Data!$K$2:$K$313,Data!$B$2:$B$313,$A22,Data!$O$2:$O$313,"C2") | I22: =H22-G22 | J22: =I22-F22 | K22: =INDEX(Survey!$F$2:$F$49,MATCH($A22,Survey!$B$2:$B$49,0)) | L22: =INDEX(Survey!$G$2:$G$49,MATCH($A22,Survey!$B$2:$B$49,0)) | N22: Cohen's d_z | O22: =O11/O12 | P22: =O11/O12 | Q22: d_z = mean change / SD of the changes
A23: P46 | B23: =INDEX(Data!$M$2:$M$313,MATCH($A23,Data!$B$2:$B$313,0)) | C23: =INDEX(Data!$N$2:$N$313,MATCH($A23,Data!$B$2:$B$313,0)) | D23: =IF($C23="C1first",SUMIFS(Data!$K$2:$K$313,Data!$B$2:$B$313,$A23,Data!$O$2:$O$313,"Baseline_1"),SUMIFS(Data!$K$2:$K$313,Data!$B$2:$B$313,$A23,Data!$O$2:$O$313,"Baseline_2")) | E23: =SUMIFS(Data!$K$2:$K$313,Data!$B$2:$B$313,$A23,Data!$O$2:$O$313,"C1") | F23: =E23-D23 | G23: =IF($C23="C1first",SUMIFS(Data!$K$2:$K$313,Data!$B$2:$B$313,$A23,Data!$O$2:$O$313,"Baseline_2"),SUMIFS(Data!$K$2:$K$313,Data!$B$2:$B$313,$A23,Data!$O$2:$O$313,"Baseline_1")) | H23: =SUMIFS(Data!$K$2:$K$313,Data!$B$2:$B$313,$A23,Data!$O$2:$O$313,"C2") | I23: =H23-G23 | J23: =I23-F23 | K23: =INDEX(Survey!$F$2:$F$49,MATCH($A23,Survey!$B$2:$B$49,0)) | L23: =INDEX(Survey!$G$2:$G$49,MATCH($A23,Survey!$B$2:$B$49,0)) | N23: SE of d_z (approximation) | O23: =SQRT(1/O10+O22^2/(2*O10)) | P23: =SQRT(1/O10+O22^2/(2*O10)) | Q23: sqrt(1/n + d_z^2 / (2 n))
A24: P47 | B24: =INDEX(Data!$M$2:$M$313,MATCH($A24,Data!$B$2:$B$313,0)) | C24: =INDEX(Data!$N$2:$N$313,MATCH($A24,Data!$B$2:$B$313,0)) | D24: =IF($C24="C1first",SUMIFS(Data!$K$2:$K$313,Data!$B$2:$B$313,$A24,Data!$O$2:$O$313,"Baseline_1"),SUMIFS(Data!$K$2:$K$313,Data!$B$2:$B$313,$A24,Data!$O$2:$O$313,"Baseline_2")) | E24: =SUMIFS(Data!$K$2:$K$313,Data!$B$2:$B$313,$A24,Data!$O$2:$O$313,"C1") | F24: =E24-D24 | G24: =IF($C24="C1first",SUMIFS(Data!$K$2:$K$313,Data!$B$2:$B$313,$A24,Data!$O$2:$O$313,"Baseline_2"),SUMIFS(Data!$K$2:$K$313,Data!$B$2:$B$313,$A24,Data!$O$2:$O$313,"Baseline_1")) | H24: =SUMIFS(Data!$K$2:$K$313,Data!$B$2:$B$313,$A24,Data!$O$2:$O$313,"C2") | I24: =H24-G24 | J24: =I24-F24 | K24: =INDEX(Survey!$F$2:$F$49,MATCH($A24,Survey!$B$2:$B$49,0)) | L24: =INDEX(Survey!$G$2:$G$49,MATCH($A24,Survey!$B$2:$B$49,0)) | N24: d_z 95% CI lower (approximation) | O24: =O22-1.96*O23 | P24: =O22-1.96*O23 | Q24: R also gives the exact noncentral t interval
A25: P04 | B25: =INDEX(Data!$M$2:$M$313,MATCH($A25,Data!$B$2:$B$313,0)) | C25: =INDEX(Data!$N$2:$N$313,MATCH($A25,Data!$B$2:$B$313,0)) | D25: =IF($C25="C1first",SUMIFS(Data!$K$2:$K$313,Data!$B$2:$B$313,$A25,Data!$O$2:$O$313,"Baseline_1"),SUMIFS(Data!$K$2:$K$313,Data!$B$2:$B$313,$A25,Data!$O$2:$O$313,"Baseline_2")) | E25: =SUMIFS(Data!$K$2:$K$313,Data!$B$2:$B$313,$A25,Data!$O$2:$O$313,"C1") | F25: =E25-D25 | G25: =IF($C25="C1first",SUMIFS(Data!$K$2:$K$313,Data!$B$2:$B$313,$A25,Data!$O$2:$O$313,"Baseline_2"),SUMIFS(Data!$K$2:$K$313,Data!$B$2:$B$313,$A25,Data!$O$2:$O$313,"Baseline_1")) | H25: =SUMIFS(Data!$K$2:$K$313,Data!$B$2:$B$313,$A25,Data!$O$2:$O$313,"C2") | I25: =H25-G25 | J25: =I25-F25 | K25: =INDEX(Survey!$F$2:$F$49,MATCH($A25,Survey!$B$2:$B$49,0)) | L25: =INDEX(Survey!$G$2:$G$49,MATCH($A25,Survey!$B$2:$B$49,0)) | N25: d_z 95% CI upper (approximation) | O25: =O22+1.96*O23 | P25: =O22+1.96*O23
A26: P18 | B26: =INDEX(Data!$M$2:$M$313,MATCH($A26,Data!$B$2:$B$313,0)) | C26: =INDEX(Data!$N$2:$N$313,MATCH($A26,Data!$B$2:$B$313,0)) | D26: =IF($C26="C1first",SUMIFS(Data!$K$2:$K$313,Data!$B$2:$B$313,$A26,Data!$O$2:$O$313,"Baseline_1"),SUMIFS(Data!$K$2:$K$313,Data!$B$2:$B$313,$A26,Data!$O$2:$O$313,"Baseline_2")) | E26: =SUMIFS(Data!$K$2:$K$313,Data!$B$2:$B$313,$A26,Data!$O$2:$O$313,"C1") | F26: =E26-D26 | G26: =IF($C26="C1first",SUMIFS(Data!$K$2:$K$313,Data!$B$2:$B$313,$A26,Data!$O$2:$O$313,"Baseline_2"),SUMIFS(Data!$K$2:$K$313,Data!$B$2:$B$313,$A26,Data!$O$2:$O$313,"Baseline_1")) | H26: =SUMIFS(Data!$K$2:$K$313,Data!$B$2:$B$313,$A26,Data!$O$2:$O$313,"C2") | I26: =H26-G26 | J26: =I26-F26 | K26: =INDEX(Survey!$F$2:$F$49,MATCH($A26,Survey!$B$2:$B$49,0)) | L26: =INDEX(Survey!$G$2:$G$49,MATCH($A26,Survey!$B$2:$B$49,0)) | N26: Correlation of the two columns | O26: =CORREL(F5:F49,I5:I49) | P26: =CORREL(F5:F49,I5:I49) | Q26: how stable a respondent is from one segment to the other
A27: P01 | B27: =INDEX(Data!$M$2:$M$313,MATCH($A27,Data!$B$2:$B$313,0)) | C27: =INDEX(Data!$N$2:$N$313,MATCH($A27,Data!$B$2:$B$313,0)) | D27: =IF($C27="C1first",SUMIFS(Data!$K$2:$K$313,Data!$B$2:$B$313,$A27,Data!$O$2:$O$313,"Baseline_1"),SUMIFS(Data!$K$2:$K$313,Data!$B$2:$B$313,$A27,Data!$O$2:$O$313,"Baseline_2")) | E27: =SUMIFS(Data!$K$2:$K$313,Data!$B$2:$B$313,$A27,Data!$O$2:$O$313,"C1") | F27: =E27-D27 | G27: =IF($C27="C1first",SUMIFS(Data!$K$2:$K$313,Data!$B$2:$B$313,$A27,Data!$O$2:$O$313,"Baseline_2"),SUMIFS(Data!$K$2:$K$313,Data!$B$2:$B$313,$A27,Data!$O$2:$O$313,"Baseline_1")) | H27: =SUMIFS(Data!$K$2:$K$313,Data!$B$2:$B$313,$A27,Data!$O$2:$O$313,"C2") | I27: =H27-G27 | J27: =I27-F27 | K27: =INDEX(Survey!$F$2:$F$49,MATCH($A27,Survey!$B$2:$B$49,0)) | L27: =INDEX(Survey!$G$2:$G$49,MATCH($A27,Survey!$B$2:$B$49,0)) | N27: Respondents with a positive change | O27: =COUNTIF(J5:J49,">0") | P27: =COUNTIF(J5:J49,">0")
A28: P03 | B28: =INDEX(Data!$M$2:$M$313,MATCH($A28,Data!$B$2:$B$313,0)) | C28: =INDEX(Data!$N$2:$N$313,MATCH($A28,Data!$B$2:$B$313,0)) | D28: =IF($C28="C1first",SUMIFS(Data!$K$2:$K$313,Data!$B$2:$B$313,$A28,Data!$O$2:$O$313,"Baseline_1"),SUMIFS(Data!$K$2:$K$313,Data!$B$2:$B$313,$A28,Data!$O$2:$O$313,"Baseline_2")) | E28: =SUMIFS(Data!$K$2:$K$313,Data!$B$2:$B$313,$A28,Data!$O$2:$O$313,"C1") | F28: =E28-D28 | G28: =IF($C28="C1first",SUMIFS(Data!$K$2:$K$313,Data!$B$2:$B$313,$A28,Data!$O$2:$O$313,"Baseline_2"),SUMIFS(Data!$K$2:$K$313,Data!$B$2:$B$313,$A28,Data!$O$2:$O$313,"Baseline_1")) | H28: =SUMIFS(Data!$K$2:$K$313,Data!$B$2:$B$313,$A28,Data!$O$2:$O$313,"C2") | I28: =H28-G28 | J28: =I28-F28 | K28: =INDEX(Survey!$F$2:$F$49,MATCH($A28,Survey!$B$2:$B$49,0)) | L28: =INDEX(Survey!$G$2:$G$49,MATCH($A28,Survey!$B$2:$B$49,0))
A29: P06 | B29: =INDEX(Data!$M$2:$M$313,MATCH($A29,Data!$B$2:$B$313,0)) | C29: =INDEX(Data!$N$2:$N$313,MATCH($A29,Data!$B$2:$B$313,0)) | D29: =IF($C29="C1first",SUMIFS(Data!$K$2:$K$313,Data!$B$2:$B$313,$A29,Data!$O$2:$O$313,"Baseline_1"),SUMIFS(Data!$K$2:$K$313,Data!$B$2:$B$313,$A29,Data!$O$2:$O$313,"Baseline_2")) | E29: =SUMIFS(Data!$K$2:$K$313,Data!$B$2:$B$313,$A29,Data!$O$2:$O$313,"C1") | F29: =E29-D29 | G29: =IF($C29="C1first",SUMIFS(Data!$K$2:$K$313,Data!$B$2:$B$313,$A29,Data!$O$2:$O$313,"Baseline_2"),SUMIFS(Data!$K$2:$K$313,Data!$B$2:$B$313,$A29,Data!$O$2:$O$313,"Baseline_1")) | H29: =SUMIFS(Data!$K$2:$K$313,Data!$B$2:$B$313,$A29,Data!$O$2:$O$313,"C2") | I29: =H29-G29 | J29: =I29-F29 | K29: =INDEX(Survey!$F$2:$F$49,MATCH($A29,Survey!$B$2:$B$49,0)) | L29: =INDEX(Survey!$G$2:$G$49,MATCH($A29,Survey!$B$2:$B$49,0)) | N29: Simple estimates (Excel cannot fit the mixed model)
A30: P07 | B30: =INDEX(Data!$M$2:$M$313,MATCH($A30,Data!$B$2:$B$313,0)) | C30: =INDEX(Data!$N$2:$N$313,MATCH($A30,Data!$B$2:$B$313,0)) | D30: =IF($C30="C1first",SUMIFS(Data!$K$2:$K$313,Data!$B$2:$B$313,$A30,Data!$O$2:$O$313,"Baseline_1"),SUMIFS(Data!$K$2:$K$313,Data!$B$2:$B$313,$A30,Data!$O$2:$O$313,"Baseline_2")) | E30: =SUMIFS(Data!$K$2:$K$313,Data!$B$2:$B$313,$A30,Data!$O$2:$O$313,"C1") | F30: =E30-D30 | G30: =IF($C30="C1first",SUMIFS(Data!$K$2:$K$313,Data!$B$2:$B$313,$A30,Data!$O$2:$O$313,"Baseline_2"),SUMIFS(Data!$K$2:$K$313,Data!$B$2:$B$313,$A30,Data!$O$2:$O$313,"Baseline_1")) | H30: =SUMIFS(Data!$K$2:$K$313,Data!$B$2:$B$313,$A30,Data!$O$2:$O$313,"C2") | I30: =H30-G30 | J30: =I30-F30 | K30: =INDEX(Survey!$F$2:$F$49,MATCH($A30,Survey!$B$2:$B$49,0)) | L30: =INDEX(Survey!$G$2:$G$49,MATCH($A30,Survey!$B$2:$B$49,0)) | N30: Mean difference, C1first respondents (Commercial_2 seen second) | O30: =AVERAGEIFS(J5:J49,C5:C49,"C1first") | P30: =AVERAGEIFS(J5:J49,C5:C49,"C1first") | Q30: difference = commercial effect + position effect
A31: P10 | B31: =INDEX(Data!$M$2:$M$313,MATCH($A31,Data!$B$2:$B$313,0)) | C31: =INDEX(Data!$N$2:$N$313,MATCH($A31,Data!$B$2:$B$313,0)) | D31: =IF($C31="C1first",SUMIFS(Data!$K$2:$K$313,Data!$B$2:$B$313,$A31,Data!$O$2:$O$313,"Baseline_1"),SUMIFS(Data!$K$2:$K$313,Data!$B$2:$B$313,$A31,Data!$O$2:$O$313,"Baseline_2")) | E31: =SUMIFS(Data!$K$2:$K$313,Data!$B$2:$B$313,$A31,Data!$O$2:$O$313,"C1") | F31: =E31-D31 | G31: =IF($C31="C1first",SUMIFS(Data!$K$2:$K$313,Data!$B$2:$B$313,$A31,Data!$O$2:$O$313,"Baseline_2"),SUMIFS(Data!$K$2:$K$313,Data!$B$2:$B$313,$A31,Data!$O$2:$O$313,"Baseline_1")) | H31: =SUMIFS(Data!$K$2:$K$313,Data!$B$2:$B$313,$A31,Data!$O$2:$O$313,"C2") | I31: =H31-G31 | J31: =I31-F31 | K31: =INDEX(Survey!$F$2:$F$49,MATCH($A31,Survey!$B$2:$B$49,0)) | L31: =INDEX(Survey!$G$2:$G$49,MATCH($A31,Survey!$B$2:$B$49,0)) | N31: Mean difference, C2first respondents (Commercial_2 seen first) | O31: =AVERAGEIFS(J5:J49,C5:C49,"C2first") | P31: =AVERAGEIFS(J5:J49,C5:C49,"C2first") | Q31: difference = commercial effect - position effect
A32: P12 | B32: =INDEX(Data!$M$2:$M$313,MATCH($A32,Data!$B$2:$B$313,0)) | C32: =INDEX(Data!$N$2:$N$313,MATCH($A32,Data!$B$2:$B$313,0)) | D32: =IF($C32="C1first",SUMIFS(Data!$K$2:$K$313,Data!$B$2:$B$313,$A32,Data!$O$2:$O$313,"Baseline_1"),SUMIFS(Data!$K$2:$K$313,Data!$B$2:$B$313,$A32,Data!$O$2:$O$313,"Baseline_2")) | E32: =SUMIFS(Data!$K$2:$K$313,Data!$B$2:$B$313,$A32,Data!$O$2:$O$313,"C1") | F32: =E32-D32 | G32: =IF($C32="C1first",SUMIFS(Data!$K$2:$K$313,Data!$B$2:$B$313,$A32,Data!$O$2:$O$313,"Baseline_2"),SUMIFS(Data!$K$2:$K$313,Data!$B$2:$B$313,$A32,Data!$O$2:$O$313,"Baseline_1")) | H32: =SUMIFS(Data!$K$2:$K$313,Data!$B$2:$B$313,$A32,Data!$O$2:$O$313,"C2") | I32: =H32-G32 | J32: =I32-F32 | K32: =INDEX(Survey!$F$2:$F$49,MATCH($A32,Survey!$B$2:$B$49,0)) | L32: =INDEX(Survey!$G$2:$G$49,MATCH($A32,Survey!$B$2:$B$49,0)) | N32: n, C1first | O32: =COUNTIF(C5:C49,"C1first") | P32: =COUNTIF(C5:C49,"C1first")
A33: P15 | B33: =INDEX(Data!$M$2:$M$313,MATCH($A33,Data!$B$2:$B$313,0)) | C33: =INDEX(Data!$N$2:$N$313,MATCH($A33,Data!$B$2:$B$313,0)) | D33: =IF($C33="C1first",SUMIFS(Data!$K$2:$K$313,Data!$B$2:$B$313,$A33,Data!$O$2:$O$313,"Baseline_1"),SUMIFS(Data!$K$2:$K$313,Data!$B$2:$B$313,$A33,Data!$O$2:$O$313,"Baseline_2")) | E33: =SUMIFS(Data!$K$2:$K$313,Data!$B$2:$B$313,$A33,Data!$O$2:$O$313,"C1") | F33: =E33-D33 | G33: =IF($C33="C1first",SUMIFS(Data!$K$2:$K$313,Data!$B$2:$B$313,$A33,Data!$O$2:$O$313,"Baseline_2"),SUMIFS(Data!$K$2:$K$313,Data!$B$2:$B$313,$A33,Data!$O$2:$O$313,"Baseline_1")) | H33: =SUMIFS(Data!$K$2:$K$313,Data!$B$2:$B$313,$A33,Data!$O$2:$O$313,"C2") | I33: =H33-G33 | J33: =I33-F33 | K33: =INDEX(Survey!$F$2:$F$49,MATCH($A33,Survey!$B$2:$B$49,0)) | L33: =INDEX(Survey!$G$2:$G$49,MATCH($A33,Survey!$B$2:$B$49,0)) | N33: n, C2first | O33: =COUNTIF(C5:C49,"C2first") | P33: =COUNTIF(C5:C49,"C2first")
A34: P16 | B34: =INDEX(Data!$M$2:$M$313,MATCH($A34,Data!$B$2:$B$313,0)) | C34: =INDEX(Data!$N$2:$N$313,MATCH($A34,Data!$B$2:$B$313,0)) | D34: =IF($C34="C1first",SUMIFS(Data!$K$2:$K$313,Data!$B$2:$B$313,$A34,Data!$O$2:$O$313,"Baseline_1"),SUMIFS(Data!$K$2:$K$313,Data!$B$2:$B$313,$A34,Data!$O$2:$O$313,"Baseline_2")) | E34: =SUMIFS(Data!$K$2:$K$313,Data!$B$2:$B$313,$A34,Data!$O$2:$O$313,"C1") | F34: =E34-D34 | G34: =IF($C34="C1first",SUMIFS(Data!$K$2:$K$313,Data!$B$2:$B$313,$A34,Data!$O$2:$O$313,"Baseline_2"),SUMIFS(Data!$K$2:$K$313,Data!$B$2:$B$313,$A34,Data!$O$2:$O$313,"Baseline_1")) | H34: =SUMIFS(Data!$K$2:$K$313,Data!$B$2:$B$313,$A34,Data!$O$2:$O$313,"C2") | I34: =H34-G34 | J34: =I34-F34 | K34: =INDEX(Survey!$F$2:$F$49,MATCH($A34,Survey!$B$2:$B$49,0)) | L34: =INDEX(Survey!$G$2:$G$49,MATCH($A34,Survey!$B$2:$B$49,0)) | N34: Position (second minus first), simple estimate | O34: =(O30-O31)/2 | P34: =(O30-O31)/2 | Q34: R mixed model: see analysis_output.txt step 9b
A35: P17 | B35: =INDEX(Data!$M$2:$M$313,MATCH($A35,Data!$B$2:$B$313,0)) | C35: =INDEX(Data!$N$2:$N$313,MATCH($A35,Data!$B$2:$B$313,0)) | D35: =IF($C35="C1first",SUMIFS(Data!$K$2:$K$313,Data!$B$2:$B$313,$A35,Data!$O$2:$O$313,"Baseline_1"),SUMIFS(Data!$K$2:$K$313,Data!$B$2:$B$313,$A35,Data!$O$2:$O$313,"Baseline_2")) | E35: =SUMIFS(Data!$K$2:$K$313,Data!$B$2:$B$313,$A35,Data!$O$2:$O$313,"C1") | F35: =E35-D35 | G35: =IF($C35="C1first",SUMIFS(Data!$K$2:$K$313,Data!$B$2:$B$313,$A35,Data!$O$2:$O$313,"Baseline_2"),SUMIFS(Data!$K$2:$K$313,Data!$B$2:$B$313,$A35,Data!$O$2:$O$313,"Baseline_1")) | H35: =SUMIFS(Data!$K$2:$K$313,Data!$B$2:$B$313,$A35,Data!$O$2:$O$313,"C2") | I35: =H35-G35 | J35: =I35-F35 | K35: =INDEX(Survey!$F$2:$F$49,MATCH($A35,Survey!$B$2:$B$49,0)) | L35: =INDEX(Survey!$G$2:$G$49,MATCH($A35,Survey!$B$2:$B$49,0)) | N35: Commercial (Commercial_2 minus Commercial_1), position balanced | O35: =(O30+O31)/2 | P35: =(O30+O31)/2
A36: P19 | B36: =INDEX(Data!$M$2:$M$313,MATCH($A36,Data!$B$2:$B$313,0)) | C36: =INDEX(Data!$N$2:$N$313,MATCH($A36,Data!$B$2:$B$313,0)) | D36: =IF($C36="C1first",SUMIFS(Data!$K$2:$K$313,Data!$B$2:$B$313,$A36,Data!$O$2:$O$313,"Baseline_1"),SUMIFS(Data!$K$2:$K$313,Data!$B$2:$B$313,$A36,Data!$O$2:$O$313,"Baseline_2")) | E36: =SUMIFS(Data!$K$2:$K$313,Data!$B$2:$B$313,$A36,Data!$O$2:$O$313,"C1") | F36: =E36-D36 | G36: =IF($C36="C1first",SUMIFS(Data!$K$2:$K$313,Data!$B$2:$B$313,$A36,Data!$O$2:$O$313,"Baseline_2"),SUMIFS(Data!$K$2:$K$313,Data!$B$2:$B$313,$A36,Data!$O$2:$O$313,"Baseline_1")) | H36: =SUMIFS(Data!$K$2:$K$313,Data!$B$2:$B$313,$A36,Data!$O$2:$O$313,"C2") | I36: =H36-G36 | J36: =I36-F36 | K36: =INDEX(Survey!$F$2:$F$49,MATCH($A36,Survey!$B$2:$B$49,0)) | L36: =INDEX(Survey!$G$2:$G$49,MATCH($A36,Survey!$B$2:$B$49,0)) | N36: Mean difference, Version A | O36: =AVERAGEIFS(J5:J49,B5:B49,"A") | P36: =AVERAGEIFS(J5:J49,B5:B49,"A")
A37: P21 | B37: =INDEX(Data!$M$2:$M$313,MATCH($A37,Data!$B$2:$B$313,0)) | C37: =INDEX(Data!$N$2:$N$313,MATCH($A37,Data!$B$2:$B$313,0)) | D37: =IF($C37="C1first",SUMIFS(Data!$K$2:$K$313,Data!$B$2:$B$313,$A37,Data!$O$2:$O$313,"Baseline_1"),SUMIFS(Data!$K$2:$K$313,Data!$B$2:$B$313,$A37,Data!$O$2:$O$313,"Baseline_2")) | E37: =SUMIFS(Data!$K$2:$K$313,Data!$B$2:$B$313,$A37,Data!$O$2:$O$313,"C1") | F37: =E37-D37 | G37: =IF($C37="C1first",SUMIFS(Data!$K$2:$K$313,Data!$B$2:$B$313,$A37,Data!$O$2:$O$313,"Baseline_2"),SUMIFS(Data!$K$2:$K$313,Data!$B$2:$B$313,$A37,Data!$O$2:$O$313,"Baseline_1")) | H37: =SUMIFS(Data!$K$2:$K$313,Data!$B$2:$B$313,$A37,Data!$O$2:$O$313,"C2") | I37: =H37-G37 | J37: =I37-F37 | K37: =INDEX(Survey!$F$2:$F$49,MATCH($A37,Survey!$B$2:$B$49,0)) | L37: =INDEX(Survey!$G$2:$G$49,MATCH($A37,Survey!$B$2:$B$49,0)) | N37: Mean difference, Version B | O37: =AVERAGEIFS(J5:J49,B5:B49,"B") | P37: =AVERAGEIFS(J5:J49,B5:B49,"B")
A38: P25 | B38: =INDEX(Data!$M$2:$M$313,MATCH($A38,Data!$B$2:$B$313,0)) | C38: =INDEX(Data!$N$2:$N$313,MATCH($A38,Data!$B$2:$B$313,0)) | D38: =IF($C38="C1first",SUMIFS(Data!$K$2:$K$313,Data!$B$2:$B$313,$A38,Data!$O$2:$O$313,"Baseline_1"),SUMIFS(Data!$K$2:$K$313,Data!$B$2:$B$313,$A38,Data!$O$2:$O$313,"Baseline_2")) | E38: =SUMIFS(Data!$K$2:$K$313,Data!$B$2:$B$313,$A38,Data!$O$2:$O$313,"C1") | F38: =E38-D38 | G38: =IF($C38="C1first",SUMIFS(Data!$K$2:$K$313,Data!$B$2:$B$313,$A38,Data!$O$2:$O$313,"Baseline_2"),SUMIFS(Data!$K$2:$K$313,Data!$B$2:$B$313,$A38,Data!$O$2:$O$313,"Baseline_1")) | H38: =SUMIFS(Data!$K$2:$K$313,Data!$B$2:$B$313,$A38,Data!$O$2:$O$313,"C2") | I38: =H38-G38 | J38: =I38-F38 | K38: =INDEX(Survey!$F$2:$F$49,MATCH($A38,Survey!$B$2:$B$49,0)) | L38: =INDEX(Survey!$G$2:$G$49,MATCH($A38,Survey!$B$2:$B$49,0)) | N38: Commercial x version, simple estimate (A minus B) | O38: =O36-O37 | P38: =O36-O37 | Q38: R tests it in the mixed model
A39: P26 | B39: =INDEX(Data!$M$2:$M$313,MATCH($A39,Data!$B$2:$B$313,0)) | C39: =INDEX(Data!$N$2:$N$313,MATCH($A39,Data!$B$2:$B$313,0)) | D39: =IF($C39="C1first",SUMIFS(Data!$K$2:$K$313,Data!$B$2:$B$313,$A39,Data!$O$2:$O$313,"Baseline_1"),SUMIFS(Data!$K$2:$K$313,Data!$B$2:$B$313,$A39,Data!$O$2:$O$313,"Baseline_2")) | E39: =SUMIFS(Data!$K$2:$K$313,Data!$B$2:$B$313,$A39,Data!$O$2:$O$313,"C1") | F39: =E39-D39 | G39: =IF($C39="C1first",SUMIFS(Data!$K$2:$K$313,Data!$B$2:$B$313,$A39,Data!$O$2:$O$313,"Baseline_2"),SUMIFS(Data!$K$2:$K$313,Data!$B$2:$B$313,$A39,Data!$O$2:$O$313,"Baseline_1")) | H39: =SUMIFS(Data!$K$2:$K$313,Data!$B$2:$B$313,$A39,Data!$O$2:$O$313,"C2") | I39: =H39-G39 | J39: =I39-F39 | K39: =INDEX(Survey!$F$2:$F$49,MATCH($A39,Survey!$B$2:$B$49,0)) | L39: =INDEX(Survey!$G$2:$G$49,MATCH($A39,Survey!$B$2:$B$49,0))
A40: P29 | B40: =INDEX(Data!$M$2:$M$313,MATCH($A40,Data!$B$2:$B$313,0)) | C40: =INDEX(Data!$N$2:$N$313,MATCH($A40,Data!$B$2:$B$313,0)) | D40: =IF($C40="C1first",SUMIFS(Data!$K$2:$K$313,Data!$B$2:$B$313,$A40,Data!$O$2:$O$313,"Baseline_1"),SUMIFS(Data!$K$2:$K$313,Data!$B$2:$B$313,$A40,Data!$O$2:$O$313,"Baseline_2")) | E40: =SUMIFS(Data!$K$2:$K$313,Data!$B$2:$B$313,$A40,Data!$O$2:$O$313,"C1") | F40: =E40-D40 | G40: =IF($C40="C1first",SUMIFS(Data!$K$2:$K$313,Data!$B$2:$B$313,$A40,Data!$O$2:$O$313,"Baseline_2"),SUMIFS(Data!$K$2:$K$313,Data!$B$2:$B$313,$A40,Data!$O$2:$O$313,"Baseline_1")) | H40: =SUMIFS(Data!$K$2:$K$313,Data!$B$2:$B$313,$A40,Data!$O$2:$O$313,"C2") | I40: =H40-G40 | J40: =I40-F40 | K40: =INDEX(Survey!$F$2:$F$49,MATCH($A40,Survey!$B$2:$B$49,0)) | L40: =INDEX(Survey!$G$2:$G$49,MATCH($A40,Survey!$B$2:$B$49,0))
A41: P33 | B41: =INDEX(Data!$M$2:$M$313,MATCH($A41,Data!$B$2:$B$313,0)) | C41: =INDEX(Data!$N$2:$N$313,MATCH($A41,Data!$B$2:$B$313,0)) | D41: =IF($C41="C1first",SUMIFS(Data!$K$2:$K$313,Data!$B$2:$B$313,$A41,Data!$O$2:$O$313,"Baseline_1"),SUMIFS(Data!$K$2:$K$313,Data!$B$2:$B$313,$A41,Data!$O$2:$O$313,"Baseline_2")) | E41: =SUMIFS(Data!$K$2:$K$313,Data!$B$2:$B$313,$A41,Data!$O$2:$O$313,"C1") | F41: =E41-D41 | G41: =IF($C41="C1first",SUMIFS(Data!$K$2:$K$313,Data!$B$2:$B$313,$A41,Data!$O$2:$O$313,"Baseline_2"),SUMIFS(Data!$K$2:$K$313,Data!$B$2:$B$313,$A41,Data!$O$2:$O$313,"Baseline_1")) | H41: =SUMIFS(Data!$K$2:$K$313,Data!$B$2:$B$313,$A41,Data!$O$2:$O$313,"C2") | I41: =H41-G41 | J41: =I41-F41 | K41: =INDEX(Survey!$F$2:$F$49,MATCH($A41,Survey!$B$2:$B$49,0)) | L41: =INDEX(Survey!$G$2:$G$49,MATCH($A41,Survey!$B$2:$B$49,0)) | N41: Statistic | O41: Value | P41: Formula shown | Q41: Note
A42: P36 | B42: =INDEX(Data!$M$2:$M$313,MATCH($A42,Data!$B$2:$B$313,0)) | C42: =INDEX(Data!$N$2:$N$313,MATCH($A42,Data!$B$2:$B$313,0)) | D42: =IF($C42="C1first",SUMIFS(Data!$K$2:$K$313,Data!$B$2:$B$313,$A42,Data!$O$2:$O$313,"Baseline_1"),SUMIFS(Data!$K$2:$K$313,Data!$B$2:$B$313,$A42,Data!$O$2:$O$313,"Baseline_2")) | E42: =SUMIFS(Data!$K$2:$K$313,Data!$B$2:$B$313,$A42,Data!$O$2:$O$313,"C1") | F42: =E42-D42 | G42: =IF($C42="C1first",SUMIFS(Data!$K$2:$K$313,Data!$B$2:$B$313,$A42,Data!$O$2:$O$313,"Baseline_2"),SUMIFS(Data!$K$2:$K$313,Data!$B$2:$B$313,$A42,Data!$O$2:$O$313,"Baseline_1")) | H42: =SUMIFS(Data!$K$2:$K$313,Data!$B$2:$B$313,$A42,Data!$O$2:$O$313,"C2") | I42: =H42-G42 | J42: =I42-F42 | K42: =INDEX(Survey!$F$2:$F$49,MATCH($A42,Survey!$B$2:$B$49,0)) | L42: =INDEX(Survey!$G$2:$G$49,MATCH($A42,Survey!$B$2:$B$49,0)) | N42: Exploratory: Commercial_1 change with Liking_Commercial_1_1to7
A43: P39 | B43: =INDEX(Data!$M$2:$M$313,MATCH($A43,Data!$B$2:$B$313,0)) | C43: =INDEX(Data!$N$2:$N$313,MATCH($A43,Data!$B$2:$B$313,0)) | D43: =IF($C43="C1first",SUMIFS(Data!$K$2:$K$313,Data!$B$2:$B$313,$A43,Data!$O$2:$O$313,"Baseline_1"),SUMIFS(Data!$K$2:$K$313,Data!$B$2:$B$313,$A43,Data!$O$2:$O$313,"Baseline_2")) | E43: =SUMIFS(Data!$K$2:$K$313,Data!$B$2:$B$313,$A43,Data!$O$2:$O$313,"C1") | F43: =E43-D43 | G43: =IF($C43="C1first",SUMIFS(Data!$K$2:$K$313,Data!$B$2:$B$313,$A43,Data!$O$2:$O$313,"Baseline_2"),SUMIFS(Data!$K$2:$K$313,Data!$B$2:$B$313,$A43,Data!$O$2:$O$313,"Baseline_1")) | H43: =SUMIFS(Data!$K$2:$K$313,Data!$B$2:$B$313,$A43,Data!$O$2:$O$313,"C2") | I43: =H43-G43 | J43: =I43-F43 | K43: =INDEX(Survey!$F$2:$F$49,MATCH($A43,Survey!$B$2:$B$49,0)) | L43: =INDEX(Survey!$G$2:$G$49,MATCH($A43,Survey!$B$2:$B$49,0)) | N43: n | O43: =COUNT(F5:F49) | P43: =COUNT(F5:F49)
A44: P40 | B44: =INDEX(Data!$M$2:$M$313,MATCH($A44,Data!$B$2:$B$313,0)) | C44: =INDEX(Data!$N$2:$N$313,MATCH($A44,Data!$B$2:$B$313,0)) | D44: =IF($C44="C1first",SUMIFS(Data!$K$2:$K$313,Data!$B$2:$B$313,$A44,Data!$O$2:$O$313,"Baseline_1"),SUMIFS(Data!$K$2:$K$313,Data!$B$2:$B$313,$A44,Data!$O$2:$O$313,"Baseline_2")) | E44: =SUMIFS(Data!$K$2:$K$313,Data!$B$2:$B$313,$A44,Data!$O$2:$O$313,"C1") | F44: =E44-D44 | G44: =IF($C44="C1first",SUMIFS(Data!$K$2:$K$313,Data!$B$2:$B$313,$A44,Data!$O$2:$O$313,"Baseline_2"),SUMIFS(Data!$K$2:$K$313,Data!$B$2:$B$313,$A44,Data!$O$2:$O$313,"Baseline_1")) | H44: =SUMIFS(Data!$K$2:$K$313,Data!$B$2:$B$313,$A44,Data!$O$2:$O$313,"C2") | I44: =H44-G44 | J44: =I44-F44 | K44: =INDEX(Survey!$F$2:$F$49,MATCH($A44,Survey!$B$2:$B$49,0)) | L44: =INDEX(Survey!$G$2:$G$49,MATCH($A44,Survey!$B$2:$B$49,0)) | N44: Pearson r (CORREL) | O44: =CORREL(F5:F49,K5:K49) | P44: =CORREL(F5:F49,K5:K49)
A45: P42 | B45: =INDEX(Data!$M$2:$M$313,MATCH($A45,Data!$B$2:$B$313,0)) | C45: =INDEX(Data!$N$2:$N$313,MATCH($A45,Data!$B$2:$B$313,0)) | D45: =IF($C45="C1first",SUMIFS(Data!$K$2:$K$313,Data!$B$2:$B$313,$A45,Data!$O$2:$O$313,"Baseline_1"),SUMIFS(Data!$K$2:$K$313,Data!$B$2:$B$313,$A45,Data!$O$2:$O$313,"Baseline_2")) | E45: =SUMIFS(Data!$K$2:$K$313,Data!$B$2:$B$313,$A45,Data!$O$2:$O$313,"C1") | F45: =E45-D45 | G45: =IF($C45="C1first",SUMIFS(Data!$K$2:$K$313,Data!$B$2:$B$313,$A45,Data!$O$2:$O$313,"Baseline_2"),SUMIFS(Data!$K$2:$K$313,Data!$B$2:$B$313,$A45,Data!$O$2:$O$313,"Baseline_1")) | H45: =SUMIFS(Data!$K$2:$K$313,Data!$B$2:$B$313,$A45,Data!$O$2:$O$313,"C2") | I45: =H45-G45 | J45: =I45-F45 | K45: =INDEX(Survey!$F$2:$F$49,MATCH($A45,Survey!$B$2:$B$49,0)) | L45: =INDEX(Survey!$G$2:$G$49,MATCH($A45,Survey!$B$2:$B$49,0)) | N45: t for r | O45: =O44*SQRT((O43-2)/(1-O44^2)) | P45: =O44*SQRT((O43-2)/(1-O44^2)) | Q45: t = r sqrt((n - 2) / (1 - r^2))
A46: P43 | B46: =INDEX(Data!$M$2:$M$313,MATCH($A46,Data!$B$2:$B$313,0)) | C46: =INDEX(Data!$N$2:$N$313,MATCH($A46,Data!$B$2:$B$313,0)) | D46: =IF($C46="C1first",SUMIFS(Data!$K$2:$K$313,Data!$B$2:$B$313,$A46,Data!$O$2:$O$313,"Baseline_1"),SUMIFS(Data!$K$2:$K$313,Data!$B$2:$B$313,$A46,Data!$O$2:$O$313,"Baseline_2")) | E46: =SUMIFS(Data!$K$2:$K$313,Data!$B$2:$B$313,$A46,Data!$O$2:$O$313,"C1") | F46: =E46-D46 | G46: =IF($C46="C1first",SUMIFS(Data!$K$2:$K$313,Data!$B$2:$B$313,$A46,Data!$O$2:$O$313,"Baseline_2"),SUMIFS(Data!$K$2:$K$313,Data!$B$2:$B$313,$A46,Data!$O$2:$O$313,"Baseline_1")) | H46: =SUMIFS(Data!$K$2:$K$313,Data!$B$2:$B$313,$A46,Data!$O$2:$O$313,"C2") | I46: =H46-G46 | J46: =I46-F46 | K46: =INDEX(Survey!$F$2:$F$49,MATCH($A46,Survey!$B$2:$B$49,0)) | L46: =INDEX(Survey!$G$2:$G$49,MATCH($A46,Survey!$B$2:$B$49,0)) | N46: p, two tailed | O46: =_xlfn.T.DIST.2T(ABS(O45),O43-2) | P46: =T.DIST.2T(ABS(O45),O43-2) | Q46: df = n - 2
A47: P48 | B47: =INDEX(Data!$M$2:$M$313,MATCH($A47,Data!$B$2:$B$313,0)) | C47: =INDEX(Data!$N$2:$N$313,MATCH($A47,Data!$B$2:$B$313,0)) | D47: =IF($C47="C1first",SUMIFS(Data!$K$2:$K$313,Data!$B$2:$B$313,$A47,Data!$O$2:$O$313,"Baseline_1"),SUMIFS(Data!$K$2:$K$313,Data!$B$2:$B$313,$A47,Data!$O$2:$O$313,"Baseline_2")) | E47: =SUMIFS(Data!$K$2:$K$313,Data!$B$2:$B$313,$A47,Data!$O$2:$O$313,"C1") | F47: =E47-D47 | G47: =IF($C47="C1first",SUMIFS(Data!$K$2:$K$313,Data!$B$2:$B$313,$A47,Data!$O$2:$O$313,"Baseline_2"),SUMIFS(Data!$K$2:$K$313,Data!$B$2:$B$313,$A47,Data!$O$2:$O$313,"Baseline_1")) | H47: =SUMIFS(Data!$K$2:$K$313,Data!$B$2:$B$313,$A47,Data!$O$2:$O$313,"C2") | I47: =H47-G47 | J47: =I47-F47 | K47: =INDEX(Survey!$F$2:$F$49,MATCH($A47,Survey!$B$2:$B$49,0)) | L47: =INDEX(Survey!$G$2:$G$49,MATCH($A47,Survey!$B$2:$B$49,0)) | N47: r 95% CI lower (Fisher z) | O47: =TANH(ATANH(O44)-_xlfn.NORM.S.INV(0.975)/SQRT(O43-3)) | P47: =TANH(ATANH(O44)-NORM.S.INV(0.975)/SQRT(O43-3))
A48: P22 | B48: =INDEX(Data!$M$2:$M$313,MATCH($A48,Data!$B$2:$B$313,0)) | C48: =INDEX(Data!$N$2:$N$313,MATCH($A48,Data!$B$2:$B$313,0)) | D48: =IF($C48="C1first",SUMIFS(Data!$K$2:$K$313,Data!$B$2:$B$313,$A48,Data!$O$2:$O$313,"Baseline_1"),SUMIFS(Data!$K$2:$K$313,Data!$B$2:$B$313,$A48,Data!$O$2:$O$313,"Baseline_2")) | E48: =SUMIFS(Data!$K$2:$K$313,Data!$B$2:$B$313,$A48,Data!$O$2:$O$313,"C1") | F48: =E48-D48 | G48: =IF($C48="C1first",SUMIFS(Data!$K$2:$K$313,Data!$B$2:$B$313,$A48,Data!$O$2:$O$313,"Baseline_2"),SUMIFS(Data!$K$2:$K$313,Data!$B$2:$B$313,$A48,Data!$O$2:$O$313,"Baseline_1")) | H48: =SUMIFS(Data!$K$2:$K$313,Data!$B$2:$B$313,$A48,Data!$O$2:$O$313,"C2") | I48: =H48-G48 | J48: =I48-F48 | K48: =INDEX(Survey!$F$2:$F$49,MATCH($A48,Survey!$B$2:$B$49,0)) | L48: =INDEX(Survey!$G$2:$G$49,MATCH($A48,Survey!$B$2:$B$49,0)) | N48: r 95% CI upper (Fisher z) | O48: =TANH(ATANH(O44)+_xlfn.NORM.S.INV(0.975)/SQRT(O43-3)) | P48: =TANH(ATANH(O44)+NORM.S.INV(0.975)/SQRT(O43-3))
A49: P32 | B49: =INDEX(Data!$M$2:$M$313,MATCH($A49,Data!$B$2:$B$313,0)) | C49: =INDEX(Data!$N$2:$N$313,MATCH($A49,Data!$B$2:$B$313,0)) | D49: =IF($C49="C1first",SUMIFS(Data!$K$2:$K$313,Data!$B$2:$B$313,$A49,Data!$O$2:$O$313,"Baseline_1"),SUMIFS(Data!$K$2:$K$313,Data!$B$2:$B$313,$A49,Data!$O$2:$O$313,"Baseline_2")) | E49: =SUMIFS(Data!$K$2:$K$313,Data!$B$2:$B$313,$A49,Data!$O$2:$O$313,"C1") | F49: =E49-D49 | G49: =IF($C49="C1first",SUMIFS(Data!$K$2:$K$313,Data!$B$2:$B$313,$A49,Data!$O$2:$O$313,"Baseline_2"),SUMIFS(Data!$K$2:$K$313,Data!$B$2:$B$313,$A49,Data!$O$2:$O$313,"Baseline_1")) | H49: =SUMIFS(Data!$K$2:$K$313,Data!$B$2:$B$313,$A49,Data!$O$2:$O$313,"C2") | I49: =H49-G49 | J49: =I49-F49 | K49: =INDEX(Survey!$F$2:$F$49,MATCH($A49,Survey!$B$2:$B$49,0)) | L49: =INDEX(Survey!$G$2:$G$49,MATCH($A49,Survey!$B$2:$B$49,0))
N51: Statistic | O51: Value | P51: Formula shown | Q51: Note
N52: Exploratory: Commercial_2 change with Liking_Commercial_2_1to7
N53: n | O53: =COUNT(I5:I49) | P53: =COUNT(I5:I49)
N54: Pearson r (CORREL) | O54: =CORREL(I5:I49,L5:L49) | P54: =CORREL(I5:I49,L5:L49)
N55: t for r | O55: =O54*SQRT((O53-2)/(1-O54^2)) | P55: =O54*SQRT((O53-2)/(1-O54^2)) | Q55: t = r sqrt((n - 2) / (1 - r^2))
N56: p, two tailed | O56: =_xlfn.T.DIST.2T(ABS(O55),O53-2) | P56: =T.DIST.2T(ABS(O55),O53-2) | Q56: df = n - 2
N57: r 95% CI lower (Fisher z) | O57: =TANH(ATANH(O54)-_xlfn.NORM.S.INV(0.975)/SQRT(O53-3)) | P57: =TANH(ATANH(O54)-NORM.S.INV(0.975)/SQRT(O53-3))
N58: r 95% CI upper (Fisher z) | O58: =TANH(ATANH(O54)+_xlfn.NORM.S.INV(0.975)/SQRT(O53-3)) | P58: =TANH(ATANH(O54)+NORM.S.INV(0.975)/SQRT(O53-3))
N61: Statistic | O61: Value | P61: Formula shown | Q61: Note
N62: Checks
N63: Kept respondents with a Commercial_2 row in Data (Keep = Yes) | O63: =COUNTIFS(Data!$O$2:$O$313,"C2",Data!$P$2:$P$313,"Yes") | P63: =COUNTIFS(Data!$O$2:$O$313,"C2",Data!$P$2:$P$313,"Yes") | Q63: must equal n of the H3 block
N64: Rows where both changes use the same baseline (must be 0) | O64: =SUMPRODUCT(--(D5:D49=G5:G49)) | P64: =SUMPRODUCT(--(D5:D49=G5:G49))

Sheet Check
A1: Live Excel results next to the values analysis.R produced (SIMULATED data). Status is OK when they agree within the tolerance.
A3: Quantity | B3: Excel (live formula) | C3: analysis.R | D3: Difference | E3: Tolerance | F3: Status
A4: H1: m1 (m1) | B4: =H1!L6 | C4: -0.089609091 | D4: =B4-C4 | E4: 1e-06 | F4: =IF(ABS(D4)<=E4,"OK","CHECK")
A5: H1: m2 (m2) | B5: =H1!L8 | C5: 0.0077363636 | D5: =B5-C5 | E5: 1e-06 | F5: =IF(ABS(D5)<=E5,"OK","CHECK")
A6: H1: n (n) | B6: =H1!L10 | C6: 22 | D6: =B6-C6 | E6: 1e-09 | F6: =IF(ABS(D6)<=E6,"OK","CHECK")
A7: H1: mean_diff (md) | B7: =H1!L11 | C7: 0.097345455 | D7: =B7-C7 | E7: 1e-06 | F7: =IF(ABS(D7)<=E7,"OK","CHECK")
A8: H1: sd_diff (sdd) | B8: =H1!L12 | C8: 0.14227764 | D8: =B8-C8 | E8: 1e-06 | F8: =IF(ABS(D8)<=E8,"OK","CHECK")
A9: H1: t (t) | B9: =H1!L14 | C9: 3.2091525 | D9: =B9-C9 | E9: 0.0001 | F9: =IF(ABS(D9)<=E9,"OK","CHECK")
A10: H1: df (df) | B10: =H1!L15 | C10: 21 | D10: =B10-C10 | E10: 1e-09 | F10: =IF(ABS(D10)<=E10,"OK","CHECK")
A11: H1: p (p_tt) | B11: =H1!L16 | C11: 0.0042130622 | D11: =B11-C11 | E11: 1e-06 | F11: =IF(ABS(D11)<=E11,"OK","CHECK")
A12: H1: p (p_hand) | B12: =H1!L17 | C12: 0.0042130622 | D12: =B12-C12 | E12: 1e-06 | F12: =IF(ABS(D12)<=E12,"OK","CHECK")
A13: H1: p_one_tailed (p_one) | B13: =H1!L18 | C13: 0.0021065311 | D13: =B13-C13 | E13: 1e-06 | F13: =IF(ABS(D13)<=E13,"OK","CHECK")
A14: H1: diff_ci_low (ci_lo) | B14: =H1!L20 | C14: 0.034263082 | D14: =B14-C14 | E14: 1e-06 | F14: =IF(ABS(D14)<=E14,"OK","CHECK")
A15: H1: diff_ci_high (ci_hi) | B15: =H1!L21 | C15: 0.16042783 | D15: =B15-C15 | E15: 1e-06 | F15: =IF(ABS(D15)<=E15,"OK","CHECK")
A16: H1: es (dz) | B16: =H1!L22 | C16: 0.68419362 | D16: =B16-C16 | E16: 1e-05 | F16: =IF(ABS(D16)<=E16,"OK","CHECK")
A17: H1: es_ci_low_approx (dz_lo) | B17: =H1!L24 | C17: 0.21998527 | D17: =B17-C17 | E17: 1e-05 | F17: =IF(ABS(D17)<=E17,"OK","CHECK")
A18: H1: es_ci_high_approx (dz_hi) | B18: =H1!L25 | C18: 1.148402 | D18: =B18-C18 | E18: 1e-05 | F18: =IF(ABS(D18)<=E18,"OK","CHECK")
A19: H1: d_z exact CI lower (noncentral t in R) versus the approximation | B19: =H1!L24 | C19: 0.21191484 | D19: =B19-C19 | E19: 0.03 | F19: =IF(ABS(D19)<=E19,"OK","CHECK") | G19: method differs; looser tolerance
A20: H1: d_z exact CI upper (noncentral t in R) versus the approximation | B20: =H1!L25 | C20: 1.1433678 | D20: =B20-C20 | E20: 0.03 | F20: =IF(ABS(D20)<=E20,"OK","CHECK") | G20: method differs; looser tolerance
A21: S15_H1: m1 (m1) | B21: =H1!L32 | C21: -0.096355 | D21: =B21-C21 | E21: 1e-06 | F21: =IF(ABS(D21)<=E21,"OK","CHECK")
A22: S15_H1: m2 (m2) | B22: =H1!L34 | C22: 0.003675 | D22: =B22-C22 | E22: 1e-06 | F22: =IF(ABS(D22)<=E22,"OK","CHECK")
A23: S15_H1: n (n) | B23: =H1!L36 | C23: 20 | D23: =B23-C23 | E23: 1e-09 | F23: =IF(ABS(D23)<=E23,"OK","CHECK")
A24: S15_H1: mean_diff (md) | B24: =H1!L37 | C24: 0.10003 | D24: =B24-C24 | E24: 1e-06 | F24: =IF(ABS(D24)<=E24,"OK","CHECK")
A25: S15_H1: sd_diff (sdd) | B25: =H1!L38 | C25: 0.14746061 | D25: =B25-C25 | E25: 1e-06 | F25: =IF(ABS(D25)<=E25,"OK","CHECK")
A26: S15_H1: t (t) | B26: =H1!L40 | C26: 3.0336764 | D26: =B26-C26 | E26: 0.0001 | F26: =IF(ABS(D26)<=E26,"OK","CHECK")
A27: S15_H1: df (df) | B27: =H1!L41 | C27: 19 | D27: =B27-C27 | E27: 1e-09 | F27: =IF(ABS(D27)<=E27,"OK","CHECK")
A28: S15_H1: p (p_tt) | B28: =H1!L42 | C28: 0.0068321668 | D28: =B28-C28 | E28: 1e-06 | F28: =IF(ABS(D28)<=E28,"OK","CHECK")
A29: S15_H1: p (p_hand) | B29: =H1!L43 | C29: 0.0068321668 | D29: =B29-C29 | E29: 1e-06 | F29: =IF(ABS(D29)<=E29,"OK","CHECK")
A30: S15_H1: p_one_tailed (p_one) | B30: =H1!L44 | C30: 0.0034160834 | D30: =B30-C30 | E30: 1e-06 | F30: =IF(ABS(D30)<=E30,"OK","CHECK")
A31: S15_H1: diff_ci_low (ci_lo) | B31: =H1!L46 | C31: 0.031016312 | D31: =B31-C31 | E31: 1e-06 | F31: =IF(ABS(D31)<=E31,"OK","CHECK")
A32: S15_H1: diff_ci_high (ci_hi) | B32: =H1!L47 | C32: 0.16904369 | D32: =B32-C32 | E32: 1e-06 | F32: =IF(ABS(D32)<=E32,"OK","CHECK")
A33: S15_H1: es (dz) | B33: =H1!L48 | C33: 0.67835066 | D33: =B33-C33 | E33: 1e-05 | F33: =IF(ABS(D33)<=E33,"OK","CHECK")
A34: S15_H1: es_ci_low_approx (dz_lo) | B34: =H1!L50 | C34: 0.1922707 | D34: =B34-C34 | E34: 1e-05 | F34: =IF(ABS(D34)<=E34,"OK","CHECK")
A35: S15_H1: es_ci_high_approx (dz_hi) | B35: =H1!L51 | C35: 1.1644306 | D35: =B35-C35 | E35: 1e-05 | F35: =IF(ABS(D35)<=E35,"OK","CHECK")
A36: S15_H1: d_z exact CI lower (noncentral t in R) versus the approximation | B36: =H1!L50 | C36: 0.18335342 | D36: =B36-C36 | E36: 0.03 | F36: =IF(ABS(D36)<=E36,"OK","CHECK") | G36: method differs; looser tolerance
A37: S15_H1: d_z exact CI upper (noncentral t in R) versus the approximation | B37: =H1!L51 | C37: 1.1589712 | D37: =B37-C37 | E37: 0.03 | F37: =IF(ABS(D37)<=E37,"OK","CHECK") | G37: method differs; looser tolerance
A38: DEFAULT_H1: m1 (m1) | B38: =H1!L70 | C38: 0.74445909 | D38: =B38-C38 | E38: 1e-06 | F38: =IF(ABS(D38)<=E38,"OK","CHECK")
A39: DEFAULT_H1: m2 (m2) | B39: =H1!L72 | C39: 0.73387273 | D39: =B39-C39 | E39: 1e-06 | F39: =IF(ABS(D39)<=E39,"OK","CHECK")
A40: DEFAULT_H1: n (n) | B40: =H1!L74 | C40: 22 | D40: =B40-C40 | E40: 1e-09 | F40: =IF(ABS(D40)<=E40,"OK","CHECK")
A41: DEFAULT_H1: mean_diff (md) | B41: =H1!L75 | C41: -0.010586364 | D41: =B41-C41 | E41: 1e-06 | F41: =IF(ABS(D41)<=E41,"OK","CHECK")
A42: DEFAULT_H1: sd_diff (sdd) | B42: =H1!L76 | C42: 0.12307555 | D42: =B42-C42 | E42: 1e-06 | F42: =IF(ABS(D42)<=E42,"OK","CHECK")
A43: DEFAULT_H1: t (t) | B43: =H1!L78 | C43: -0.4034469 | D43: =B43-C43 | E43: 0.0001 | F43: =IF(ABS(D43)<=E43,"OK","CHECK")
A44: DEFAULT_H1: df (df) | B44: =H1!L79 | C44: 21 | D44: =B44-C44 | E44: 1e-09 | F44: =IF(ABS(D44)<=E44,"OK","CHECK")
A45: DEFAULT_H1: p (p_tt) | B45: =H1!L80 | C45: 0.69069797 | D45: =B45-C45 | E45: 1e-06 | F45: =IF(ABS(D45)<=E45,"OK","CHECK")
A46: DEFAULT_H1: p (p_hand) | B46: =H1!L81 | C46: 0.69069797 | D46: =B46-C46 | E46: 1e-06 | F46: =IF(ABS(D46)<=E46,"OK","CHECK")
A47: DEFAULT_H1: p_one_tailed (p_one) | B47: =H1!L82 | C47: 0.65465101 | D47: =B47-C47 | E47: 1e-06 | F47: =IF(ABS(D47)<=E47,"OK","CHECK")
A48: DEFAULT_H1: diff_ci_low (ci_lo) | B48: =H1!L84 | C48: -0.065155003 | D48: =B48-C48 | E48: 1e-06 | F48: =IF(ABS(D48)<=E48,"OK","CHECK")
A49: DEFAULT_H1: diff_ci_high (ci_hi) | B49: =H1!L85 | C49: 0.043982276 | D49: =B49-C49 | E49: 1e-06 | F49: =IF(ABS(D49)<=E49,"OK","CHECK")
A50: DEFAULT_H1: es (dz) | B50: =H1!L86 | C50: -0.086015168 | D50: =B50-C50 | E50: 1e-05 | F50: =IF(ABS(D50)<=E50,"OK","CHECK")
A51: DEFAULT_H1: es_ci_low_approx (dz_lo) | B51: =H1!L88 | C51: -0.50466078 | D51: =B51-C51 | E51: 1e-05 | F51: =IF(ABS(D51)<=E51,"OK","CHECK")
A52: DEFAULT_H1: es_ci_high_approx (dz_hi) | B52: =H1!L89 | C52: 0.33263044 | D52: =B52-C52 | E52: 1e-05 | F52: =IF(ABS(D52)<=E52,"OK","CHECK")
A53: DEFAULT_H1: d_z exact CI lower (noncentral t in R) versus the approximation | B53: =H1!L88 | C53: -0.50366623 | D53: =B53-C53 | E53: 0.03 | F53: =IF(ABS(D53)<=E53,"OK","CHECK") | G53: method differs; looser tolerance
A54: DEFAULT_H1: d_z exact CI upper (noncentral t in R) versus the approximation | B54: =H1!L89 | C54: 0.3336634 | D54: =B54-C54 | E54: 0.03 | F54: =IF(ABS(D54)<=E54,"OK","CHECK") | G54: method differs; looser tolerance
A55: H3: m1 (m1) | B55: =H3!O6 | C55: -0.02908 | D55: =B55-C55 | E55: 1e-06 | F55: =IF(ABS(D55)<=E55,"OK","CHECK")
A56: H3: m2 (m2) | B56: =H3!O8 | C56: 0.0037755556 | D56: =B56-C56 | E56: 1e-06 | F56: =IF(ABS(D56)<=E56,"OK","CHECK")
A57: H3: n (n) | B57: =H3!O10 | C57: 45 | D57: =B57-C57 | E57: 1e-09 | F57: =IF(ABS(D57)<=E57,"OK","CHECK")
A58: H3: mean_diff (md) | B58: =H3!O11 | C58: 0.032855556 | D58: =B58-C58 | E58: 1e-06 | F58: =IF(ABS(D58)<=E58,"OK","CHECK")
A59: H3: sd_diff (sdd) | B59: =H3!O12 | C59: 0.1115889 | D59: =B59-C59 | E59: 1e-06 | F59: =IF(ABS(D59)<=E59,"OK","CHECK")
A60: H3: t (t) | B60: =H3!O14 | C60: 1.9751226 | D60: =B60-C60 | E60: 0.0001 | F60: =IF(ABS(D60)<=E60,"OK","CHECK")
A61: H3: df (df) | B61: =H3!O15 | C61: 44 | D61: =B61-C61 | E61: 1e-09 | F61: =IF(ABS(D61)<=E61,"OK","CHECK")
A62: H3: p (p_tt) | B62: =H3!O16 | C62: 0.054548718 | D62: =B62-C62 | E62: 1e-06 | F62: =IF(ABS(D62)<=E62,"OK","CHECK")
A63: H3: p (p_hand) | B63: =H3!O17 | C63: 0.054548718 | D63: =B63-C63 | E63: 1e-06 | F63: =IF(ABS(D63)<=E63,"OK","CHECK")
A64: H3: p_one_tailed (p_one) | B64: =H3!O18 | C64: 0.027274359 | D64: =B64-C64 | E64: 1e-06 | F64: =IF(ABS(D64)<=E64,"OK","CHECK")
A65: H3: diff_ci_low (ci_lo) | B65: =H3!O20 | C65: -0.00066946193 | D65: =B65-C65 | E65: 1e-06 | F65: =IF(ABS(D65)<=E65,"OK","CHECK")
A66: H3: diff_ci_high (ci_hi) | B66: =H3!O21 | C66: 0.066380573 | D66: =B66-C66 | E66: 1e-06 | F66: =IF(ABS(D66)<=E66,"OK","CHECK")
A67: H3: es (dz) | B67: =H3!O22 | C67: 0.2944339 | D67: =B67-C67 | E67: 1e-05 | F67: =IF(ABS(D67)<=E67,"OK","CHECK")
A68: H3: es_ci_low_approx (dz_lo) | B68: =H3!O24 | C68: -0.0040108346 | D68: =B68-C68 | E68: 1e-05 | F68: =IF(ABS(D68)<=E68,"OK","CHECK")
A69: H3: es_ci_high_approx (dz_hi) | B69: =H3!O25 | C69: 0.59287864 | D69: =B69-C69 | E69: 1e-05 | F69: =IF(ABS(D69)<=E69,"OK","CHECK")
A70: H3: d_z exact CI lower (noncentral t in R) versus the approximation | B70: =H3!O24 | C70: -0.0057101654 | D70: =B70-C70 | E70: 0.03 | F70: =IF(ABS(D70)<=E70,"OK","CHECK") | G70: method differs; looser tolerance
A71: H3: d_z exact CI upper (noncentral t in R) versus the approximation | B71: =H3!O25 | C71: 0.59137721 | D71: =B71-C71 | E71: 0.03 | F71: =IF(ABS(D71)<=E71,"OK","CHECK") | G71: method differs; looser tolerance
A72: H2: m1 (m1) | B72: =H2!J6 | C72: 0.032636364 | D72: =B72-C72 | E72: 1e-06 | F72: =IF(ABS(D72)<=E72,"OK","CHECK")
A73: H2: m2 (m2) | B73: =H2!J9 | C73: -0.012213043 | D73: =B73-C73 | E73: 1e-06 | F73: =IF(ABS(D73)<=E73,"OK","CHECK")
A74: H2: n1 (n1) | B74: =H2!J8 | C74: 22 | D74: =B74-C74 | E74: 1e-09 | F74: =IF(ABS(D74)<=E74,"OK","CHECK")
A75: H2: n2 (n2) | B75: =H2!J11 | C75: 23 | D75: =B75-C75 | E75: 1e-09 | F75: =IF(ABS(D75)<=E75,"OK","CHECK")
A76: H2: mean_diff (diff) | B76: =H2!J12 | C76: 0.044849407 | D76: =B76-C76 | E76: 1e-06 | F76: =IF(ABS(D76)<=E76,"OK","CHECK")
A77: H2: t (t) | B77: =H2!J14 | C77: 1.2213065 | D77: =B77-C77 | E77: 0.0001 | F77: =IF(ABS(D77)<=E77,"OK","CHECK")
A78: H2: df (df) | B78: =H2!J15 | C78: 42.870483 | D78: =B78-C78 | E78: 0.0001 | F78: =IF(ABS(D78)<=E78,"OK","CHECK")
A79: H2: p (p_tt) | B79: =H2!J16 | C79: 0.22864404 | D79: =B79-C79 | E79: 1e-06 | F79: =IF(ABS(D79)<=E79,"OK","CHECK")
A80: H2: p_one_tailed (p_one) | B80: =H2!J18 | C80: 0.11432202 | D80: =B80-C80 | E80: 1e-06 | F80: =IF(ABS(D80)<=E80,"OK","CHECK")
A81: H2: diff_ci_low (ci_lo) | B81: =H2!J20 | C81: -0.029215007 | D81: =B81-C81 | E81: 0.0005 | F81: =IF(ABS(D81)<=E81,"OK","CHECK") | G81: Welch CI: the spreadsheet critical t may use a whole number df
A82: H2: diff_ci_high (ci_hi) | B82: =H2!J21 | C82: 0.11891382 | D82: =B82-C82 | E82: 0.0005 | F82: =IF(ABS(D82)<=E82,"OK","CHECK") | G82: Welch CI: the spreadsheet critical t may use a whole number df
A83: H2: sd_pooled (sp) | B83: =H2!J22 | C83: 0.12311399 | D83: =B83-C83 | E83: 1e-06 | F83: =IF(ABS(D83)<=E83,"OK","CHECK")
A84: H2: es (d) | B84: =H2!J23 | C84: 0.3642917 | D84: =B84-C84 | E84: 1e-05 | F84: =IF(ABS(D84)<=E84,"OK","CHECK")
A85: H2: g (g) | B85: =H2!J25 | C85: 0.35790062 | D85: =B85-C85 | E85: 1e-05 | F85: =IF(ABS(D85)<=E85,"OK","CHECK")
A86: H2: g_ci_low_approx (g_lo) | B86: =H2!J27 | C86: -0.23126136 | D86: =B86-C86 | E86: 1e-05 | F86: =IF(ABS(D86)<=E86,"OK","CHECK")
A87: H2: g_ci_high_approx (g_hi) | B87: =H2!J28 | C87: 0.9470626 | D87: =B87-C87 | E87: 1e-05 | F87: =IF(ABS(D87)<=E87,"OK","CHECK")
A88: S15_H2: m1 (m1) | B88: =H2!J33 | C88: 0.03578 | D88: =B88-C88 | E88: 1e-06 | F88: =IF(ABS(D88)<=E88,"OK","CHECK")
A89: S15_H2: m2 (m2) | B89: =H2!J36 | C89: -0.0040190476 | D89: =B89-C89 | E89: 1e-06 | F89: =IF(ABS(D89)<=E89,"OK","CHECK")
A90: S15_H2: n1 (n1) | B90: =H2!J35 | C90: 20 | D90: =B90-C90 | E90: 1e-09 | F90: =IF(ABS(D90)<=E90,"OK","CHECK")
A91: S15_H2: n2 (n2) | B91: =H2!J38 | C91: 21 | D91: =B91-C91 | E91: 1e-09 | F91: =IF(ABS(D91)<=E91,"OK","CHECK")
A92: S15_H2: mean_diff (diff) | B92: =H2!J39 | C92: 0.039799048 | D92: =B92-C92 | E92: 1e-06 | F92: =IF(ABS(D92)<=E92,"OK","CHECK")
A93: S15_H2: t (t) | B93: =H2!J41 | C93: 1.0113092 | D93: =B93-C93 | E93: 0.0001 | F93: =IF(ABS(D93)<=E93,"OK","CHECK")
A94: S15_H2: df (df) | B94: =H2!J42 | C94: 38.628432 | D94: =B94-C94 | E94: 0.0001 | F94: =IF(ABS(D94)<=E94,"OK","CHECK")
A95: S15_H2: p (p_tt) | B95: =H2!J43 | C95: 0.31816149 | D95: =B95-C95 | E95: 1e-06 | F95: =IF(ABS(D95)<=E95,"OK","CHECK")
A96: S15_H2: p_one_tailed (p_one) | B96: =H2!J45 | C96: 0.15908074 | D96: =B96-C96 | E96: 1e-06 | F96: =IF(ABS(D96)<=E96,"OK","CHECK")
A97: S15_H2: diff_ci_low (ci_lo) | B97: =H2!J47 | C97: -0.039826389 | D97: =B97-C97 | E97: 0.0005 | F97: =IF(ABS(D97)<=E97,"OK","CHECK") | G97: Welch CI: the spreadsheet critical t may use a whole number df
A98: S15_H2: diff_ci_high (ci_hi) | B98: =H2!J48 | C98: 0.11942448 | D98: =B98-C98 | E98: 0.0005 | F98: =IF(ABS(D98)<=E98,"OK","CHECK") | G98: Welch CI: the spreadsheet critical t may use a whole number df
A99: S15_H2: sd_pooled (sp) | B99: =H2!J49 | C99: 0.12580528 | D99: =B99-C99 | E99: 1e-06 | F99: =IF(ABS(D99)<=E99,"OK","CHECK")
A100: S15_H2: es (d) | B100: =H2!J50 | C100: 0.31635435 | D100: =B100-C100 | E100: 1e-05 | F100: =IF(ABS(D100)<=E100,"OK","CHECK")
A101: S15_H2: g (g) | B101: =H2!J52 | C101: 0.31023136 | D101: =B101-C101 | E101: 1e-05 | F101: =IF(ABS(D101)<=E101,"OK","CHECK")
...
