Workbook

Sheet README
A1: SIMULATED DATA PREPARATION WORKBOOK (Workshop 7)
A2: SIMULATED DATA for teaching (seed 20271231). No real person was recorded. Built by make_simulated_data.py, prepare_data.R, analysis.R, and make_excel_workbook.py.
A3: Study: SIMULATED Multimodal Ad Study. 24 participants (P01 to P24), Baseline (60 s), Ad_A and Ad_B (30 s, counterbalanced), survey.
A4: This workbook is the Excel route through the core steps of prepare_data.R and the H3 test of analysis.R.
A6: Sheets
A7: GSR_Import GSRPeakMetrics.csv as the Text Import leaves it (header in row 1), plus helper columns P to U (orange)
A8: SessionLog the lab session log (the key table: recording name -> participant, Use recording), plus the key in column M
A9: Survey MERGED_SURVEY_RESPONSE_MATRIX.txt (tab separated), plus helper columns V to AC and Cronbach's alpha
A10: DataQuality the _DataQuality.txt file (tab separated), plus helper columns I to M
A11: Keys the problem keys made visible with LEN, CODE, EXACT, TRIM, UPPER
A12: Merged one row per participant and stimulus (72 rows): INDEX and MATCH joins, rules R2 and R3
A13: Pivot the summary a PivotTable gives (built with AVERAGEIFS and COUNTIFS so that it can be checked)
... A19: The walkthrough excel_walkthrough.md explains every formula with its cell address.

Sheet SessionLog
A1: Participant ID | B1: iMotions respondent name | C1: Recording | D1: Session date | E1: Start time | F1: Seat | G1: Computer | H1: Operator | I1: Order (typed in Group) | J1: Shimmer unit | K1: Aurora calibration | L1: Use recording | M1: Notes | N1: Key = UPPER(TRIM(name))
A2: P01 | B2: P01 | C2: 1 | D2: 2026-11-16 | E2: 09:11 | F2: 1 | G2: Lab desktop (Key 0002) | H2: Operator_1 | I2: AB | J2: Shimmer3-8956 | K2: Good | L2: Yes | N2: =UPPER(TRIM(B2))
A3: P02 | B3: P02 | C3: 1 | D3: 2026-11-16 | E3: 10:36 | F3: 1 | G3: Lab desktop (Key 0002) | H3: Operator_1 | I3: BA | J3: Shimmer3-B | K3: Good | L3: Yes | N3: =UPPER(TRIM(B3))
A4: P03 | B4: P03 | C4: 1 | D4: 2026-11-16 | E4: 12:10 | F4: 1 | G4: Lab desktop (Key 0002) | H4: Operator_1 | I4: AB | J4: Shimmer3-B | K4: Good | L4: Yes | N4: =UPPER(TRIM(B4))
A5: P04 | B5: P04 | C5: 1 | D5: 2026-11-16 | E5: 13:33 | F5: 1 | G5: Lab desktop (Key 0002) | H5: Operator_1 | I5: BA | J5: Shimmer3-8956 | K5: Failed | L5: No | M5: Aurora calibration failed (gaze not tracked in the live view). Recording stopped 23 s into Baseline. Recalibrated and recorded again as P04_rerun. Do not use this recording. | N5: =UPPER(TRIM(B5))
A6: P04 | B6: P04_rerun | C6: 2 | D6: 2026-11-16 | E6: 13:46 | F6: 1 | G6: Lab desktop (Key 0002) | H6: Operator_1 | I6: BA | J6: Shimmer3-8956 | K6: Good after recalibration | L6: Yes | M6: Rerun of P04 after recalibration (Baseline had not finished, so no ad was seen twice). Use this recording as P04. | N6: =UPPER(TRIM(B6))
A7: P05 | B7: P05 | C7: 1 | D7: 2026-11-16 | E7: 15:07 | F7: 1 | G7: Lab desktop (Key 0002) | H7: Operator_1 | I7: AB | J7: Shimmer3-B | K7: Good | L7: Yes | M7: Shimmer3-B low battery warning during Ad_B; GSR signal lost about 8 s into Ad_B and did not return. Keep; GSR from Ad_B on is missing. | N7: =UPPER(TRIM(B7))
A8: P06 | B8: P06 | C8: 1 | D8: 2026-11-17 | E8: 09:00 | F8: 1 | G8: Lab desktop (Key 0002) | H8: Operator_1 | I8: BA | J8: Shimmer3-B | K8: Good | L8: Yes | N8: =UPPER(TRIM(B8))
A9: P07 | B9: P07 | C9: 1 | D9: 2026-11-17 | E9: 10:39 | F9: 1 | G9: Lab desktop (Key 0002) | H9: Operator_1 | I9: AB | J9: Shimmer3-B | K9: Good | L9: Yes | N9: =UPPER(TRIM(B9))
A10: P08 | B10: P08 | C10: 1 | D10: 2026-11-17 | E10: 12:09 | F10: 1 | G10: Lab desktop (Key 0002) | H10: Operator_1 | I10: BA | J10: Shimmer3-8956 | K10: Good | L10: Yes | N10: =UPPER(TRIM(B10))
A11: P09 | B11: P09 | C11: 1 | D11: 2026-11-17 | E11: 13:36 | F11: 1 | G11: Lab desktop (Key 0002) | H11: Operator_1 | I11: AB | J11: Shimmer3-8956 | K11: Good | L11: Yes | M11: Arrived 10 minutes late. | N11: =UPPER(TRIM(B11))
A12: P10 | B12: P10 | C12: 1 | D12: 2026-11-17 | E12: 15:09 | F12: 1 | G12: Lab desktop (Key 0002) | H12: Operator_1 | I12: BA | J12: Shimmer3-B | K12: Good | L12: Yes | N12: =UPPER(TRIM(B12))
A13: P11 | B13: P11 | C13: 1 | D13: 2026-11-18 | E13: 09:10 | F13: 1 | G13: Lab desktop (Key 0002) | H13: Operator_1 | I13: AB | J13: Shimmer3-B | K13: Good | L13: Yes | N13: =UPPER(TRIM(B13))
A14: P12 | B14: P12 | C14: 1 | D14: 2026-11-18 | E14: 10:37 | F14: 1 | G14: Lab desktop (Key 0002) | H14: Operator_1 | I14: BA | J14: Shimmer3-8956 | K14: Good | L14: Yes | M14: Short Bluetooth dropout of the Shimmer during Baseline (a few seconds); signal returned. | N14: =UPPER(TRIM(B14))
A15: P13 | B15: P13 | C15: 1 | D15: 2026-11-18 | E15: 12:11 | F15: 1 | G15: Lab desktop (Key 0002) | H15: Operator_2 | I15: AB | J15: Shimmer3-8956 | K15: Good | L15: Yes | N15: =UPPER(TRIM(B15))
A16: P14 | B16: P14 | C16: 1 | D16: 2026-11-18 | E16: 13:32 | F16: 1 | G16: Lab desktop (Key 0002) | H16: Operator_2 | I16: BA | J16: Shimmer3-B | K16: Good | L16: Yes | M16: Left handed; Shimmer on the right hand. | N16: =UPPER(TRIM(B16))
A17: P15 | B17: P15 | C17: 1 | D17: 2026-11-18 | E17: 15:04 | F17: 1 | G17: Lab desktop (Key 0002) | H17: Operator_2 | I17: AB | J17: Shimmer3-B | K17: Good | L17: Yes | N17: =UPPER(TRIM(B17))
A18: P16 | B18: P16 | C18: 1 | D18: 2026-11-19 | E18: 09:06 | F18: 1 | G18: Lab desktop (Key 0002) | H18: Operator_2 | I18: BA | J18: Shimmer3-8956 | K18: Good | L18: Yes | N18: =UPPER(TRIM(B18))
A19: P17 | B19: P17 | C19: 1 | D19: 2026-11-19 | E19: 10:33 | F19: 1 | G19: Lab desktop (Key 0002) | H19: Operator_2 | I19: AB | J19: Shimmer3-8956 | K19: Good | L19: Yes | N19: =UPPER(TRIM(B19))
A20: P18 | B20: P18 | C20: 1 | D20: 2026-11-19 | E20: 12:06 | F20: 1 | G20: Lab desktop (Key 0002) | H20: Operator_2 | I20: BA | J20: Shimmer3-B | K20: Fair (2 attempts) | L20: Yes | M20: Wears glasses; reflections on the left lens; gaze lost often in the second ad. | N20: =UPPER(TRIM(B20))
A21: P19 | B21: P19 | C21: 1 | D21: 2026-11-19 | E21: 13:40 | F21: 1 | G21: Lab desktop (Key 0002) | H21: Operator_2 | I21: AB | J21: Shimmer3-B | K21: Good | L21: Yes | N21: =UPPER(TRIM(B21))
A22: P20 | B22: P20 | C22: 1 | D22: 2026-11-19 | E22: 15:00 | F22: 1 | G22: Lab desktop (Key 0002) | H22: Operator_2 | I22: BA | J22: Shimmer3-8956 | K22: Good | L22: Yes | N22: =UPPER(TRIM(B22))
A23: P21 | B23: P21 | C23: 1 | D23: 2026-11-20 | E23: 09:08 | F23: 1 | G23: Lab desktop (Key 0002) | H23: Operator_2 | I23: AB | J23: Shimmer3-8956 | K23: Good | L23: Yes | M23: Rested chin on hand during both ads; reminded once to sit back. | N23: =UPPER(TRIM(B23))
A24: P22 | B24: P22 | C24: 1 | D24: 2026-11-20 | E24: 10:39 | F24: 1 | G24: Lab desktop (Key 0002) | H24: Operator_2 | I24: BA | J24: Shimmer3-B | K24: Good | L24: Yes | M24: Started in a hurry (next participant waiting). | N24: =UPPER(TRIM(B24))
A25: P23 | B25: P23 | C25: 1 | D25: 2026-11-20 | E25: 12:02 | F25: 1 | G25: Lab desktop (Key 0002) | H25: Operator_2 | I25: AB | J25: Shimmer3-B | K25: Good | L25: Yes | N25: =UPPER(TRIM(B25))
A26: P24 | B26: P24 | C26: 1 | D26: 2026-11-20 | E26: 13:36 | F26: 1 | G26: Lab desktop (Key 0002) | H26: Operator_2 | I26: BA | J26: Shimmer3-8956 | K26: Good | L26: Yes | N26: =UPPER(TRIM(B26))

Sheet GSR_Import
A1: Study Name | B1: Respondent Name | C1: Gender | D1: Age | E1: Group | F1: Type | G1: Label | H1: Start (ms) | I1: Duration (ms) | J1: Signal Duration (ms) | K1: Parent Stimulus | L1: Has Peaks | M1: Peak Count | N1: Peaks Per Minute | O1: Average Peak Amplitude (microSiemens) | P1: Key = UPPER(TRIM()) | Q1: Participant | R1: Use recording | S1: Lookup key | T1: Signal share | U1: GSR valid (R3)
A2: SIMULATED Multimodal Ad Study | B2: P01 | C2: MALE | D2: 20 | E2: AB | F2: Stimulus | G2: Ad_A | H2: 80197 | I2: 30000 | J2: 30000 | K2: Ad_A | L2: 1 | M2: 3 | N2: 6 | O2: 0.2082 | P2: =UPPER(TRIM(B2)) | Q2: =IFERROR(INDEX(SessionLog!$A$2:$A$26,MATCH(P2,SessionLog!$N$2:$N$26,0)),"NOT FOUND") | R2: =IFERROR(INDEX(SessionLog!$L$2:$L$26,MATCH(P2,SessionLog!$N$2:$N$26,0)),"NOT FOUND") | S2: =IF(R2="Yes",Q2&"|"&F2&"|"&G2&"|"&K2,"DROP") | T2: =IF(I2>0,J2/I2,0) | U2: =IF(T2>=0.8,1,0)
A3: SIMULATED Multimodal Ad Study | B3: P01 | C3: MALE | D3: 20 | E3: AB | F3: Stimulus | G3: Ad_B | H3: 110268 | I3: 30000 | J3: 30000 | K3: Ad_B | L3: 1 | M3: 3 | N3: 6 | O3: 0.1469 | P3: =UPPER(TRIM(B3)) | Q3: =IFERROR(INDEX(SessionLog!$A$2:$A$26,MATCH(P3,SessionLog!$N$2:$N$26,0)),"NOT FOUND") | R3: =IFERROR(INDEX(SessionLog!$L$2:$L$26,MATCH(P3,SessionLog!$N$2:$N$26,0)),"NOT FOUND") | S3: =IF(R3="Yes",Q3&"|"&F3&"|"&G3&"|"&K3,"DROP") | T3: =IF(I3>0,J3/I3,0) | U3: =IF(T3>=0.8,1,0)
A4: SIMULATED Multimodal Ad Study | B4: P01 | C4: MALE | D4: 20 | E4: AB | F4: Stimulus | G4: Baseline | H4: 20126 | I4: 60000 | J4: 60000 | K4: Baseline | L4: 1 | M4: 1 | N4: 1 | O4: 0.0698 | P4: =UPPER(TRIM(B4)) | Q4: =IFERROR(INDEX(SessionLog!$A$2:$A$26,MATCH(P4,SessionLog!$N$2:$N$26,0)),"NOT FOUND") | R4: =IFERROR(INDEX(SessionLog!$L$2:$L$26,MATCH(P4,SessionLog!$N$2:$N$26,0)),"NOT FOUND") | S4: =IF(R4="Yes",Q4&"|"&F4&"|"&G4&"|"&K4,"DROP") | T4: =IF(I4>0,J4/I4,0) | U4: =IF(T4>=0.8,1,0)
A5: SIMULATED Multimodal Ad Study | B5: P01 | C5: MALE | D5: 20 | E5: AB | F5: Stimulus | G5: Instructions | H5: 18 | I5: 20078 | J5: 20078 | K5: Instructions | L5: 1 | M5: 1 | N5: 2.988 | O5: 0.149 | P5: =UPPER(TRIM(B5)) | Q5: =IFERROR(INDEX(SessionLog!$A$2:$A$26,MATCH(P5,SessionLog!$N$2:$N$26,0)),"NOT FOUND") | R5: =IFERROR(INDEX(SessionLog!$L$2:$L$26,MATCH(P5,SessionLog!$N$2:$N$26,0)),"NOT FOUND") | S5: =IF(R5="Yes",Q5&"|"&F5&"|"&G5&"|"&K5,"DROP") | T5: =IF(I5>0,J5/I5,0) | U5: =IF(T5>=0.8,1,0)
A6: SIMULATED Multimodal Ad Study | B6: P01 | C6: MALE | D6: 20 | E6: AB | F6: Stimulus | G6: Questionnaire | H6: 140318 | I6: 136885 | J6: 136885 | K6: Questionnaire | L6: 1 | M6: 4 | N6: 1.753 | O6: 0.1184 | P6: =UPPER(TRIM(B6)) | Q6: =IFERROR(INDEX(SessionLog!$A$2:$A$26,MATCH(P6,SessionLog!$N$2:$N$26,0)),"NOT FOUND") | R6: =IFERROR(INDEX(SessionLog!$L$2:$L$26,MATCH(P6,SessionLog!$N$2:$N$26,0)),"NOT FOUND") | S6: =IF(R6="Yes",Q6&"|"&F6&"|"&G6&"|"&K6,"DROP") | T6: =IF(I6>0,J6/I6,0) | U6: =IF(T6>=0.8,1,0)
A7: SIMULATED Multimodal Ad Study | B7: P01 | C7: MALE | D7: 20 | E7: AB | F7: Annotation | G7: EndCard | H7: 105197 | I7: 5000 | J7: 5000 | K7: Ad_A | L7: 0 | M7: 0 | N7: 0 | O7: NA | P7: =UPPER(TRIM(B7)) | Q7: =IFERROR(INDEX(SessionLog!$A$2:$A$26,MATCH(P7,SessionLog!$N$2:$N$26,0)),"NOT FOUND") | R7: =IFERROR(INDEX(SessionLog!$L$2:$L$26,MATCH(P7,SessionLog!$N$2:$N$26,0)),"NOT FOUND") | S7: =IF(R7="Yes",Q7&"|"&F7&"|"&G7&"|"&K7,"DROP") | T7: =IF(I7>0,J7/I7,0) | U7: =IF(T7>=0.8,1,0)
A8: SIMULATED Multimodal Ad Study | B8: P01 | C8: MALE | D8: 20 | E8: AB | F8: Annotation | G8: EndCard | H8: 135268 | I8: 5000 | J8: 5000 | K8: Ad_B | L8: 1 | M8: 1 | N8: 12 | O8: 0.0863 | P8: =UPPER(TRIM(B8)) | Q8: =IFERROR(INDEX(SessionLog!$A$2:$A$26,MATCH(P8,SessionLog!$N$2:$N$26,0)),"NOT FOUND") | R8: =IFERROR(INDEX(SessionLog!$L$2:$L$26,MATCH(P8,SessionLog!$N$2:$N$26,0)),"NOT FOUND") | S8: =IF(R8="Yes",Q8&"|"&F8&"|"&G8&"|"&K8,"DROP") | T8: =IF(I8>0,J8/I8,0) | U8: =IF(T8>=0.8,1,0)
A9: SIMULATED Multimodal Ad Study | B9: P02 | C9: FEMALE | D9: 21 | E9: BA | F9: Stimulus | G9: Ad_A | H9: 106389 | I9: 30000 | J9: 30000 | K9: Ad_A | L9: 1 | M9: 2 | N9: 4 | O9: 0.1116 | P9: =UPPER(TRIM(B9)) | Q9: =IFERROR(INDEX(SessionLog!$A$2:$A$26,MATCH(P9,SessionLog!$N$2:$N$26,0)),"NOT FOUND") | R9: =IFERROR(INDEX(SessionLog!$L$2:$L$26,MATCH(P9,SessionLog!$N$2:$N$26,0)),"NOT FOUND") | S9: =IF(R9="Yes",Q9&"|"&F9&"|"&G9&"|"&K9,"DROP") | T9: =IF(I9>0,J9/I9,0) | U9: =IF(T9>=0.8,1,0)
A10: SIMULATED Multimodal Ad Study | B10: P02 | C10: FEMALE | D10: 21 | E10: BA | F10: Stimulus | G10: Ad_B | H10: 76315 | I10: 30000 | J10: 30000 | K10: Ad_B | L10: 0 | M10: 0 | N10: 0 | O10: NA | P10: =UPPER(TRIM(B10)) | Q10: =IFERROR(INDEX(SessionLog!$A$2:$A$26,MATCH(P10,SessionLog!$N$2:$N$26,0)),"NOT FOUND") | R10: =IFERROR(INDEX(SessionLog!$L$2:$L$26,MATCH(P10,SessionLog!$N$2:$N$26,0)),"NOT FOUND") | S10: =IF(R10="Yes",Q10&"|"&F10&"|"&G10&"|"&K10,"DROP") | T10: =IF(I10>0,J10/I10,0) | U10: =IF(T10>=0.8,1,0)
A11: SIMULATED Multimodal Ad Study | B11: P02 | C11: FEMALE | D11: 21 | E11: BA | F11: Stimulus | G11: Baseline | H11: 16250 | I11: 60000 | J11: 60000 | K11: Baseline | L11: 0 | M11: 0 | N11: 0 | O11: NA | P11: =UPPER(TRIM(B11)) | Q11: =IFERROR(INDEX(SessionLog!$A$2:$A$26,MATCH(P11,SessionLog!$N$2:$N$26,0)),"NOT FOUND") | R11: =IFERROR(INDEX(SessionLog!$L$2:$L$26,MATCH(P11,SessionLog!$N$2:$N$26,0)),"NOT FOUND") | S11: =IF(R11="Yes",Q11&"|"&F11&"|"&G11&"|"&K11,"DROP") | T11: =IF(I11>0,J11/I11,0) | U11: =IF(T11>=0.8,1,0)
A12: SIMULATED Multimodal Ad Study | B12: P02 | C12: FEMALE | D12: 21 | E12: BA | F12: Stimulus | G12: Instructions | H12: 22 | I12: 16186 | J12: 16186 | K12: Instructions | L12: 0 | M12: 0 | N12: 0 | O12: NA | P12: =UPPER(TRIM(B12)) | Q12: =IFERROR(INDEX(SessionLog!$A$2:$A$26,MATCH(P12,SessionLog!$N$2:$N$26,0)),"NOT FOUND") | R12: =IFERROR(INDEX(SessionLog!$L$2:$L$26,MATCH(P12,SessionLog!$N$2:$N$26,0)),"NOT FOUND") | S12: =IF(R12="Yes",Q12&"|"&F12&"|"&G12&"|"&K12,"DROP") | T12: =IF(I12>0,J12/I12,0) | U12: =IF(T12>=0.8,1,0)
A13: SIMULATED Multimodal Ad Study | B13: P02 | C13: FEMALE | D13: 21 | E13: BA | F13: Stimulus | G13: Questionnaire | H13: 136421 | I13: 95173 | J13: 95173 | K13: Questionnaire | L13: 1 | M13: 4 | N13: 2.522 | O13: 0.2783 | P13: =UPPER(TRIM(B13)) | Q13: =IFERROR(INDEX(SessionLog!$A$2:$A$26,MATCH(P13,SessionLog!$N$2:$N$26,0)),"NOT FOUND") | R13: =IFERROR(INDEX(SessionLog!$L$2:$L$26,MATCH(P13,SessionLog!$N$2:$N$26,0)),"NOT FOUND") | S13: =IF(R13="Yes",Q13&"|"&F13&"|"&G13&"|"&K13,"DROP") | T13: =IF(I13>0,J13/I13,0) | U13: =IF(T13>=0.8,1,0)
A14: SIMULATED Multimodal Ad Study | B14: P02 | C14: FEMALE | D14: 21 | E14: BA | F14: Annotation | G14: EndCard | H14: 131389 | I14: 5000 | J14: 5000 | K14: Ad_A | L14: 1 | M14: 1 | N14: 12 | O14: 0.08 | P14: =UPPER(TRIM(B14)) | Q14: =IFERROR(INDEX(SessionLog!$A$2:$A$26,MATCH(P14,SessionLog!$N$2:$N$26,0)),"NOT FOUND") | R14: =IFERROR(INDEX(SessionLog!$L$2:$L$26,MATCH(P14,SessionLog!$N$2:$N$26,0)),"NOT FOUND") | S14: =IF(R14="Yes",Q14&"|"&F14&"|"&G14&"|"&K14,"DROP") | T14: =IF(I14>0,J14/I14,0) | U14: =IF(T14>=0.8,1,0)
A15: SIMULATED Multimodal Ad Study | B15: P02 | C15: FEMALE | D15: 21 | E15: BA | F15: Annotation | G15: EndCard | H15: 101315 | I15: 5000 | J15: 5000 | K15: Ad_B | L15: 0 | M15: 0 | N15: 0 | O15: NA | P15: =UPPER(TRIM(B15)) | Q15: =IFERROR(INDEX(SessionLog!$A$2:$A$26,MATCH(P15,SessionLog!$N$2:$N$26,0)),"NOT FOUND") | R15: =IFERROR(INDEX(SessionLog!$L$2:$L$26,MATCH(P15,SessionLog!$N$2:$N$26,0)),"NOT FOUND") | S15: =IF(R15="Yes",Q15&"|"&F15&"|"&G15&"|"&K15,"DROP") | T15: =IF(I15>0,J15/I15,0) | U15: =IF(T15>=0.8,1,0)
A16: SIMULATED Multimodal Ad Study | B16: P03 | C16: MALE | D16: 21 | E16: AB | F16: Stimulus | G16: Ad_A | H16: 87922 | I16: 30000 | J16: 30000 | K16: Ad_A | L16: 1 | M16: 11 | N16: 22 | O16: 0.158 | P16: =UPPER(TRIM(B16)) | Q16: =IFERROR(INDEX(SessionLog!$A$2:$A$26,MATCH(P16,SessionLog!$N$2:$N$26,0)),"NOT FOUND") | R16: =IFERROR(INDEX(SessionLog!$L$2:$L$26,MATCH(P16,SessionLog!$N$2:$N$26,0)),"NOT FOUND") | S16: =IF(R16="Yes",Q16&"|"&F16&"|"&G16&"|"&K16,"DROP") | T16: =IF(I16>0,J16/I16,0) | U16: =IF(T16>=0.8,1,0)
A17: SIMULATED Multimodal Ad Study | B17: P03 | C17: MALE | D17: 21 | E17: AB | F17: Stimulus | G17: Ad_B | H17: 118011 | I17: 30000 | J17: 30000 | K17: Ad_B | L17: 1 | M17: 8 | N17: 16 | O17: 0.1617 | P17: =UPPER(TRIM(B17)) | Q17: =IFERROR(INDEX(SessionLog!$A$2:$A$26,MATCH(P17,SessionLog!$N$2:$N$26,0)),"NOT FOUND") | R17: =IFERROR(INDEX(SessionLog!$L$2:$L$26,MATCH(P17,SessionLog!$N$2:$N$26,0)),"NOT FOUND") | S17: =IF(R17="Yes",Q17&"|"&F17&"|"&G17&"|"&K17,"DROP") | T17: =IF(I17>0,J17/I17,0) | U17: =IF(T17>=0.8,1,0)
A18: SIMULATED Multimodal Ad Study | B18: P03 | C18: MALE | D18: 21 | E18: AB | F18: Stimulus | G18: Baseline | H18: 27838 | I18: 60000 | J18: 60000 | K18: Baseline | L18: 1 | M18: 2 | N18: 2 | O18: 0.0599 | P18: =UPPER(TRIM(B18)) | Q18: =IFERROR(INDEX(SessionLog!$A$2:$A$26,MATCH(P18,SessionLog!$N$2:$N$26,0)),"NOT FOUND") | R18: =IFERROR(INDEX(SessionLog!$L$2:$L$26,MATCH(P18,SessionLog!$N$2:$N$26,0)),"NOT FOUND") | S18: =IF(R18="Yes",Q18&"|"&F18&"|"&G18&"|"&K18,"DROP") | T18: =IF(I18>0,J18/I18,0) | U18: =IF(T18>=0.8,1,0)
A19: SIMULATED Multimodal Ad Study | B19: P03 | C19: MALE | D19: 21 | E19: AB | F19: Stimulus | G19: Instructions | H19: 29 | I19: 27765 | J19: 27765 | K19: Instructions | L19: 1 | M19: 2 | N19: 4.322 | O19: 0.182 | P19: =UPPER(TRIM(B19)) | Q19: =IFERROR(INDEX(SessionLog!$A$2:$A$26,MATCH(P19,SessionLog!$N$2:$N$26,0)),"NOT FOUND") | R19: =IFERROR(INDEX(SessionLog!$L$2:$L$26,MATCH(P19,SessionLog!$N$2:$N$26,0)),"NOT FOUND") | S19: =IF(R19="Yes",Q19&"|"&F19&"|"&G19&"|"&K19,"DROP") | T19: =IF(I19>0,J19/I19,0) | U19: =IF(T19>=0.8,1,0)
A20: SIMULATED Multimodal Ad Study | B20: P03 | C20: MALE | D20: 21 | E20: AB | F20: Stimulus | G20: Questionnaire | H20: 148055 | I20: 111565 | J20: 111565 | K20: Questionnaire | L20: 1 | M20: 6 | N20: 3.227 | O20: 0.2739 | P20: =UPPER(TRIM(B20)) | Q20: =IFERROR(INDEX(SessionLog!$A$2:$A$26,MATCH(P20,SessionLog!$N$2:$N$26,0)),"NOT FOUND") | R20: =IFERROR(INDEX(SessionLog!$L$2:$L$26,MATCH(P20,SessionLog!$N$2:$N$26,0)),"NOT FOUND") | S20: =IF(R20="Yes",Q20&"|"&F20&"|"&G20&"|"&K20,"DROP") | T20: =IF(I20>0,J20/I20,0) | U20: =IF(T20>=0.8,1,0)
A21: SIMULATED Multimodal Ad Study | B21: P03 | C21: MALE | D21: 21 | E21: AB | F21: Annotation | G21: EndCard | H21: 112922 | I21: 5000 | J21: 5000 | K21: Ad_A | L21: 1 | M21: 3 | N21: 36 | O21: 0.2457 | P21: =UPPER(TRIM(B21)) | Q21: =IFERROR(INDEX(SessionLog!$A$2:$A$26,MATCH(P21,SessionLog!$N$2:$N$26,0)),"NOT FOUND") | R21: =IFERROR(INDEX(SessionLog!$L$2:$L$26,MATCH(P21,SessionLog!$N$2:$N$26,0)),"NOT FOUND") | S21: =IF(R21="Yes",Q21&"|"&F21&"|"&G21&"|"&K21,"DROP") | T21: =IF(I21>0,J21/I21,0) | U21: =IF(T21>=0.8,1,0)
A22: SIMULATED Multimodal Ad Study | B22: P03 | C22: MALE | D22: 21 | E22: AB | F22: Annotation | G22: EndCard | H22: 143011 | I22: 5000 | J22: 5000 | K22: Ad_B | L22: 1 | M22: 1 | N22: 12 | O22: 0.0726 | P22: =UPPER(TRIM(B22)) | Q22: =IFERROR(INDEX(SessionLog!$A$2:$A$26,MATCH(P22,SessionLog!$N$2:$N$26,0)),"NOT FOUND") | R22: =IFERROR(INDEX(SessionLog!$L$2:$L$26,MATCH(P22,SessionLog!$N$2:$N$26,0)),"NOT FOUND") | S22: =IF(R22="Yes",Q22&"|"&F22&"|"&G22&"|"&K22,"DROP") | T22: =IF(I22>0,J22/I22,0) | U22: =IF(T22>=0.8,1,0)
A23: SIMULATED Multimodal Ad Study | B23: P04 | C23: FEMALE | D23: 22 | E23: BA | F23: Stimulus | G23: Baseline | H23: 13727 | I23: 23585 | J23: 23585 | K23: Baseline | L23: 1 | M23: 3 | N23: 7.632 | O23: 0.1326 | P23: =UPPER(TRIM(B23)) | Q23: =IFERROR(INDEX(SessionLog!$A$2:$A$26,MATCH(P23,SessionLog!$N$2:$N$26,0)),"NOT FOUND") | R23: =IFERROR(INDEX(SessionLog!$L$2:$L$26,MATCH(P23,SessionLog!$N$2:$N$26,0)),"NOT FOUND") | S23: =IF(R23="Yes",Q23&"|"&F23&"|"&G23&"|"&K23,"DROP") | T23: =IF(I23>0,J23/I23,0) | U23: =IF(T23>=0.8,1,0)
A24: SIMULATED Multimodal Ad Study | B24: P04 | C24: FEMALE | D24: 22 | E24: BA | F24: Stimulus | G24: Instructions | H24: 39 | I24: 13648 | J24: 13648 | K24: Instructions | L24: 1 | M24: 1 | N24: 4.396 | O24: 0.2811 | P24: =UPPER(TRIM(B24)) | Q24: =IFERROR(INDEX(SessionLog!$A$2:$A$26,MATCH(P24,SessionLog!$N$2:$N$26,0)),"NOT FOUND") | R24: =IFERROR(INDEX(SessionLog!$L$2:$L$26,MATCH(P24,SessionLog!$N$2:$N$26,0)),"NOT FOUND") | S24: =IF(R24="Yes",Q24&"|"&F24&"|"&G24&"|"&K24,"DROP") | T24: =IF(I24>0,J24/I24,0) | U24: =IF(T24>=0.8,1,0)
A25: SIMULATED Multimodal Ad Study | B25: P04_rerun | C25: FEMALE | D25: 22 | E25: BA | F25: Stimulus | G25: Ad_A | H25: 107234 | I25: 30000 | J25: 30000 | K25: Ad_A | L25: 0 | M25: 0 | N25: 0 | O25: NA | P25: =UPPER(TRIM(B25)) | Q25: =IFERROR(INDEX(SessionLog!$A$2:$A$26,MATCH(P25,SessionLog!$N$2:$N$26,0)),"NOT FOUND") | R25: =IFERROR(INDEX(SessionLog!$L$2:$L$26,MATCH(P25,SessionLog!$N$2:$N$26,0)),"NOT FOUND") | S25: =IF(R25="Yes",Q25&"|"&F25&"|"&G25&"|"&K25,"DROP") | T25: =IF(I25>0,J25/I25,0) | U25: =IF(T25>=0.8,1,0)
A26: SIMULATED Multimodal Ad Study | B26: P04_rerun | C26: FEMALE | D26: 22 | E26: BA | F26: Stimulus | G26: Ad_B | H26: 77182 | I26: 30000 | J26: 30000 | K26: Ad_B | L26: 1 | M26: 4 | N26: 8 | O26: 0.2299 | P26: =UPPER(TRIM(B26)) | Q26: =IFERROR(INDEX(SessionLog!$A$2:$A$26,MATCH(P26,SessionLog!$N$2:$N$26,0)),"NOT FOUND") | R26: =IFERROR(INDEX(SessionLog!$L$2:$L$26,MATCH(P26,SessionLog!$N$2:$N$26,0)),"NOT FOUND") | S26: =IF(R26="Yes",Q26&"|"&F26&"|"&G26&"|"&K26,"DROP") | T26: =IF(I26>0,J26/I26,0) | U26: =IF(T26>=0.8,1,0)
A27: SIMULATED Multimodal Ad Study | B27: P04_rerun | C27: FEMALE | D27: 22 | E27: BA | F27: Stimulus | G27: Baseline | H27: 17098 | I27: 60000 | J27: 60000 | K27: Baseline | L27: 1 | M27: 5 | N27: 5 | O27: 0.17 | P27: =UPPER(TRIM(B27)) | Q27: =IFERROR(INDEX(SessionLog!$A$2:$A$26,MATCH(P27,SessionLog!$N$2:$N$26,0)),"NOT FOUND") | R27: =IFERROR(INDEX(SessionLog!$L$2:$L$26,MATCH(P27,SessionLog!$N$2:$N$26,0)),"NOT FOUND") | S27: =IF(R27="Yes",Q27&"|"&F27&"|"&G27&"|"&K27,"DROP") | T27: =IF(I27>0,J27/I27,0) | U27: =IF(T27>=0.8,1,0)
A28: SIMULATED Multimodal Ad Study | B28: P04_rerun | C28: FEMALE | D28: 22 | E28: BA | F28: Stimulus | G28: Instructions | H28: 28 | I28: 17024 | J28: 17024 | K28: Instructions | L28: 1 | M28: 1 | N28: 3.524 | O28: 0.0839 | P28: =UPPER(TRIM(B28)) | Q28: =IFERROR(INDEX(SessionLog!$A$2:$A$26,MATCH(P28,SessionLog!$N$2:$N$26,0)),"NOT FOUND") | R28: =IFERROR(INDEX(SessionLog!$L$2:$L$26,MATCH(P28,SessionLog!$N$2:$N$26,0)),"NOT FOUND") | S28: =IF(R28="Yes",Q28&"|"&F28&"|"&G28&"|"&K28,"DROP") | T28: =IF(I28>0,J28/I28,0) | U28: =IF(T28>=0.8,1,0)
A29: SIMULATED Multimodal Ad Study | B29: P04_rerun | C29: FEMALE | D29: 22 | E29: BA | F29: Stimulus | G29: Questionnaire | H29: 137272 | I29: 149547 | J29: 149547 | K29: Questionnaire | L29: 1 | M29: 12 | N29: 4.815 | O29: 0.1544 | P29: =UPPER(TRIM(B29)) | Q29: =IFERROR(INDEX(SessionLog!$A$2:$A$26,MATCH(P29,SessionLog!$N$2:$N$26,0)),"NOT FOUND") | R29: =IFERROR(INDEX(SessionLog!$L$2:$L$26,MATCH(P29,SessionLog!$N$2:$N$26,0)),"NOT FOUND") | S29: =IF(R29="Yes",Q29&"|"&F29&"|"&G29&"|"&K29,"DROP") | T29: =IF(I29>0,J29/I29,0) | U29: =IF(T29>=0.8,1,0)
A30: SIMULATED Multimodal Ad Study | B30: P04_rerun | C30: FEMALE | D30: 22 | E30: BA | F30: Annotation | G30: EndCard | H30: 132234 | I30: 5000 | J30: 5000 | K30: Ad_A | L30: 0 | M30: 0 | N30: 0 | O30: NA | P30: =UPPER(TRIM(B30)) | Q30: =IFERROR(INDEX(SessionLog!$A$2:$A$26,MATCH(P30,SessionLog!$N$2:$N$26,0)),"NOT FOUND") | R30: =IFERROR(INDEX(SessionLog!$L$2:$L$26,MATCH(P30,SessionLog!$N$2:$N$26,0)),"NOT FOUND") | S30: =IF(R30="Yes",Q30&"|"&F30&"|"&G30&"|"&K30,"DROP") | T30: =IF(I30>0,J30/I30,0) | U30: =IF(T30>=0.8,1,0)
A31: SIMULATED Multimodal Ad Study | B31: P04_rerun | C31: FEMALE | D31: 22 | E31: BA | F31: Annotation | G31: EndCard | H31: 102182 | I31: 5000 | J31: 5000 | K31: Ad_B | L31: 0 | M31: 0 | N31: 0 | O31: NA | P31: =UPPER(TRIM(B31)) | Q31: =IFERROR(INDEX(SessionLog!$A$2:$A$26,MATCH(P31,SessionLog!$N$2:$N$26,0)),"NOT FOUND") | R31: =IFERROR(INDEX(SessionLog!$L$2:$L$26,MATCH(P31,SessionLog!$N$2:$N$26,0)),"NOT FOUND") | S31: =IF(R31="Yes",Q31&"|"&F31&"|"&G31&"|"&K31,"DROP") | T31: =IF(I31>0,J31/I31,0) | U31: =IF(T31>=0.8,1,0)
A32: SIMULATED Multimodal Ad Study | B32: P05 | C32: FEMALE | D32: 20 | E32: AB | F32: Stimulus | G32: Ad_A | H32: 78150 | I32: 30000 | J32: 30000 | K32: Ad_A | L32: 1 | M32: 6 | N32: 12 | O32: 0.082 | P32: =UPPER(TRIM(B32)) | Q32: =IFERROR(INDEX(SessionLog!$A$2:$A$26,MATCH(P32,SessionLog!$N$2:$N$26,0)),"NOT FOUND") | R32: =IFERROR(INDEX(SessionLog!$L$2:$L$26,MATCH(P32,SessionLog!$N$2:$N$26,0)),"NOT FOUND") | S32: =IF(R32="Yes",Q32&"|"&F32&"|"&G32&"|"&K32,"DROP") | T32: =IF(I32>0,J32/I32,0) | U32: =IF(T32>=0.8,1,0)
A33: SIMULATED Multimodal Ad Study | B33: P05 | C33: FEMALE | D33: 20 | E33: AB | F33: Stimulus | G33: Ad_B | H33: 108252 | I33: 30000 | J33: 7812 | K33: Ad_B | L33: 1 | M33: 1 | N33: 7.68 | O33: 0.2694 | P33: =UPPER(TRIM(B33)) | Q33: =IFERROR(INDEX(SessionLog!$A$2:$A$26,MATCH(P33,SessionLog!$N$2:$N$26,0)),"NOT FOUND") | R33: =IFERROR(INDEX(SessionLog!$L$2:$L$26,MATCH(P33,SessionLog!$N$2:$N$26,0)),"NOT FOUND") | S33: =IF(R33="Yes",Q33&"|"&F33&"|"&G33&"|"&K33,"DROP") | T33: =IF(I33>0,J33/I33,0) | U33: =IF(T33>=0.8,1,0)
A34: SIMULATED Multimodal Ad Study | B34: P05 | C34: FEMALE | D34: 20 | E34: AB | F34: Stimulus | G34: Baseline | H34: 18034 | I34: 60000 | J34: 60000 | K34: Baseline | L34: 1 | M34: 6 | N34: 6 | O34: 0.3076 | P34: =UPPER(TRIM(B34)) | Q34: =IFERROR(INDEX(SessionLog!$A$2:$A$26,MATCH(P34,SessionLog!$N$2:$N$26,0)),"NOT FOUND") | R34: =IFERROR(INDEX(SessionLog!$L$2:$L$26,MATCH(P34,SessionLog!$N$2:$N$26,0)),"NOT FOUND") | S34: =IF(R34="Yes",Q34&"|"&F34&"|"&G34&"|"&K34,"DROP") | T34: =IF(I34>0,J34/I34,0) | U34: =IF(T34>=0.8,1,0)
A35: SIMULATED Multimodal Ad Study | B35: P05 | C35: FEMALE | D35: 20 | E35: AB | F35: Stimulus | G35: Instructions | H35: 17 | I35: 17988 | J35: 17988 | K35: Instructions | L35: 1 | M35: 1 | N35: 3.336 | O35: 0.1312 | P35: =UPPER(TRIM(B35)) | Q35: =IFERROR(INDEX(SessionLog!$A$2:$A$26,MATCH(P35,SessionLog!$N$2:$N$26,0)),"NOT FOUND") | R35: =IFERROR(INDEX(SessionLog!$L$2:$L$26,MATCH(P35,SessionLog!$N$2:$N$26,0)),"NOT FOUND") | S35: =IF(R35="Yes",Q35&"|"&F35&"|"&G35&"|"&K35,"DROP") | T35: =IF(I35>0,J35/I35,0) | U35: =IF(T35>=0.8,1,0)
A36: SIMULATED Multimodal Ad Study | B36: P05 | C36: FEMALE | D36: 20 | E36: AB | F36: Stimulus | G36: Questionnaire | H36: 138299 | I36: 153662 | J36: 0 | K36: Questionnaire | L36: 0 | M36: 0 | N36: NA | O36: NA | P36: =UPPER(TRIM(B36)) | Q36: =IFERROR(INDEX(SessionLog!$A$2:$A$26,MATCH(P36,SessionLog!$N$2:$N$26,0)),"NOT FOUND") | R36: =IFERROR(INDEX(SessionLog!$L$2:$L$26,MATCH(P36,SessionLog!$N$2:$N$26,0)),"NOT FOUND") | S36: =IF(R36="Yes",Q36&"|"&F36&"|"&G36&"|"&K36,"DROP") | T36: =IF(I36>0,J36/I36,0) | U36: =IF(T36>=0.8,1,0)
A37: SIMULATED Multimodal Ad Study | B37: P05 | C37: FEMALE | D37: 20 | E37: AB | F37: Annotation | G37: EndCard | H37: 103150 | I37: 5000 | J37: 5000 | K37: Ad_A | L37: 0 | M37: 0 | N37: 0 | O37: NA | P37: =UPPER(TRIM(B37)) | Q37: =IFERROR(INDEX(SessionLog!$A$2:$A$26,MATCH(P37,SessionLog!$N$2:$N$26,0)),"NOT FOUND") | R37: =IFERROR(INDEX(SessionLog!$L$2:$L$26,MATCH(P37,SessionLog!$N$2:$N$26,0)),"NOT FOUND") | S37: =IF(R37="Yes",Q37&"|"&F37&"|"&G37&"|"&K37,"DROP") | T37: =IF(I37>0,J37/I37,0) | U37: =IF(T37>=0.8,1,0)
A38: SIMULATED Multimodal Ad Study | B38: P05 | C38: FEMALE | D38: 20 | E38: AB | F38: Annotation | G38: EndCard | H38: 133252 | I38: 5000 | J38: 0 | K38: Ad_B | L38: 0 | M38: 0 | N38: NA | O38: NA | P38: =UPPER(TRIM(B38)) | Q38: =IFERROR(INDEX(SessionLog!$A$2:$A$26,MATCH(P38,SessionLog!$N$2:$N$26,0)),"NOT FOUND") | R38: =IFERROR(INDEX(SessionLog!$L$2:$L$26,MATCH(P38,SessionLog!$N$2:$N$26,0)),"NOT FOUND") | S38: =IF(R38="Yes",Q38&"|"&F38&"|"&G38&"|"&K38,"DROP") | T38: =IF(I38>0,J38/I38,0) | U38: =IF(T38>=0.8,1,0)
A39: SIMULATED Multimodal Ad Study | B39: P06 | C39: FEMALE | D39: 26 | E39: BA | F39: Stimulus | G39: Ad_A | H39: 116781 | I39: 30000 | J39: 30000 | K39: Ad_A | L39: 1 | M39: 2 | N39: 4 | O39: 0.091 | P39: =UPPER(TRIM(B39)) | Q39: =IFERROR(INDEX(SessionLog!$A$2:$A$26,MATCH(P39,SessionLog!$N$2:$N$26,0)),"NOT FOUND") | R39: =IFERROR(INDEX(SessionLog!$L$2:$L$26,MATCH(P39,SessionLog!$N$2:$N$26,0)),"NOT FOUND") | S39: =IF(R39="Yes",Q39&"|"&F39&"|"&G39&"|"&K39,"DROP") | T39: =IF(I39>0,J39/I39,0) | U39: =IF(T39>=0.8,1,0)
A40: SIMULATED Multimodal Ad Study | B40: P06 | C40: FEMALE | D40: 26 | E40: BA | F40: Stimulus | G40: Ad_B | H40: 86693 | I40: 30000 | J40: 30000 | K40: Ad_B | L40: 1 | M40: 1 | N40: 2 | O40: 0.1239 | P40: =UPPER(TRIM(B40)) | Q40: =IFERROR(INDEX(SessionLog!$A$2:$A$26,MATCH(P40,SessionLog!$N$2:$N$26,0)),"NOT FOUND") | R40: =IFERROR(INDEX(SessionLog!$L$2:$L$26,MATCH(P40,SessionLog!$N$2:$N$26,0)),"NOT FOUND") | S40: =IF(R40="Yes",Q40&"|"&F40&"|"&G40&"|"&K40,"DROP") | T40: =IF(I40>0,J40/I40,0) | U40: =IF(T40>=0.8,1,0)
A41: SIMULATED Multimodal Ad Study | B41: P06 | C41: FEMALE | D41: 26 | E41: BA | F41: Stimulus | G41: Baseline | H41: 26597 | I41: 60000 | J41: 60000 | K41: Baseline | L41: 1 | M41: 1 | N41: 1 | O41: 0.0616 | P41: =UPPER(TRIM(B41)) | Q41: =IFERROR(INDEX(SessionLog!$A$2:$A$26,MATCH(P41,SessionLog!$N$2:$N$26,0)),"NOT FOUND") | R41: =IFERROR(INDEX(SessionLog!$L$2:$L$26,MATCH(P41,SessionLog!$N$2:$N$26,0)),"NOT FOUND") | S41: =IF(R41="Yes",Q41&"|"&F41&"|"&G41&"|"&K41,"DROP") | T41: =IF(I41>0,J41/I41,0) | U41: =IF(T41>=0.8,1,0)
A42: SIMULATED Multimodal Ad Study | B42: P06 | C42: FEMALE | D42: 26 | E42: BA | F42: Stimulus | G42: Instructions | H42: 28 | I42: 26522 | J42: 26522 | K42: Instructions | L42: 1 | M42: 1 | N42: 2.262 | O42: 0.1688 | P42: =UPPER(TRIM(B42)) | Q42: =IFERROR(INDEX(SessionLog!$A$2:$A$26,MATCH(P42,SessionLog!$N$2:$N$26,0)),"NOT FOUND") | R42: =IFERROR(INDEX(SessionLog!$L$2:$L$26,MATCH(P42,SessionLog!$N$2:$N$26,0)),"NOT FOUND") | S42: =IF(R42="Yes",Q42&"|"&F42&"|"&G42&"|"&K42,"DROP") | T42: =IF(I42>0,J42/I42,0) | U42: =IF(T42>=0.8,1,0)
A43: SIMULATED Multimodal Ad Study | B43: P06 | C43: FEMALE | D43: 26 | E43: BA | F43: Stimulus | G43: Questionnaire | H43: 146821 | I43: 92876 | J43: 92876 | K43: Questionnaire | L43: 1 | M43: 5 | N43: 3.23 | O43: 0.1295 | P43: =UPPER(TRIM(B43)) | Q43: =IFERROR(INDEX(SessionLog!$A$2:$A$26,MATCH(P43,SessionLog!$N$2:$N$26,0)),"NOT FOUND") | R43: =IFERROR(INDEX(SessionLog!$L$2:$L$26,MATCH(P43,SessionLog!$N$2:$N$26,0)),"NOT FOUND") | S43: =IF(R43="Yes",Q43&"|"&F43&"|"&G43&"|"&K43,"DROP") | T43: =IF(I43>0,J43/I43,0) | U43: =IF(T43>=0.8,1,0)
A44: SIMULATED Multimodal Ad Study | B44: P06 | C44: FEMALE | D44: 26 | E44: BA | F44: Annotation | G44: EndCard | H44: 141781 | I44: 5000 | J44: 5000 | K44: Ad_A | L44: 0 | M44: 0 | N44: 0 | O44: NA | P44: =UPPER(TRIM(B44)) | Q44: =IFERROR(INDEX(SessionLog!$A$2:$A$26,MATCH(P44,SessionLog!$N$2:$N$26,0)),"NOT FOUND") | R44: =IFERROR(INDEX(SessionLog!$L$2:$L$26,MATCH(P44,SessionLog!$N$2:$N$26,0)),"NOT FOUND") | S44: =IF(R44="Yes",Q44&"|"&F44&"|"&G44&"|"&K44,"DROP") | T44: =IF(I44>0,J44/I44,0) | U44: =IF(T44>=0.8,1,0)
A45: SIMULATED Multimodal Ad Study | B45: P06 | C45: FEMALE | D45: 26 | E45: BA | F45: Annotation | G45: EndCard | H45: 111693 | I45: 5000 | J45: 5000 | K45: Ad_B | L45: 1 | M45: 1 | N45: 12 | O45: 0.1239 | P45: =UPPER(TRIM(B45)) | Q45: =IFERROR(INDEX(SessionLog!$A$2:$A$26,MATCH(P45,SessionLog!$N$2:$N$26,0)),"NOT FOUND") | R45: =IFERROR(INDEX(SessionLog!$L$2:$L$26,MATCH(P45,SessionLog!$N$2:$N$26,0)),"NOT FOUND") | S45: =IF(R45="Yes",Q45&"|"&F45&"|"&G45&"|"&K45,"DROP") | T45: =IF(I45>0,J45/I45,0) | U45: =IF(T45>=0.8,1,0)
A46: SIMULATED Multimodal Ad Study | B46: P07 | C46: FEMALE | D46: 23 | E46: AB | F46: Stimulus | G46: Ad_A | H46: 79162 | I46: 30000 | J46: 30000 | K46: Ad_A | L46: 1 | M46: 3 | N46: 6 | O46: 0.2421 | P46: =UPPER(TRIM(B46)) | Q46: =IFERROR(INDEX(SessionLog!$A$2:$A$26,MATCH(P46,SessionLog!$N$2:$N$26,0)),"NOT FOUND") | R46: =IFERROR(INDEX(SessionLog!$L$2:$L$26,MATCH(P46,SessionLog!$N$2:$N$26,0)),"NOT FOUND") | S46: =IF(R46="Yes",Q46&"|"&F46&"|"&G46&"|"&K46,"DROP") | T46: =IF(I46>0,J46/I46,0) | U46: =IF(T46>=0.8,1,0)
A47: SIMULATED Multimodal Ad Study | B47: P07 | C47: FEMALE | D47: 23 | E47: AB | F47: Stimulus | G47: Ad_B | H47: 109269 | I47: 30000 | J47: 30000 | K47: Ad_B | L47: 1 | M47: 1 | N47: 2 | O47: 0.1754 | P47: =UPPER(TRIM(B47)) | Q47: =IFERROR(INDEX(SessionLog!$A$2:$A$26,MATCH(P47,SessionLog!$N$2:$N$26,0)),"NOT FOUND") | R47: =IFERROR(INDEX(SessionLog!$L$2:$L$26,MATCH(P47,SessionLog!$N$2:$N$26,0)),"NOT FOUND") | S47: =IF(R47="Yes",Q47&"|"&F47&"|"&G47&"|"&K47,"DROP") | T47: =IF(I47>0,J47/I47,0) | U47: =IF(T47>=0.8,1,0)
A48: SIMULATED Multimodal Ad Study | B48: P07 | C48: FEMALE | D48: 23 | E48: AB | F48: Stimulus | G48: Baseline | H48: 19041 | I48: 60000 | J48: 60000 | K48: Baseline | L48: 1 | M48: 2 | N48: 2 | O48: 0.2542 | P48: =UPPER(TRIM(B48)) | Q48: =IFERROR(INDEX(SessionLog!$A$2:$A$26,MATCH(P48,SessionLog!$N$2:$N$26,0)),"NOT FOUND") | R48: =IFERROR(INDEX(SessionLog!$L$2:$L$26,MATCH(P48,SessionLog!$N$2:$N$26,0)),"NOT FOUND") | S48: =IF(R48="Yes",Q48&"|"&F48&"|"&G48&"|"&K48,"DROP") | T48: =IF(I48>0,J48/I48,0) | U48: =IF(T48>=0.8,1,0)
A49: SIMULATED Multimodal Ad Study | B49: P07 | C49: FEMALE | D49: 23 | E49: AB | F49: Stimulus | G49: Instructions | H49: 40 | I49: 18969 | J49: 18969 | K49: Instructions | L49: 0 | M49: 0 | N49: 0 | O49: NA | P49: =UPPER(TRIM(B49)) | Q49: =IFERROR(INDEX(SessionLog!$A$2:$A$26,MATCH(P49,SessionLog!$N$2:$N$26,0)),"NOT FOUND") | R49: =IFERROR(INDEX(SessionLog!$L$2:$L$26,MATCH(P49,SessionLog!$N$2:$N$26,0)),"NOT FOUND") | S49: =IF(R49="Yes",Q49&"|"&F49&"|"&G49&"|"&K49,"DROP") | T49: =IF(I49>0,J49/I49,0) | U49: =IF(T49>=0.8,1,0)
A50: SIMULATED Multimodal Ad Study | B50: P07 | C50: FEMALE | D50: 23 | E50: AB | F50: Stimulus | G50: Questionnaire | H50: 139308 | I50: 127104 | J50: 127104 | K50: Questionnaire | L50: 1 | M50: 2 | N50: 0.944 | O50: 0.1871 | P50: =UPPER(TRIM(B50)) | Q50: =IFERROR(INDEX(SessionLog!$A$2:$A$26,MATCH(P50,SessionLog!$N$2:$N$26,0)),"NOT FOUND") | R50: =IFERROR(INDEX(SessionLog!$L$2:$L$26,MATCH(P50,SessionLog!$N$2:$N$26,0)),"NOT FOUND") | S50: =IF(R50="Yes",Q50&"|"&F50&"|"&G50&"|"&K50,"DROP") | T50: =IF(I50>0,J50/I50,0) | U50: =IF(T50>=0.8,1,0)
A51: SIMULATED Multimodal Ad Study | B51: P07 | C51: FEMALE | D51: 23 | E51: AB | F51: Annotation | G51: EndCard | H51: 104162 | I51: 5000 | J51: 5000 | K51: Ad_A | L51: 1 | M51: 1 | N51: 12 | O51: 0.5089 | P51: =UPPER(TRIM(B51)) | Q51: =IFERROR(INDEX(SessionLog!$A$2:$A$26,MATCH(P51,SessionLog!$N$2:$N$26,0)),"NOT FOUND") | R51: =IFERROR(INDEX(SessionLog!$L$2:$L$26,MATCH(P51,SessionLog!$N$2:$N$26,0)),"NOT FOUND") | S51: =IF(R51="Yes",Q51&"|"&F51&"|"&G51&"|"&K51,"DROP") | T51: =IF(I51>0,J51/I51,0) | U51: =IF(T51>=0.8,1,0)
A52: SIMULATED Multimodal Ad Study | B52: P07 | C52: FEMALE | D52: 23 | E52: AB | F52: Annotation | G52: EndCard | H52: 134269 | I52: 5000 | J52: 5000 | K52: Ad_B | L52: 1 | M52: 1 | N52: 12 | O52: 0.1754 | P52: =UPPER(TRIM(B52)) | Q52: =IFERROR(INDEX(SessionLog!$A$2:$A$26,MATCH(P52,SessionLog!$N$2:$N$26,0)),"NOT FOUND") | R52: =IFERROR(INDEX(SessionLog!$L$2:$L$26,MATCH(P52,SessionLog!$N$2:$N$26,0)),"NOT FOUND") | S52: =IF(R52="Yes",Q52&"|"&F52&"|"&G52&"|"&K52,"DROP") | T52: =IF(I52>0,J52/I52,0) | U52: =IF(T52>=0.8,1,0)
A53: SIMULATED Multimodal Ad Study | B53: P08 | C53: FEMALE | D53: 21 | E53: BA | F53: Stimulus | G53: Ad_A | H53: 116225 | I53: 30000 | J53: 30000 | K53: Ad_A | L53: 1 | M53: 3 | N53: 6 | O53: 0.1088 | P53: =UPPER(TRIM(B53)) | Q53: =IFERROR(INDEX(SessionLog!$A$2:$A$26,MATCH(P53,SessionLog!$N$2:$N$26,0)),"NOT FOUND") | R53: =IFERROR(INDEX(SessionLog!$L$2:$L$26,MATCH(P53,SessionLog!$N$2:$N$26,0)),"NOT FOUND") | S53: =IF(R53="Yes",Q53&"|"&F53&"|"&G53&"|"&K53,"DROP") | T53: =IF(I53>0,J53/I53,0) | U53: =IF(T53>=0.8,1,0)
A54: SIMULATED Multimodal Ad Study | B54: P08 | C54: FEMALE | D54: 21 | E54: BA | F54: Stimulus | G54: Ad_B | H54: 86145 | I54: 30000 | J54: 30000 | K54: Ad_B | L54: 1 | M54: 5 | N54: 10 | O54: 0.1343 | P54: =UPPER(TRIM(B54)) | Q54: =IFERROR(INDEX(SessionLog!$A$2:$A$26,MATCH(P54,SessionLog!$N$2:$N$26,0)),"NOT FOUND") | R54: =IFERROR(INDEX(SessionLog!$L$2:$L$26,MATCH(P54,SessionLog!$N$2:$N$26,0)),"NOT FOUND") | S54: =IF(R54="Yes",Q54&"|"&F54&"|"&G54&"|"&K54,"DROP") | T54: =IF(I54>0,J54/I54,0) | U54: =IF(T54>=0.8,1,0)
A55: SIMULATED Multimodal Ad Study | B55: P08 | C55: FEMALE | D55: 21 | E55: BA | F55: Stimulus | G55: Baseline | H55: 26053 | I55: 60000 | J55: 60000 | K55: Baseline | L55: 0 | M55: 0 | N55: 0 | O55: NA | P55: =UPPER(TRIM(B55)) | Q55: =IFERROR(INDEX(SessionLog!$A$2:$A$26,MATCH(P55,SessionLog!$N$2:$N$26,0)),"NOT FOUND") | R55: =IFERROR(INDEX(SessionLog!$L$2:$L$26,MATCH(P55,SessionLog!$N$2:$N$26,0)),"NOT FOUND") | S55: =IF(R55="Yes",Q55&"|"&F55&"|"&G55&"|"&K55,"DROP") | T55: =IF(I55>0,J55/I55,0) | U55: =IF(T55>=0.8,1,0)
A56: SIMULATED Multimodal Ad Study | B56: P08 | C56: FEMALE | D56: 21 | E56: BA | F56: Stimulus | G56: Instructions | H56: 29 | I56: 25982 | J56: 25982 | K56: Instructions | L56: 1 | M56: 1 | N56: 2.309 | O56: 0.0766 | P56: =UPPER(TRIM(B56)) | Q56: =IFERROR(INDEX(SessionLog!$A$2:$A$26,MATCH(P56,SessionLog!$N$2:$N$26,0)),"NOT FOUND") | R56: =IFERROR(INDEX(SessionLog!$L$2:$L$26,MATCH(P56,SessionLog!$N$2:$N$26,0)),"NOT FOUND") | S56: =IF(R56="Yes",Q56&"|"&F56&"|"&G56&"|"&K56,"DROP") | T56: =IF(I56>0,J56/I56,0) | U56: =IF(T56>=0.8,1,0)
A57: SIMULATED Multimodal Ad Study | B57: P08 | C57: FEMALE | D57: 21 | E57: BA | F57: Stimulus | G57: Questionnaire | H57: 146251 | I57: 94377 | J57: 94377 | K57: Questionnaire | L57: 1 | M57: 8 | N57: 5.086 | O57: 0.1814 | P57: =UPPER(TRIM(B57)) | Q57: =IFERROR(INDEX(SessionLog!$A$2:$A$26,MATCH(P57,SessionLog!$N$2:$N$26,0)),"NOT FOUND") | R57: =IFERROR(INDEX(SessionLog!$L$2:$L$26,MATCH(P57,SessionLog!$N$2:$N$26,0)),"NOT FOUND") | S57: =IF(R57="Yes",Q57&"|"&F57&"|"&G57&"|"&K57,"DROP") | T57: =IF(I57>0,J57/I57,0) | U57: =IF(T57>=0.8,1,0)
A58: SIMULATED Multimodal Ad Study | B58: P08 | C58: FEMALE | D58: 21 | E58: BA | F58: Annotation | G58: EndCard | H58: 141225 | I58: 5000 | J58: 5000 | K58: Ad_A | L58: 1 | M58: 1 | N58: 12 | O58: 0.0666 | P58: =UPPER(TRIM(B58)) | Q58: =IFERROR(INDEX(SessionLog!$A$2:$A$26,MATCH(P58,SessionLog!$N$2:$N$26,0)),"NOT FOUND") | R58: =IFERROR(INDEX(SessionLog!$L$2:$L$26,MATCH(P58,SessionLog!$N$2:$N$26,0)),"NOT FOUND") | S58: =IF(R58="Yes",Q58&"|"&F58&"|"&G58&"|"&K58,"DROP") | T58: =IF(I58>0,J58/I58,0) | U58: =IF(T58>=0.8,1,0)
A59: SIMULATED Multimodal Ad Study | B59: P08 | C59: FEMALE | D59: 21 | E59: BA | F59: Annotation | G59: EndCard | H59: 111145 | I59: 5000 | J59: 5000 | K59: Ad_B | L59: 0 | M59: 0 | N59: 0 | O59: NA | P59: =UPPER(TRIM(B59)) | Q59: =IFERROR(INDEX(SessionLog!$A$2:$A$26,MATCH(P59,SessionLog!$N$2:$N$26,0)),"NOT FOUND") | R59: =IFERROR(INDEX(SessionLog!$L$2:$L$26,MATCH(P59,SessionLog!$N$2:$N$26,0)),"NOT FOUND") | S59: =IF(R59="Yes",Q59&"|"&F59&"|"&G59&"|"&K59,"DROP") | T59: =IF(I59>0,J59/I59,0) | U59: =IF(T59>=0.8,1,0)
A60: SIMULATED Multimodal Ad Study | B60: P09 | C60: FEMALE | D60: 20 | E60: AB | F60: Stimulus | G60: Ad_A | H60: 82520 | I60: 30000 | J60: 30000 | K60: Ad_A | L60: 1 | M60: 2 | N60: 4 | O60: 0.1443 | P60: =UPPER(TRIM(B60)) | Q60: =IFERROR(INDEX(SessionLog!$A$2:$A$26,MATCH(P60,SessionLog!$N$2:$N$26,0)),"NOT FOUND") | R60: =IFERROR(INDEX(SessionLog!$L$2:$L$26,MATCH(P60,SessionLog!$N$2:$N$26,0)),"NOT FOUND") | S60: =IF(R60="Yes",Q60&"|"&F60&"|"&G60&"|"&K60,"DROP") | T60: =IF(I60>0,J60/I60,0) | U60: =IF(T60>=0.8,1,0)
A61: SIMULATED Multimodal Ad Study | B61: P09 | C61: FEMALE | D61: 20 | E61: AB | F61: Stimulus | G61: Ad_B | H61: 112611 | I61: 30000 | J61: 30000 | K61: Ad_B | L61: 1 | M61: 5 | N61: 10 | O61: 0.1693 | P61: =UPPER(TRIM(B61)) | Q61: =IFERROR(INDEX(SessionLog!$A$2:$A$26,MATCH(P61,SessionLog!$N$2:$N$26,0)),"NOT FOUND") | R61: =IFERROR(INDEX(SessionLog!$L$2:$L$26,MATCH(P61,SessionLog!$N$2:$N$26,0)),"NOT FOUND") | S61: =IF(R61="Yes",Q61&"|"&F61&"|"&G61&"|"&K61,"DROP") | T61: =IF(I61>0,J61/I61,0) | U61: =IF(T61>=0.8,1,0)
A62: SIMULATED Multimodal Ad Study | B62: P09 | C62: FEMALE | D62: 20 | E62: AB | F62: Stimulus | G62: Baseline | H62: 22455 | I62: 60000 | J62: 60000 | K62: Baseline | L62: 1 | M62: 3 | N62: 3 | O62: 0.1238 | P62: =UPPER(TRIM(B62)) | Q62: =IFERROR(INDEX(SessionLog!$A$2:$A$26,MATCH(P62,SessionLog!$N$2:$N$26,0)),"NOT FOUND") | R62: =IFERROR(INDEX(SessionLog!$L$2:$L$26,MATCH(P62,SessionLog!$N$2:$N$26,0)),"NOT FOUND") | S62: =IF(R62="Yes",Q62&"|"&F62&"|"&G62&"|"&K62,"DROP") | T62: =IF(I62>0,J62/I62,0) | U62: =IF(T62>=0.8,1,0)
A63: SIMULATED Multimodal Ad Study | B63: P09 | C63: FEMALE | D63: 20 | E63: AB | F63: Stimulus | G63: Instructions | H63: 39 | I63: 22377 | J63: 22377 | K63: Instructions | L63: 1 | M63: 1 | N63: 2.681 | O63: 0.1685 | P63: =UPPER(TRIM(B63)) | Q63: =IFERROR(INDEX(SessionLog!$A$2:$A$26,MATCH(P63,SessionLog!$N$2:$N$26,0)),"NOT FOUND") | R63: =IFERROR(INDEX(SessionLog!$L$2:$L$26,MATCH(P63,SessionLog!$N$2:$N$26,0)),"NOT FOUND") | S63: =IF(R63="Yes",Q63&"|"&F63&"|"&G63&"|"&K63,"DROP") | T63: =IF(I63>0,J63/I63,0) | U63: =IF(T63>=0.8,1,0)
A64: SIMULATED Multimodal Ad Study | B64: P09 | C64: FEMALE | D64: 20 | E64: AB | F64: Stimulus | G64: Questionnaire | H64: 142659 | I64: 104314 | J64: 104314 | K64: Questionnaire | L64: 1 | M64: 7 | N64: 4.026 | O64: 0.1212 | P64: =UPPER(TRIM(B64)) | Q64: =IFERROR(INDEX(SessionLog!$A$2:$A$26,MATCH(P64,SessionLog!$N$2:$N$26,0)),"NOT FOUND") | R64: =IFERROR(INDEX(SessionLog!$L$2:$L$26,MATCH(P64,SessionLog!$N$2:$N$26,0)),"NOT FOUND") | S64: =IF(R64="Yes",Q64&"|"&F64&"|"&G64&"|"&K64,"DROP") | T64: =IF(I64>0,J64/I64,0) | U64: =IF(T64>=0.8,1,0)
A65: SIMULATED Multimodal Ad Study | B65: P09 | C65: FEMALE | D65: 20 | E65: AB | F65: Annotation | G65: EndCard | H65: 107520 | I65: 5000 | J65: 5000 | K65: Ad_A | L65: 0 | M65: 0 | N65: 0 | O65: NA | P65: =UPPER(TRIM(B65)) | Q65: =IFERROR(INDEX(SessionLog!$A$2:$A$26,MATCH(P65,SessionLog!$N$2:$N$26,0)),"NOT FOUND") | R65: =IFERROR(INDEX(SessionLog!$L$2:$L$26,MATCH(P65,SessionLog!$N$2:$N$26,0)),"NOT FOUND") | S65: =IF(R65="Yes",Q65&"|"&F65&"|"&G65&"|"&K65,"DROP") | T65: =IF(I65>0,J65/I65,0) | U65: =IF(T65>=0.8,1,0)
A66: SIMULATED Multimodal Ad Study | B66: P09 | C66: FEMALE | D66: 20 | E66: AB | F66: Annotation | G66: EndCard | H66: 137611 | I66: 5000 | J66: 5000 | K66: Ad_B | L66: 0 | M66: 0 | N66: 0 | O66: NA | P66: =UPPER(TRIM(B66)) | Q66: =IFERROR(INDEX(SessionLog!$A$2:$A$26,MATCH(P66,SessionLog!$N$2:$N$26,0)),"NOT FOUND") | R66: =IFERROR(INDEX(SessionLog!$L$2:$L$26,MATCH(P66,SessionLog!$N$2:$N$26,0)),"NOT FOUND") | S66: =IF(R66="Yes",Q66&"|"&F66&"|"&G66&"|"&K66,"DROP") | T66: =IF(I66>0,J66/I66,0) | U66: =IF(T66>=0.8,1,0)
A67: SIMULATED Multimodal Ad Study | B67: P10 | C67: MALE | D67: 23 | E67: BA | F67: Stimulus | G67: Ad_A | H67: 108013 | I67: 30000 | J67: 30000 | K67: Ad_A | L67: 1 | M67: 3 | N67: 6 | O67: 0.0945 | P67: =UPPER(TRIM(B67)) | Q67: =IFERROR(INDEX(SessionLog!$A$2:$A$26,MATCH(P67,SessionLog!$N$2:$N$26,0)),"NOT FOUND") | R67: =IFERROR(INDEX(SessionLog!$L$2:$L$26,MATCH(P67,SessionLog!$N$2:$N$26,0)),"NOT FOUND") | S67: =IF(R67="Yes",Q67&"|"&F67&"|"&G67&"|"&K67,"DROP") | T67: =IF(I67>0,J67/I67,0) | U67: =IF(T67>=0.8,1,0)
A68: SIMULATED Multimodal Ad Study | B68: P10 | C68: MALE | D68: 23 | E68: BA | F68: Stimulus | G68: Ad_B | H68: 77915 | I68: 30000 | J68: 30000 | K68: Ad_B | L68: 1 | M68: 4 | N68: 8 | O68: 0.1322 | P68: =UPPER(TRIM(B68)) | Q68: =IFERROR(INDEX(SessionLog!$A$2:$A$26,MATCH(P68,SessionLog!$N$2:$N$26,0)),"NOT FOUND") | R68: =IFERROR(INDEX(SessionLog!$L$2:$L$26,MATCH(P68,SessionLog!$N$2:$N$26,0)),"NOT FOUND") | S68: =IF(R68="Yes",Q68&"|"&F68&"|"&G68&"|"&K68,"DROP") | T68: =IF(I68>0,J68/I68,0) | U68: =IF(T68>=0.8,1,0)
A69: SIMULATED Multimodal Ad Study | B69: P10 | C69: MALE | D69: 23 | E69: BA | F69: Stimulus | G69: Baseline | H69: 17827 | I69: 60000 | J69: 60000 | K69: Baseline | L69: 1 | M69: 2 | N69: 2 | O69: 0.1483 | P69: =UPPER(TRIM(B69)) | Q69: =IFERROR(INDEX(SessionLog!$A$2:$A$26,MATCH(P69,SessionLog!$N$2:$N$26,0)),"NOT FOUND") | R69: =IFERROR(INDEX(SessionLog!$L$2:$L$26,MATCH(P69,SessionLog!$N$2:$N$26,0)),"NOT FOUND") | S69: =IF(R69="Yes",Q69&"|"&F69&"|"&G69&"|"&K69,"DROP") | T69: =IF(I69>0,J69/I69,0) | U69: =IF(T69>=0.8,1,0)
A70: SIMULATED Multimodal Ad Study | B70: P10 | C70: MALE | D70: 23 | E70: BA | F70: Stimulus | G70: Instructions | H70: 28 | I70: 17747 | J70: 17747 | K70: Instructions | L70: 1 | M70: 2 | N70: 6.762 | O70: 0.4046 | P70: =UPPER(TRIM(B70)) | Q70: =IFERROR(INDEX(SessionLog!$A$2:$A$26,MATCH(P70,SessionLog!$N$2:$N$26,0)),"NOT FOUND") | R70: =IFERROR(INDEX(SessionLog!$L$2:$L$26,MATCH(P70,SessionLog!$N$2:$N$26,0)),"NOT FOUND") | S70: =IF(R70="Yes",Q70&"|"&F70&"|"&G70&"|"&K70,"DROP") | T70: =IF(I70>0,J70/I70,0) | U70: =IF(T70>=0.8,1,0)
A71: SIMULATED Multimodal Ad Study | B71: P10 | C71: MALE | D71: 23 | E71: BA | F71: Stimulus | G71: Questionnaire | H71: 138038 | I71: 145470 | J71: 145470 | K71: Questionnaire | L71: 1 | M71: 6 | N71: 2.475 | O71: 0.0787 | P71: =UPPER(TRIM(B71)) | Q71: =IFERROR(INDEX(SessionLog!$A$2:$A$26,MATCH(P71,SessionLog!$N$2:$N$26,0)),"NOT FOUND") | R71: =IFERROR(INDEX(SessionLog!$L$2:$L$26,MATCH(P71,SessionLog!$N$2:$N$26,0)),"NOT FOUND") | S71: =IF(R71="Yes",Q71&"|"&F71&"|"&G71&"|"&K71,"DROP") | T71: =IF(I71>0,J71/I71,0) | U71: =IF(T71>=0.8,1,0)
A72: SIMULATED Multimodal Ad Study | B72: P10 | C72: MALE | D72: 23 | E72: BA | F72: Annotation | G72: EndCard | H72: 133013 | I72: 5000 | J72: 5000 | K72: Ad_A | L72: 0 | M72: 0 | N72: 0 | O72: NA | P72: =UPPER(TRIM(B72)) | Q72: =IFERROR(INDEX(SessionLog!$A$2:$A$26,MATCH(P72,SessionLog!$N$2:$N$26,0)),"NOT FOUND") | R72: =IFERROR(INDEX(SessionLog!$L$2:$L$26,MATCH(P72,SessionLog!$N$2:$N$26,0)),"NOT FOUND") | S72: =IF(R72="Yes",Q72&"|"&F72&"|"&G72&"|"&K72,"DROP") | T72: =IF(I72>0,J72/I72,0) | U72: =IF(T72>=0.8,1,0)
A73: SIMULATED Multimodal Ad Study | B73: P10 | C73: MALE | D73: 23 | E73: BA | F73: Annotation | G73: EndCard | H73: 102915 | I73: 5000 | J73: 5000 | K73: Ad_B | L73: 0 | M73: 0 | N73: 0 | O73: NA | P73: =UPPER(TRIM(B73)) | Q73: =IFERROR(INDEX(SessionLog!$A$2:$A$26,MATCH(P73,SessionLog!$N$2:$N$26,0)),"NOT FOUND") | R73: =IFERROR(INDEX(SessionLog!$L$2:$L$26,MATCH(P73,SessionLog!$N$2:$N$26,0)),"NOT FOUND") | S73: =IF(R73="Yes",Q73&"|"&F73&"|"&G73&"|"&K73,"DROP") | T73: =IF(I73>0,J73/I73,0) | U73: =IF(T73>=0.8,1,0)
A74: SIMULATED Multimodal Ad Study | B74: P11 | C74: FEMALE | D74: 24 | E74: AB | F74: Stimulus | G74: Ad_A | H74: 78503 | I74: 30000 | J74: 30000 | K74: Ad_A | L74: 1 | M74: 13 | N74: 26 | O74: 0.1987 | P74: =UPPER(TRIM(B74)) | Q74: =IFERROR(INDEX(SessionLog!$A$2:$A$26,MATCH(P74,SessionLog!$N$2:$N$26,0)),"NOT FOUND") | R74: =IFERROR(INDEX(SessionLog!$L$2:$L$26,MATCH(P74,SessionLog!$N$2:$N$26,0)),"NOT FOUND") | S74: =IF(R74="Yes",Q74&"|"&F74&"|"&G74&"|"&K74,"DROP") | T74: =IF(I74>0,J74/I74,0) | U74: =IF(T74>=0.8,1,0)
A75: SIMULATED Multimodal Ad Study | B75: P11 | C75: FEMALE | D75: 24 | E75: AB | F75: Stimulus | G75: Ad_B | H75: 108565 | I75: 30000 | J75: 30000 | K75: Ad_B | L75: 1 | M75: 9 | N75: 18 | O75: 0.2315 | P75: =UPPER(TRIM(B75)) | Q75: =IFERROR(INDEX(SessionLog!$A$2:$A$26,MATCH(P75,SessionLog!$N$2:$N$26,0)),"NOT FOUND") | R75: =IFERROR(INDEX(SessionLog!$L$2:$L$26,MATCH(P75,SessionLog!$N$2:$N$26,0)),"NOT FOUND") | S75: =IF(R75="Yes",Q75&"|"&F75&"|"&G75&"|"&K75,"DROP") | T75: =IF(I75>0,J75/I75,0) | U75: =IF(T75>=0.8,1,0)
A76: SIMULATED Multimodal Ad Study | B76: P11 | C76: FEMALE | D76: 24 | E76: AB | F76: Stimulus | G76: Baseline | H76: 18403 | I76: 60000 | J76: 60000 | K76: Baseline | L76: 1 | M76: 5 | N76: 5 | O76: 0.1853 | P76: =UPPER(TRIM(B76)) | Q76: =IFERROR(INDEX(SessionLog!$A$2:$A$26,MATCH(P76,SessionLog!$N$2:$N$26,0)),"NOT FOUND") | R76: =IFERROR(INDEX(SessionLog!$L$2:$L$26,MATCH(P76,SessionLog!$N$2:$N$26,0)),"NOT FOUND") | S76: =IF(R76="Yes",Q76&"|"&F76&"|"&G76&"|"&K76,"DROP") | T76: =IF(I76>0,J76/I76,0) | U76: =IF(T76>=0.8,1,0)
A77: SIMULATED Multimodal Ad Study | B77: P11 | C77: FEMALE | D77: 24 | E77: AB | F77: Stimulus | G77: Instructions | H77: 24 | I77: 18324 | J77: 18324 | K77: Instructions | L77: 1 | M77: 2 | N77: 6.549 | O77: 0.0976 | P77: =UPPER(TRIM(B77)) | Q77: =IFERROR(INDEX(SessionLog!$A$2:$A$26,MATCH(P77,SessionLog!$N$2:$N$26,0)),"NOT FOUND") | R77: =IFERROR(INDEX(SessionLog!$L$2:$L$26,MATCH(P77,SessionLog!$N$2:$N$26,0)),"NOT FOUND") | S77: =IF(R77="Yes",Q77&"|"&F77&"|"&G77&"|"&K77,"DROP") | T77: =IF(I77>0,J77/I77,0) | U77: =IF(T77>=0.8,1,0)
A78: SIMULATED Multimodal Ad Study | B78: P11 | C78: FEMALE | D78: 24 | E78: AB | F78: Stimulus | G78: Questionnaire | H78: 138591 | I78: 147642 | J78: 147642 | K78: Questionnaire | L78: 1 | M78: 8 | N78: 3.251 | O78: 0.1148 | P78: =UPPER(TRIM(B78)) | Q78: =IFERROR(INDEX(SessionLog!$A$2:$A$26,MATCH(P78,SessionLog!$N$2:$N$26,0)),"NOT FOUND") | R78: =IFERROR(INDEX(SessionLog!$L$2:$L$26,MATCH(P78,SessionLog!$N$2:$N$26,0)),"NOT FOUND") | S78: =IF(R78="Yes",Q78&"|"&F78&"|"&G78&"|"&K78,"DROP") | T78: =IF(I78>0,J78/I78,0) | U78: =IF(T78>=0.8,1,0)
A79: SIMULATED Multimodal Ad Study | B79: P11 | C79: FEMALE | D79: 24 | E79: AB | F79: Annotation | G79: EndCard | H79: 103503 | I79: 5000 | J79: 5000 | K79: Ad_A | L79: 1 | M79: 1 | N79: 12 | O79: 0.226 | P79: =UPPER(TRIM(B79)) | Q79: =IFERROR(INDEX(SessionLog!$A$2:$A$26,MATCH(P79,SessionLog!$N$2:$N$26,0)),"NOT FOUND") | R79: =IFERROR(INDEX(SessionLog!$L$2:$L$26,MATCH(P79,SessionLog!$N$2:$N$26,0)),"NOT FOUND") | S79: =IF(R79="Yes",Q79&"|"&F79&"|"&G79&"|"&K79,"DROP") | T79: =IF(I79>0,J79/I79,0) | U79: =IF(T79>=0.8,1,0)
A80: SIMULATED Multimodal Ad Study | B80: P11 | C80: FEMALE | D80: 24 | E80: AB | F80: Annotation | G80: EndCard | H80: 133565 | I80: 5000 | J80: 5000 | K80: Ad_B | L80: 1 | M80: 1 | N80: 12 | O80: 0.1375 | P80: =UPPER(TRIM(B80)) | Q80: =IFERROR(INDEX(SessionLog!$A$2:$A$26,MATCH(P80,SessionLog!$N$2:$N$26,0)),"NOT FOUND") | R80: =IFERROR(INDEX(SessionLog!$L$2:$L$26,MATCH(P80,SessionLog!$N$2:$N$26,0)),"NOT FOUND") | S80: =IF(R80="Yes",Q80&"|"&F80&"|"&G80&"|"&K80,"DROP") | T80: =IF(I80>0,J80/I80,0) | U80: =IF(T80>=0.8,1,0)
A81: SIMULATED Multimodal Ad Study | B81: P12 | C81: MALE | D81: 23 | E81: BA | F81: Stimulus | G81: Ad_A | H81: 106654 | I81: 30000 | J81: 30000 | K81: Ad_A | L81: 1 | M81: 1 | N81: 2 | O81: 0.1769 | P81: =UPPER(TRIM(B81)) | Q81: =IFERROR(INDEX(SessionLog!$A$2:$A$26,MATCH(P81,SessionLog!$N$2:$N$26,0)),"NOT FOUND") | R81: =IFERROR(INDEX(SessionLog!$L$2:$L$26,MATCH(P81,SessionLog!$N$2:$N$26,0)),"NOT FOUND") | S81: =IF(R81="Yes",Q81&"|"&F81&"|"&G81&"|"&K81,"DROP") | T81: =IF(I81>0,J81/I81,0) | U81: =IF(T81>=0.8,1,0)
A82: SIMULATED Multimodal Ad Study | B82: P12 | C82: MALE | D82: 23 | E82: BA | F82: Stimulus | G82: Ad_B | H82: 76589 | I82: 30000 | J82: 30000 | K82: Ad_B | L82: 1 | M82: 2 | N82: 4 | O82: 0.1921 | P82: =UPPER(TRIM(B82)) | Q82: =IFERROR(INDEX(SessionLog!$A$2:$A$26,MATCH(P82,SessionLog!$N$2:$N$26,0)),"NOT FOUND") | R82: =IFERROR(INDEX(SessionLog!$L$2:$L$26,MATCH(P82,SessionLog!$N$2:$N$26,0)),"NOT FOUND") | S82: =IF(R82="Yes",Q82&"|"&F82&"|"&G82&"|"&K82,"DROP") | T82: =IF(I82>0,J82/I82,0) | U82: =IF(T82>=0.8,1,0)
A83: SIMULATED Multimodal Ad Study | B83: P12 | C83: MALE | D83: 23 | E83: BA | F83: Stimulus | G83: Baseline | H83: 16493 | I83: 60000 | J83: 54797 | K83: Baseline | L83: 1 | M83: 4 | N83: 4.38 | O83: 0.1796 | P83: =UPPER(TRIM(B83)) | Q83: =IFERROR(INDEX(SessionLog!$A$2:$A$26,MATCH(P83,SessionLog!$N$2:$N$26,0)),"NOT FOUND") | R83: =IFERROR(INDEX(SessionLog!$L$2:$L$26,MATCH(P83,SessionLog!$N$2:$N$26,0)),"NOT FOUND") | S83: =IF(R83="Yes",Q83&"|"&F83&"|"&G83&"|"&K83,"DROP") | T83: =IF(I83>0,J83/I83,0) | U83: =IF(T83>=0.8,1,0)
A84: SIMULATED Multimodal Ad Study | B84: P12 | C84: MALE | D84: 23 | E84: BA | F84: Stimulus | G84: Instructions | H84: 30 | I84: 16415 | J84: 16415 | K84: Instructions | L84: 1 | M84: 1 | N84: 3.655 | O84: 0.4553 | P84: =UPPER(TRIM(B84)) | Q84: =IFERROR(INDEX(SessionLog!$A$2:$A$26,MATCH(P84,SessionLog!$N$2:$N$26,0)),"NOT FOUND") | R84: =IFERROR(INDEX(SessionLog!$L$2:$L$26,MATCH(P84,SessionLog!$N$2:$N$26,0)),"NOT FOUND") | S84: =IF(R84="Yes",Q84&"|"&F84&"|"&G84&"|"&K84,"DROP") | T84: =IF(I84>0,J84/I84,0) | U84: =IF(T84>=0.8,1,0)
A85: SIMULATED Multimodal Ad Study | B85: P12 | C85: MALE | D85: 23 | E85: BA | F85: Stimulus | G85: Questionnaire | H85: 136687 | I85: 108041 | J85: 108041 | K85: Questionnaire | L85: 1 | M85: 8 | N85: 4.443 | O85: 0.2352 | P85: =UPPER(TRIM(B85)) | Q85: =IFERROR(INDEX(SessionLog!$A$2:$A$26,MATCH(P85,SessionLog!$N$2:$N$26,0)),"NOT FOUND") | R85: =IFERROR(INDEX(SessionLog!$L$2:$L$26,MATCH(P85,SessionLog!$N$2:$N$26,0)),"NOT FOUND") | S85: =IF(R85="Yes",Q85&"|"&F85&"|"&G85&"|"&K85,"DROP") | T85: =IF(I85>0,J85/I85,0) | U85: =IF(T85>=0.8,1,0)
A86: SIMULATED Multimodal Ad Study | B86: P12 | C86: MALE | D86: 23 | E86: BA | F86: Annotation | G86: EndCard | H86: 131654 | I86: 5000 | J86: 5000 | K86: Ad_A | L86: 0 | M86: 0 | N86: 0 | O86: NA | P86: =UPPER(TRIM(B86)) | Q86: =IFERROR(INDEX(SessionLog!$A$2:$A$26,MATCH(P86,SessionLog!$N$2:$N$26,0)),"NOT FOUND") | R86: =IFERROR(INDEX(SessionLog!$L$2:$L$26,MATCH(P86,SessionLog!$N$2:$N$26,0)),"NOT FOUND") | S86: =IF(R86="Yes",Q86&"|"&F86&"|"&G86&"|"&K86,"DROP") | T86: =IF(I86>0,J86/I86,0) | U86: =IF(T86>=0.8,1,0)
A87: SIMULATED Multimodal Ad Study | B87: P12 | C87: MALE | D87: 23 | E87: BA | F87: Annotation | G87: EndCard | H87: 101589 | I87: 5000 | J87: 5000 | K87: Ad_B | L87: 0 | M87: 0 | N87: 0 | O87: NA | P87: =UPPER(TRIM(B87)) | Q87: =IFERROR(INDEX(SessionLog!$A$2:$A$26,MATCH(P87,SessionLog!$N$2:$N$26,0)),"NOT FOUND") | R87: =IFERROR(INDEX(SessionLog!$L$2:$L$26,MATCH(P87,SessionLog!$N$2:$N$26,0)),"NOT FOUND") | S87: =IF(R87="Yes",Q87&"|"&F87&"|"&G87&"|"&K87,"DROP") | T87: =IF(I87>0,J87/I87,0) | U87: =IF(T87>=0.8,1,0)
A88: SIMULATED Multimodal Ad Study | B88: P13 | C88: MALE | D88: 20 | E88: AB | F88: Stimulus | G88: Ad_A | H88: 84283 | I88: 30000 | J88: 30000 | K88: Ad_A | L88: 1 | M88: 1 | N88: 2 | O88: 0.2273 | P88: =UPPER(TRIM(B88)) | Q88: =IFERROR(INDEX(SessionLog!$A$2:$A$26,MATCH(P88,SessionLog!$N$2:$N$26,0)),"NOT FOUND") | R88: =IFERROR(INDEX(SessionLog!$L$2:$L$26,MATCH(P88,SessionLog!$N$2:$N$26,0)),"NOT FOUND") | S88: =IF(R88="Yes",Q88&"|"&F88&"|"&G88&"|"&K88,"DROP") | T88: =IF(I88>0,J88/I88,0) | U88: =IF(T88>=0.8,1,0)
A89: SIMULATED Multimodal Ad Study | B89: P13 | C89: MALE | D89: 20 | E89: AB | F89: Stimulus | G89: Ad_B | H89: 114384 | I89: 30000 | J89: 30000 | K89: Ad_B | L89: 0 | M89: 0 | N89: 0 | O89: NA | P89: =UPPER(TRIM(B89)) | Q89: =IFERROR(INDEX(SessionLog!$A$2:$A$26,MATCH(P89,SessionLog!$N$2:$N$26,0)),"NOT FOUND") | R89: =IFERROR(INDEX(SessionLog!$L$2:$L$26,MATCH(P89,SessionLog!$N$2:$N$26,0)),"NOT FOUND") | S89: =IF(R89="Yes",Q89&"|"&F89&"|"&G89&"|"&K89,"DROP") | T89: =IF(I89>0,J89/I89,0) | U89: =IF(T89>=0.8,1,0)
A90: SIMULATED Multimodal Ad Study | B90: P13 | C90: MALE | D90: 20 | E90: AB | F90: Stimulus | G90: Baseline | H90: 24213 | I90: 60000 | J90: 60000 | K90: Baseline | L90: 0 | M90: 0 | N90: 0 | O90: NA | P90: =UPPER(TRIM(B90)) | Q90: =IFERROR(INDEX(SessionLog!$A$2:$A$26,MATCH(P90,SessionLog!$N$2:$N$26,0)),"NOT FOUND") | R90: =IFERROR(INDEX(SessionLog!$L$2:$L$26,MATCH(P90,SessionLog!$N$2:$N$26,0)),"NOT FOUND") | S90: =IF(R90="Yes",Q90&"|"&F90&"|"&G90&"|"&K90,"DROP") | T90: =IF(I90>0,J90/I90,0) | U90: =IF(T90>=0.8,1,0)
A91: SIMULATED Multimodal Ad Study | B91: P13 | C91: MALE | D91: 20 | E91: AB | F91: Stimulus | G91: Instructions | H91: 34 | I91: 24140 | J91: 24140 | K91: Instructions | L91: 1 | M91: 2 | N91: 4.971 | O91: 0.0815 | P91: =UPPER(TRIM(B91)) | Q91: =IFERROR(INDEX(SessionLog!$A$2:$A$26,MATCH(P91,SessionLog!$N$2:$N$26,0)),"NOT FOUND") | R91: =IFERROR(INDEX(SessionLog!$L$2:$L$26,MATCH(P91,SessionLog!$N$2:$N$26,0)),"NOT FOUND") | S91: =IF(R91="Yes",Q91&"|"&F91&"|"&G91&"|"&K91,"DROP") | T91: =IF(I91>0,J91/I91,0) | U91: =IF(T91>=0.8,1,0)
A92: SIMULATED Multimodal Ad Study | B92: P13 | C92: MALE | D92: 20 | E92: AB | F92: Stimulus | G92: Questionnaire | H92: 144432 | I92: 143814 | J92: 143814 | K92: Questionnaire | L92: 1 | M92: 4 | N92: 1.669 | O92: 0.0634 | P92: =UPPER(TRIM(B92)) | Q92: =IFERROR(INDEX(SessionLog!$A$2:$A$26,MATCH(P92,SessionLog!$N$2:$N$26,0)),"NOT FOUND") | R92: =IFERROR(INDEX(SessionLog!$L$2:$L$26,MATCH(P92,SessionLog!$N$2:$N$26,0)),"NOT FOUND") | S92: =IF(R92="Yes",Q92&"|"&F92&"|"&G92&"|"&K92,"DROP") | T92: =IF(I92>0,J92/I92,0) | U92: =IF(T92>=0.8,1,0)
A93: SIMULATED Multimodal Ad Study | B93: P13 | C93: MALE | D93: 20 | E93: AB | F93: Annotation | G93: EndCard | H93: 109283 | I93: 5000 | J93: 5000 | K93: Ad_A | L93: 0 | M93: 0 | N93: 0 | O93: NA | P93: =UPPER(TRIM(B93)) | Q93: =IFERROR(INDEX(SessionLog!$A$2:$A$26,MATCH(P93,SessionLog!$N$2:$N$26,0)),"NOT FOUND") | R93: =IFERROR(INDEX(SessionLog!$L$2:$L$26,MATCH(P93,SessionLog!$N$2:$N$26,0)),"NOT FOUND") | S93: =IF(R93="Yes",Q93&"|"&F93&"|"&G93&"|"&K93,"DROP") | T93: =IF(I93>0,J93/I93,0) | U93: =IF(T93>=0.8,1,0)
A94: SIMULATED Multimodal Ad Study | B94: P13 | C94: MALE | D94: 20 | E94: AB | F94: Annotation | G94: EndCard | H94: 139384 | I94: 5000 | J94: 5000 | K94: Ad_B | L94: 0 | M94: 0 | N94: 0 | O94: NA | P94: =UPPER(TRIM(B94)) | Q94: =IFERROR(INDEX(SessionLog!$A$2:$A$26,MATCH(P94,SessionLog!$N$2:$N$26,0)),"NOT FOUND") | R94: =IFERROR(INDEX(SessionLog!$L$2:$L$26,MATCH(P94,SessionLog!$N$2:$N$26,0)),"NOT FOUND") | S94: =IF(R94="Yes",Q94&"|"&F94&"|"&G94&"|"&K94,"DROP") | T94: =IF(I94>0,J94/I94,0) | U94: =IF(T94>=0.8,1,0)
A95: SIMULATED Multimodal Ad Study | B95: P14 | C95: FEMALE | D95: 21 | E95: BA | F95: Stimulus | G95: Ad_A | H95: 117605 | I95: 30000 | J95: 30000 | K95: Ad_A | L95: 1 | M95: 1 | N95: 2 | O95: 0.1081 | P95: =UPPER(TRIM(B95)) | Q95: =IFERROR(INDEX(SessionLog!$A$2:$A$26,MATCH(P95,SessionLog!$N$2:$N$26,0)),"NOT FOUND") | R95: =IFERROR(INDEX(SessionLog!$L$2:$L$26,MATCH(P95,SessionLog!$N$2:$N$26,0)),"NOT FOUND") | S95: =IF(R95="Yes",Q95&"|"&F95&"|"&G95&"|"&K95,"DROP") | T95: =IF(I95>0,J95/I95,0) | U95: =IF(T95>=0.8,1,0)
A96: SIMULATED Multimodal Ad Study | B96: P14 | C96: FEMALE | D96: 21 | E96: BA | F96: Stimulus | G96: Ad_B | H96: 87522 | I96: 30000 | J96: 30000 | K96: Ad_B | L96: 1 | M96: 1 | N96: 2 | O96: 0.2255 | P96: =UPPER(TRIM(B96)) | Q96: =IFERROR(INDEX(SessionLog!$A$2:$A$26,MATCH(P96,SessionLog!$N$2:$N$26,0)),"NOT FOUND") | R96: =IFERROR(INDEX(SessionLog!$L$2:$L$26,MATCH(P96,SessionLog!$N$2:$N$26,0)),"NOT FOUND") | S96: =IF(R96="Yes",Q96&"|"&F96&"|"&G96&"|"&K96,"DROP") | T96: =IF(I96>0,J96/I96,0) | U96: =IF(T96>=0.8,1,0)
A97: SIMULATED Multimodal Ad Study | B97: P14 | C97: FEMALE | D97: 21 | E97: BA | F97: Stimulus | G97: Baseline | H97: 27465 | I97: 60000 | J97: 60000 | K97: Baseline | L97: 0 | M97: 0 | N97: 0 | O97: NA | P97: =UPPER(TRIM(B97)) | Q97: =IFERROR(INDEX(SessionLog!$A$2:$A$26,MATCH(P97,SessionLog!$N$2:$N$26,0)),"NOT FOUND") | R97: =IFERROR(INDEX(SessionLog!$L$2:$L$26,MATCH(P97,SessionLog!$N$2:$N$26,0)),"NOT FOUND") | S97: =IF(R97="Yes",Q97&"|"&F97&"|"&G97&"|"&K97,"DROP") | T97: =IF(I97>0,J97/I97,0) | U97: =IF(T97>=0.8,1,0)
A98: SIMULATED Multimodal Ad Study | B98: P14 | C98: FEMALE | D98: 21 | E98: BA | F98: Stimulus | G98: Instructions | H98: 24 | I98: 27400 | J98: 27400 | K98: Instructions | L98: 1 | M98: 1 | N98: 2.19 | O98: 0.1524 | P98: =UPPER(TRIM(B98)) | Q98: =IFERROR(INDEX(SessionLog!$A$2:$A$26,MATCH(P98,SessionLog!$N$2:$N$26,0)),"NOT FOUND") | R98: =IFERROR(INDEX(SessionLog!$L$2:$L$26,MATCH(P98,SessionLog!$N$2:$N$26,0)),"NOT FOUND") | S98: =IF(R98="Yes",Q98&"|"&F98&"|"&G98&"|"&K98,"DROP") | T98: =IF(I98>0,J98/I98,0) | U98: =IF(T98>=0.8,1,0)
A99: SIMULATED Multimodal Ad Study | B99: P14 | C99: FEMALE | D99: 21 | E99: BA | F99: Stimulus | G99: Questionnaire | H99: 147653 | I99: 130213 | J99: 130213 | K99: Questionnaire | L99: 1 | M99: 6 | N99: 2.765 | O99: 0.1372 | P99: =UPPER(TRIM(B99)) | Q99: =IFERROR(INDEX(SessionLog!$A$2:$A$26,MATCH(P99,SessionLog!$N$2:$N$26,0)),"NOT FOUND") | R99: =IFERROR(INDEX(SessionLog!$L$2:$L$26,MATCH(P99,SessionLog!$N$2:$N$26,0)),"NOT FOUND") | S99: =IF(R99="Yes",Q99&"|"&F99&"|"&G99&"|"&K99,"DROP") | T99: =IF(I99>0,J99/I99,0) | U99: =IF(T99>=0.8,1,0)
A100: SIMULATED Multimodal Ad Study | B100: P14 | C100: FEMALE | D100: 21 | E100: BA | F100: Annotation | G100: EndCard | H100: 142605 | I100: 5000 | J100: 5000 | K100: Ad_A | L100: 0 | M100: 0 | N100: 0 | O100: NA | P100: =UPPER(TRIM(B100)) | Q100: =IFERROR(INDEX(SessionLog!$A$2:$A$26,MATCH(P100,SessionLog!$N$2:$N$26,0)),"NOT FOUND") | R100: =IFERROR(INDEX(SessionLog!$L$2:$L$26,MATCH(P100,SessionLog!$N$2:$N$26,0)),"NOT FOUND") | S100: =IF(R100="Yes",Q100&"|"&F100&"|"&G100&"|"&K100,"DROP") | T100: =IF(I100>0,J100/I100,0) | U100: =IF(T100>=0.8,1,0)
...

Sheet Survey
A1: STUDY | B1: RESPONDENT | C1: GENDER | D1: AGE | E1: GROUP | F1: LABELID_Questionnaire_Liking_A,Question1 "How much did you like the hiking ad? (1 = not at all, 7 = very much)" | G1: LABELVALUE_Questionnaire_Liking_A,Question1 "How much did you like the hiking ad? (1 = not at all, 7 = very much)" | H1: LABELID_Questionnaire_Liking_B,Question1 "How much did you like the cycling ad? (1 = not at all, 7 = very much)" | I1: LABELVALUE_Questionnaire_Liking_B,Question1 "How much did you like the cycling ad? (1 = not at all, 7 = very much)" | J1: LABELID_Questionnaire_Recall_A,Question1 "Which brand was advertised in the hiking ad?" | K1: LABELVALUE_Questionnaire_Recall_A,Question1 "Which brand was advertised in the hiking ad?" | L1: LABELID_Questionnaire_Recall_B,Question1 "Which brand was advertised in the cycling ad?" | M1: LABELVALUE_Questionnaire_Recall_B,Question1 "Which brand was advertised in the cycling ad?" | N1: LABELID_Questionnaire_ATT_1,Question1 "I like reusable water bottles. (1 = strongly disagree, 7 = strongly agree)" | O1: LABELVALUE_Questionnaire_ATT_1,Question1 "I like reusable water bottles. (1 = strongly disagree, 7 = strongly agree)" | P1: LABELID_Questionnaire_ATT_2,Question1 "Buying a reusable water bottle is a smart choice. (1 = strongly disagree, 7 = strongly agree)" | Q1: LABELVALUE_Questionnaire_ATT_2,Question1 "Buying a reusable water bottle is a smart choice. (1 = strongly disagree, 7 = strongly agree)" | R1: LABELID_Questionnaire_ATT_3R,Question1 "Reusable water bottles are a waste of money. (1 = strongly disagree, 7 = strongly agree)" | S1: LABELVALUE_Questionnaire_ATT_3R,Question1 "Reusable water bottles are a waste of money. (1 = strongly disagree, 7 = strongly agree)" | T1: LABELID_Questionnaire_PI,Question1 "How likely are you to buy a reusable water bottle in the next three months? (1 = very unlikely, 7 = very likely)" | U1: LABELVALUE_Questionnaire_PI,Question1 "How likely are you to buy a reusable water bottle in the next three months? (1 = very unlikely, 7 = very likely)" | V1: Key = UPPER(TRIM()) | W1: Participant | X1: Recall_A correct | Y1: Recall_B correct | Z1: ATT_3 recoded | AA1: Attitude | AB1: Sum (recoded) | AC1: Sum (not recoded) | AE1: Cronbach's alpha (k = 3)
A2: SIMULATED Multimodal Ad Study | B2: P01 | C2: MALE | D2: 20 | E2: AB | F2: Label4 | G2: 4 | H2: Label5 | I2: 5 | J2: Label4 | K2: 4 | L2: Label2 | M2: 2 | N2: Label5 | O2: 5 | P2: Label4 | Q2: 4 | R2: Label5 | S2: 5 | T2: Label3 | U2: 3 | V2: =UPPER(TRIM(B2)) | W2: =IFERROR(INDEX(SessionLog!$A$2:$A$26,MATCH(V2,SessionLog!$N$2:$N$26,0)),"NOT FOUND") | X2: =IF(K2=1,1,0) | Y2: =IF(M2=2,1,0) | Z2: =8-S2 | AA2: =AVERAGE(O2,Q2,Z2) | AB2: =O2+Q2+Z2 | AC2: =O2+Q2+S2 | AE2: With ATT_3R recoded | AF2: =3/2*(1-(_xlfn.VAR.S(O2:O25)+_xlfn.VAR.S(Q2:Q25)+_xlfn.VAR.S(Z2:Z25))/_xlfn.VAR.S(AB2:AB25))
A3: SIMULATED Multimodal Ad Study | B3: P02 | C3: FEMALE | D3: 21 | E3: BA | F3: Label5 | G3: 5 | H3: Label6 | I3: 6 | J3: Label5 | K3: 5 | L3: Label5 | M3: 5 | N3: Label4 | O3: 4 | P3: Label4 | Q3: 4 | R3: Label3 | S3: 3 | T3: Label3 | U3: 3 | V3: =UPPER(TRIM(B3)) | W3: =IFERROR(INDEX(SessionLog!$A$2:$A$26,MATCH(V3,SessionLog!$N$2:$N$26,0)),"NOT FOUND") | X3: =IF(K3=1,1,0) | Y3: =IF(M3=2,1,0) | Z3: =8-S3 | AA3: =AVERAGE(O3,Q3,Z3) | AB3: =O3+Q3+Z3 | AC3: =O3+Q3+S3 | AE3: Without recoding (the mistake) | AF3: =3/2*(1-(_xlfn.VAR.S(O2:O25)+_xlfn.VAR.S(Q2:Q25)+_xlfn.VAR.S(S2:S25))/_xlfn.VAR.S(AC2:AC25))
A4: SIMULATED Multimodal Ad Study | B4: P03 | C4: MALE | D4: 21 | E4: AB | F4: Label5 | G4: 5 | H4: Label6 | I4: 6 | J4: Label1 | K4: 1 | L4: Label1 | M4: 1 | N4: Label6 | O4: 6 | P4: Label6 | Q4: 6 | R4: Label2 | S4: 2 | T4: Label4 | U4: 4 | V4: =UPPER(TRIM(B4)) | W4: =IFERROR(INDEX(SessionLog!$A$2:$A$26,MATCH(V4,SessionLog!$N$2:$N$26,0)),"NOT FOUND") | X4: =IF(K4=1,1,0) | Y4: =IF(M4=2,1,0) | Z4: =8-S4 | AA4: =AVERAGE(O4,Q4,Z4) | AB4: =O4+Q4+Z4 | AC4: =O4+Q4+S4
A5: SIMULATED Multimodal Ad Study | B5: P04_rerun | C5: FEMALE | D5: 22 | E5: BA | F5: Label6 | G5: 6 | H5: Label4 | I5: 4 | J5: Label1 | K5: 1 | L5: Label2 | M5: 2 | N5: Label4 | O5: 4 | P5: Label5 | Q5: 5 | R5: Label4 | S5: 4 | T5: Label3 | U5: 3 | V5: =UPPER(TRIM(B5)) | W5: =IFERROR(INDEX(SessionLog!$A$2:$A$26,MATCH(V5,SessionLog!$N$2:$N$26,0)),"NOT FOUND") | X5: =IF(K5=1,1,0) | Y5: =IF(M5=2,1,0) | Z5: =8-S5 | AA5: =AVERAGE(O5,Q5,Z5) | AB5: =O5+Q5+Z5 | AC5: =O5+Q5+S5
A6: SIMULATED Multimodal Ad Study | B6: P05 | C6: FEMALE | D6: 20 | E6: AB | F6: Label5 | G6: 5 | H6: Label3 | I6: 3 | J6: Label5 | K6: 5 | L6: Label2 | M6: 2 | N6: Label5 | O6: 5 | P6: Label5 | Q6: 5 | R6: Label3 | S6: 3 | T6: Label5 | U6: 5 | V6: =UPPER(TRIM(B6)) | W6: =IFERROR(INDEX(SessionLog!$A$2:$A$26,MATCH(V6,SessionLog!$N$2:$N$26,0)),"NOT FOUND") | X6: =IF(K6=1,1,0) | Y6: =IF(M6=2,1,0) | Z6: =8-S6 | AA6: =AVERAGE(O6,Q6,Z6) | AB6: =O6+Q6+Z6 | AC6: =O6+Q6+S6
A7: SIMULATED Multimodal Ad Study | B7: P06 | C7: FEMALE | D7: 26 | E7: BA | F7: Label4 | G7: 4 | H7: Label6 | I7: 6 | J7: Label5 | K7: 5 | L7: Label1 | M7: 1 | N7: Label5 | O7: 5 | P7: Label4 | Q7: 4 | R7: Label4 | S7: 4 | T7: Label2 | U7: 2 | V7: =UPPER(TRIM(B7)) | W7: =IFERROR(INDEX(SessionLog!$A$2:$A$26,MATCH(V7,SessionLog!$N$2:$N$26,0)),"NOT FOUND") | X7: =IF(K7=1,1,0) | Y7: =IF(M7=2,1,0) | Z7: =8-S7 | AA7: =AVERAGE(O7,Q7,Z7) | AB7: =O7+Q7+Z7 | AC7: =O7+Q7+S7
A8: SIMULATED Multimodal Ad Study | B8: p07 | C8: FEMALE | D8: 23 | E8: AB | F8: Label6 | G8: 6 | H8: Label4 | I8: 4 | J8: Label1 | K8: 1 | L8: Label2 | M8: 2 | N8: Label7 | O8: 7 | P8: Label6 | Q8: 6 | R8: Label1 | S8: 1 | T8: Label5 | U8: 5 | V8: =UPPER(TRIM(B8)) | W8: =IFERROR(INDEX(SessionLog!$A$2:$A$26,MATCH(V8,SessionLog!$N$2:$N$26,0)),"NOT FOUND") | X8: =IF(K8=1,1,0) | Y8: =IF(M8=2,1,0) | Z8: =8-S8 | AA8: =AVERAGE(O8,Q8,Z8) | AB8: =O8+Q8+Z8 | AC8: =O8+Q8+S8
A9: SIMULATED Multimodal Ad Study | B9: P08 | C9: FEMALE | D9: 21 | E9: BA | F9: Label3 | G9: 3 | H9: Label5 | I9: 5 | J9: Label1 | K9: 1 | L9: Label1 | M9: 1 | N9: Label6 | O9: 6 | P9: Label5 | Q9: 5 | R9: Label3 | S9: 3 | T9: Label5 | U9: 5 | V9: =UPPER(TRIM(B9)) | W9: =IFERROR(INDEX(SessionLog!$A$2:$A$26,MATCH(V9,SessionLog!$N$2:$N$26,0)),"NOT FOUND") | X9: =IF(K9=1,1,0) | Y9: =IF(M9=2,1,0) | Z9: =8-S9 | AA9: =AVERAGE(O9,Q9,Z9) | AB9: =O9+Q9+Z9 | AC9: =O9+Q9+S9
A10: SIMULATED Multimodal Ad Study | B10: P09 | C10: FEMALE | D10: 20 | E10: AB | F10: Label5 | G10: 5 | H10: Label3 | I10: 3 | J10: Label1 | K10: 1 | L10: Label5 | M10: 5 | N10: Label5 | O10: 5 | P10: Label5 | Q10: 5 | R10: Label4 | S10: 4 | T10: Label1 | U10: 1 | V10: =UPPER(TRIM(B10)) | W10: =IFERROR(INDEX(SessionLog!$A$2:$A$26,MATCH(V10,SessionLog!$N$2:$N$26,0)),"NOT FOUND") | X10: =IF(K10=1,1,0) | Y10: =IF(M10=2,1,0) | Z10: =8-S10 | AA10: =AVERAGE(O10,Q10,Z10) | AB10: =O10+Q10+Z10 | AC10: =O10+Q10+S10
A11: SIMULATED Multimodal Ad Study | B11: P10 | C11: MALE | D11: 23 | E11: BA | F11: Label5 | G11: 5 | H11: Label4 | I11: 4 | J11: Label1 | K11: 1 | L11: Label2 | M11: 2 | N11: Label4 | O11: 4 | P11: Label4 | Q11: 4 | R11: Label4 | S11: 4 | T11: Label4 | U11: 4 | V11: =UPPER(TRIM(B11)) | W11: =IFERROR(INDEX(SessionLog!$A$2:$A$26,MATCH(V11,SessionLog!$N$2:$N$26,0)),"NOT FOUND") | X11: =IF(K11=1,1,0) | Y11: =IF(M11=2,1,0) | Z11: =8-S11 | AA11: =AVERAGE(O11,Q11,Z11) | AB11: =O11+Q11+Z11 | AC11: =O11+Q11+S11
A12: SIMULATED Multimodal Ad Study | B12: P11 | C12: FEMALE | D12: 24 | E12: AB | F12: Label5 | G12: 5 | H12: Label4 | I12: 4 | J12: Label1 | K12: 1 | L12: Label2 | M12: 2 | N12: Label2 | O12: 2 | P12: Label3 | Q12: 3 | R12: Label5 | S12: 5 | T12: Label2 | U12: 2 | V12: =UPPER(TRIM(B12)) | W12: =IFERROR(INDEX(SessionLog!$A$2:$A$26,MATCH(V12,SessionLog!$N$2:$N$26,0)),"NOT FOUND") | X12: =IF(K12=1,1,0) | Y12: =IF(M12=2,1,0) | Z12: =8-S12 | AA12: =AVERAGE(O12,Q12,Z12) | AB12: =O12+Q12+Z12 | AC12: =O12+Q12+S12
A13: SIMULATED Multimodal Ad Study | B13: P12 | C13: MALE | D13: 23 | E13: BA | F13: Label5 | G13: 5 | H13: Label5 | I13: 5 | J13: Label4 | K13: 4 | L13: Label2 | M13: 2 | N13: Label3 | O13: 3 | P13: Label3 | Q13: 3 | R13: Label5 | S13: 5 | T13: Label1 | U13: 1 | V13: =UPPER(TRIM(B13)) | W13: =IFERROR(INDEX(SessionLog!$A$2:$A$26,MATCH(V13,SessionLog!$N$2:$N$26,0)),"NOT FOUND") | X13: =IF(K13=1,1,0) | Y13: =IF(M13=2,1,0) | Z13: =8-S13 | AA13: =AVERAGE(O13,Q13,Z13) | AB13: =O13+Q13+Z13 | AC13: =O13+Q13+S13
A14: SIMULATED Multimodal Ad Study | B14: P13 | C14: MALE | D14: 20 | E14: AB | F14: Label2 | G14: 2 | H14: Label1 | I14: 1 | J14: Label1 | K14: 1 | L14: Label5 | M14: 5 | N14: Label3 | O14: 3 | P14: Label4 | Q14: 4 | R14: Label6 | S14: 6 | T14: Label4 | U14: 4 | V14: =UPPER(TRIM(B14)) | W14: =IFERROR(INDEX(SessionLog!$A$2:$A$26,MATCH(V14,SessionLog!$N$2:$N$26,0)),"NOT FOUND") | X14: =IF(K14=1,1,0) | Y14: =IF(M14=2,1,0) | Z14: =8-S14 | AA14: =AVERAGE(O14,Q14,Z14) | AB14: =O14+Q14+Z14 | AC14: =O14+Q14+S14
A15: SIMULATED Multimodal Ad Study | B15: P14 | C15: FEMALE | D15: 21 | E15: BA | F15: Label5 | G15: 5 | H15: Label4 | I15: 4 | J15: Label1 | K15: 1 | L15: Label1 | M15: 1 | N15: Label5 | O15: 5 | P15: Label5 | Q15: 5 | R15: Label2 | S15: 2 | T15: Label5 | U15: 5 | V15: =UPPER(TRIM(B15)) | W15: =IFERROR(INDEX(SessionLog!$A$2:$A$26,MATCH(V15,SessionLog!$N$2:$N$26,0)),"NOT FOUND") | X15: =IF(K15=1,1,0) | Y15: =IF(M15=2,1,0) | Z15: =8-S15 | AA15: =AVERAGE(O15,Q15,Z15) | AB15: =O15+Q15+Z15 | AC15: =O15+Q15+S15
... A25: SIMULATED Multimodal Ad Study | B25: P24 | C25: FEMALE | D25: 19 | E25: BA | F25: Label6 | G25: 6 | H25: Label5 | I25: 5 | J25: Label1 | K25: 1 | L25: Label2 | M25: 2 | N25: Label5 | O25: 5 | P25: Label5 | Q25: 5 | R25: Label4 | S25: 4 | T25: Label2 | U25: 2 | V25: =UPPER(TRIM(B25)) | W25: =IFERROR(INDEX(SessionLog!$A$2:$A$26,MATCH(V25,SessionLog!$N$2:$N$26,0)),"NOT FOUND") | X25: =IF(K25=1,1,0) | Y25: =IF(M25=2,1,0) | Z25: =8-S25 | AA25: =AVERAGE(O25,Q25,Z25) | AB25: =O25+Q25+Z25 | AC25: =O25+Q25+S25

Sheet DataQuality
A1: Respondent_Name | B1: Stim_Name | C1: Eye tracking_SamplingRate | D1: Eye tracking_Quality | E1: Affectiva AFFDEX_SamplingRate | F1: Affectiva AFFDEX_Quality | G1: Shimmer GSR_SamplingRate | H1: Shimmer GSR_Quality | I1: Key = UPPER(TRIM()) | J1: Participant | K1: Use recording | L1: Lookup key | M1: LEN of the raw name
A2: P01 | B2: Instructions | C2: 60 | D2: 99 | E2: 29 | F2: 91 | G2: 127 | H2: 100 | I2: =UPPER(TRIM(A2)) | J2: =IFERROR(INDEX(SessionLog!$A$2:$A$26,MATCH(I2,SessionLog!$N$2:$N$26,0)),"NOT FOUND") | K2: =IFERROR(INDEX(SessionLog!$L$2:$L$26,MATCH(I2,SessionLog!$N$2:$N$26,0)),"NOT FOUND") | L2: =IF(K2="Yes",J2&"|"&B2,"DROP") | M2: =LEN(A2)
A3: P01 | B3: Baseline | C3: 60 | D3: 92 | E3: 30 | F3: 93 | G3: 128 | H3: 100 | I3: =UPPER(TRIM(A3)) | J3: =IFERROR(INDEX(SessionLog!$A$2:$A$26,MATCH(I3,SessionLog!$N$2:$N$26,0)),"NOT FOUND") | K3: =IFERROR(INDEX(SessionLog!$L$2:$L$26,MATCH(I3,SessionLog!$N$2:$N$26,0)),"NOT FOUND") | L3: =IF(K3="Yes",J3&"|"&B3,"DROP") | M3: =LEN(A3)
A4: P01 | B4: Ad_A | C4: 60 | D4: 95 | E4: 29 | F4: 93 | G4: 128 | H4: 100 | I4: =UPPER(TRIM(A4)) | J4: =IFERROR(INDEX(SessionLog!$A$2:$A$26,MATCH(I4,SessionLog!$N$2:$N$26,0)),"NOT FOUND") | K4: =IFERROR(INDEX(SessionLog!$L$2:$L$26,MATCH(I4,SessionLog!$N$2:$N$26,0)),"NOT FOUND") | L4: =IF(K4="Yes",J4&"|"&B4,"DROP") | M4: =LEN(A4)
A5: P01 | B5: Ad_B | C5: 60 | D5: 95 | E5: 29 | F5: 91 | G5: 127 | H5: 100 | I5: =UPPER(TRIM(A5)) | J5: =IFERROR(INDEX(SessionLog!$A$2:$A$26,MATCH(I5,SessionLog!$N$2:$N$26,0)),"NOT FOUND") | K5: =IFERROR(INDEX(SessionLog!$L$2:$L$26,MATCH(I5,SessionLog!$N$2:$N$26,0)),"NOT FOUND") | L5: =IF(K5="Yes",J5&"|"&B5,"DROP") | M5: =LEN(A5)
A6: P01 | B6: Questionnaire | C6: 59 | D6: 99 | E6: 29 | F6: 93 | G6: 127 | H6: 100 | I6: =UPPER(TRIM(A6)) | J6: =IFERROR(INDEX(SessionLog!$A$2:$A$26,MATCH(I6,SessionLog!$N$2:$N$26,0)),"NOT FOUND") | K6: =IFERROR(INDEX(SessionLog!$L$2:$L$26,MATCH(I6,SessionLog!$N$2:$N$26,0)),"NOT FOUND") | L6: =IF(K6="Yes",J6&"|"&B6,"DROP") | M6: =LEN(A6)
A7: P02 | B7: Instructions | C7: 60 | D7: 95 | E7: 30 | F7: 95 | G7: 127 | H7: 100 | I7: =UPPER(TRIM(A7)) | J7: =IFERROR(INDEX(SessionLog!$A$2:$A$26,MATCH(I7,SessionLog!$N$2:$N$26,0)),"NOT FOUND") | K7: =IFERROR(INDEX(SessionLog!$L$2:$L$26,MATCH(I7,SessionLog!$N$2:$N$26,0)),"NOT FOUND") | L7: =IF(K7="Yes",J7&"|"&B7,"DROP") | M7: =LEN(A7)
A8: P02 | B8: Baseline | C8: 60 | D8: 96 | E8: 29 | F8: 99 | G8: 127 | H8: 100 | I8: =UPPER(TRIM(A8)) | J8: =IFERROR(INDEX(SessionLog!$A$2:$A$26,MATCH(I8,SessionLog!$N$2:$N$26,0)),"NOT FOUND") | K8: =IFERROR(INDEX(SessionLog!$L$2:$L$26,MATCH(I8,SessionLog!$N$2:$N$26,0)),"NOT FOUND") | L8: =IF(K8="Yes",J8&"|"&B8,"DROP") | M8: =LEN(A8)
A9: P02 | B9: Ad_B | C9: 60 | D9: 94 | E9: 30 | F9: 98 | G9: 126 | H9: 99 | I9: =UPPER(TRIM(A9)) | J9: =IFERROR(INDEX(SessionLog!$A$2:$A$26,MATCH(I9,SessionLog!$N$2:$N$26,0)),"NOT FOUND") | K9: =IFERROR(INDEX(SessionLog!$L$2:$L$26,MATCH(I9,SessionLog!$N$2:$N$26,0)),"NOT FOUND") | L9: =IF(K9="Yes",J9&"|"&B9,"DROP") | M9: =LEN(A9)
A10: P02 | B10: Ad_A | C10: 60 | D10: 94 | E10: 29 | F10: 97 | G10: 127 | H10: 100 | I10: =UPPER(TRIM(A10)) | J10: =IFERROR(INDEX(SessionLog!$A$2:$A$26,MATCH(I10,SessionLog!$N$2:$N$26,0)),"NOT FOUND") | K10: =IFERROR(INDEX(SessionLog!$L$2:$L$26,MATCH(I10,SessionLog!$N$2:$N$26,0)),"NOT FOUND") | L10: =IF(K10="Yes",J10&"|"&B10,"DROP") | M10: =LEN(A10)
A11: P02 | B11: Questionnaire | C11: 60 | D11: 96 | E11: 29 | F11: 99 | G11: 127 | H11: 100 | I11: =UPPER(TRIM(A11)) | J11: =IFERROR(INDEX(SessionLog!$A$2:$A$26,MATCH(I11,SessionLog!$N$2:$N$26,0)),"NOT FOUND") | K11: =IFERROR(INDEX(SessionLog!$L$2:$L$26,MATCH(I11,SessionLog!$N$2:$N$26,0)),"NOT FOUND") | L11: =IF(K11="Yes",J11&"|"&B11,"DROP") | M11: =LEN(A11)
A12: P03 | B12: Instructions | C12: 60 | D12: 98 | E12: 29 | F12: 97 | G12: 125 | H12: 99 | I12: =UPPER(TRIM(A12)) | J12: =IFERROR(INDEX(SessionLog!$A$2:$A$26,MATCH(I12,SessionLog!$N$2:$N$26,0)),"NOT FOUND") | K12: =IFERROR(INDEX(SessionLog!$L$2:$L$26,MATCH(I12,SessionLog!$N$2:$N$26,0)),"NOT FOUND") | L12: =IF(K12="Yes",J12&"|"&B12,"DROP") | M12: =LEN(A12)
A13: P03 | B13: Baseline | C13: 60 | D13: 96 | E13: 30 | F13: 98 | G13: 127 | H13: 100 | I13: =UPPER(TRIM(A13)) | J13: =IFERROR(INDEX(SessionLog!$A$2:$A$26,MATCH(I13,SessionLog!$N$2:$N$26,0)),"NOT FOUND") | K13: =IFERROR(INDEX(SessionLog!$L$2:$L$26,MATCH(I13,SessionLog!$N$2:$N$26,0)),"NOT FOUND") | L13: =IF(K13="Yes",J13&"|"&B13,"DROP") | M13: =LEN(A13)
... A123: P24 | B123: Questionnaire | C123: 59 | D123: 96 | E123: 29 | F123: 93 | G123: 126 | H123: 100 | I123: =UPPER(TRIM(A123)) | J123: =IFERROR(INDEX(SessionLog!$A$2:$A$26,MATCH(I123,SessionLog!$N$2:$N$26,0)),"NOT FOUND") | K123: =IFERROR(INDEX(SessionLog!$L$2:$L$26,MATCH(I123,SessionLog!$N$2:$N$26,0)),"NOT FOUND") | L123: =IF(K123="Yes",J123&"|"&B123,"DROP") | M123: =LEN(A123)

Sheet Keys
A1: The problem keys, made visible. Each raw key is a live reference to the cell where it sits in the imported data.
A3: Where | B3: Raw key (reference) | C3: LEN | D3: CODE of the last character | E3: EXACT match in the session log | F3: MATCH finds it (ignores case) | G3: UPPER(TRIM()) | H3: Participant | I3: Use recording
A4: DataQuality, column A | B4: =DataQuality!A34 | C4: =LEN(B4) | D4: =CODE(RIGHT(B4,1)) | E4: =SUMPRODUCT(--EXACT(B4,SessionLog!$B$2:$B$26))>0 | F4: =ISNUMBER(MATCH(B4,SessionLog!$B$2:$B$26,0)) | G4: =UPPER(TRIM(B4)) | H4: =IFERROR(INDEX(SessionLog!$A$2:$A$26,MATCH(G4,SessionLog!$N$2:$N$26,0)),"NOT FOUND") | I4: =IFERROR(INDEX(SessionLog!$L$2:$L$26,MATCH(G4,SessionLog!$N$2:$N$26,0)),"NOT FOUND")
A5: Survey, column B | B5: =Survey!B8 | C5: =LEN(B5) | D5: =CODE(RIGHT(B5,1)) | E5: =SUMPRODUCT(--EXACT(B5,SessionLog!$B$2:$B$26))>0 | F5: =ISNUMBER(MATCH(B5,SessionLog!$B$2:$B$26,0)) | G5: =UPPER(TRIM(B5)) | H5: =IFERROR(INDEX(SessionLog!$A$2:$A$26,MATCH(G5,SessionLog!$N$2:$N$26,0)),"NOT FOUND") | I5: =IFERROR(INDEX(SessionLog!$L$2:$L$26,MATCH(G5,SessionLog!$N$2:$N$26,0)),"NOT FOUND")
A6: GSR_Import, column B | B6: =GSR_Import!B23 | C6: =LEN(B6) | D6: =CODE(RIGHT(B6,1)) | E6: =SUMPRODUCT(--EXACT(B6,SessionLog!$B$2:$B$26))>0 | F6: =ISNUMBER(MATCH(B6,SessionLog!$B$2:$B$26,0)) | G6: =UPPER(TRIM(B6)) | H6: =IFERROR(INDEX(SessionLog!$A$2:$A$26,MATCH(G6,SessionLog!$N$2:$N$26,0)),"NOT FOUND") | I6: =IFERROR(INDEX(SessionLog!$L$2:$L$26,MATCH(G6,SessionLog!$N$2:$N$26,0)),"NOT FOUND")
A7: GSR_Import, column B | B7: =GSR_Import!B27 | C7: =LEN(B7) | D7: =CODE(RIGHT(B7,1)) | E7: =SUMPRODUCT(--EXACT(B7,SessionLog!$B$2:$B$26))>0 | F7: =ISNUMBER(MATCH(B7,SessionLog!$B$2:$B$26,0)) | G7: =UPPER(TRIM(B7)) | H7: =IFERROR(INDEX(SessionLog!$A$2:$A$26,MATCH(G7,SessionLog!$N$2:$N$26,0)),"NOT FOUND") | I7: =IFERROR(INDEX(SessionLog!$L$2:$L$26,MATCH(G7,SessionLog!$N$2:$N$26,0)),"NOT FOUND")
A8: GSR_Import, column B (a normal key) | B8: =GSR_Import!B4 | C8: =LEN(B8) | D8: =CODE(RIGHT(B8,1)) | E8: =SUMPRODUCT(--EXACT(B8,SessionLog!$B$2:$B$26))>0 | F8: =ISNUMBER(MATCH(B8,SessionLog!$B$2:$B$26,0)) | G8: =UPPER(TRIM(B8)) | H8: =IFERROR(INDEX(SessionLog!$A$2:$A$26,MATCH(G8,SessionLog!$N$2:$N$26,0)),"NOT FOUND") | I8: =IFERROR(INDEX(SessionLog!$L$2:$L$26,MATCH(G8,SessionLog!$N$2:$N$26,0)),"NOT FOUND")
A10: Read row by row: LEN 4 and CODE 32 reveal the trailing space; EXACT is FALSE for p07 although MATCH finds it, because Excel lookups ignore upper and lower case (R joins do not). TRIM and UPPER give every row a key that the session log knows; the Use recording column then says which recording of P04 to keep.

Sheet Merged
A1: participant_id | B1: stimulus | C1: GSR lookup key | D1: GSR Peaks Per Minute (as exported) | E1: GSR valid (R3) | F1: GSR Peaks Per Minute (analysis) | G1: DQ lookup key | H1: Eye tracking quality (%) | I1: Face quality (%) | J1: Eye tracking minimum, ads | K1: Face minimum, ads | L1: include (R2) | M1: liking | N1: recall_correct
A2: P01 | B2: Baseline | C2: =A2&"|Stimulus|"&B2&"|"&B2 | D2: =INDEX(GSR_Import!$N$2:$N$171,MATCH(C2,GSR_Import!$S$2:$S$171,0)) | E2: =INDEX(GSR_Import!$U$2:$U$171,MATCH(C2,GSR_Import!$S$2:$S$171,0)) | F2: =IF(E2=1,D2,"") | G2: =A2&"|"&B2 | H2: =INDEX(DataQuality!$D$2:$D$123,MATCH(G2,DataQuality!$L$2:$L$123,0)) | I2: =INDEX(DataQuality!$F$2:$F$123,MATCH(G2,DataQuality!$L$2:$L$123,0)) | J2: =MIN(INDEX(DataQuality!$D$2:$D$123,MATCH(A2&"|Ad_A",DataQuality!$L$2:$L$123,0)),INDEX(DataQuality!$D$2:$D$123,MATCH(A2&"|Ad_B",DataQuality!$L$2:$L$123,0))) | K2: =MIN(INDEX(DataQuality!$F$2:$F$123,MATCH(A2&"|Ad_A",DataQuality!$L$2:$L$123,0)),INDEX(DataQuality!$F$2:$F$123,MATCH(A2&"|Ad_B",DataQuality!$L$2:$L$123,0))) | L2: =IF(AND(J2>=90,K2>=80),1,0) | M2: =IF(B2="Ad_A",INDEX(Survey!$G$2:$G$25,MATCH(A2,Survey!$W$2:$W$25,0)),IF(B2="Ad_B",INDEX(Survey!$I$2:$I$25,MATCH(A2,Survey!$W$2:$W$25,0)),"")) | N2: =IF(B2="Ad_A",INDEX(Survey!$X$2:$X$25,MATCH(A2,Survey!$W$2:$W$25,0)),IF(B2="Ad_B",INDEX(Survey!$Y$2:$Y$25,MATCH(A2,Survey!$W$2:$W$25,0)),"")) | P2: Checks
A3: P01 | B3: Ad_A | C3: =A3&"|Stimulus|"&B3&"|"&B3 | D3: =INDEX(GSR_Import!$N$2:$N$171,MATCH(C3,GSR_Import!$S$2:$S$171,0)) | E3: =INDEX(GSR_Import!$U$2:$U$171,MATCH(C3,GSR_Import!$S$2:$S$171,0)) | F3: =IF(E3=1,D3,"") | G3: =A3&"|"&B3 | H3: =INDEX(DataQuality!$D$2:$D$123,MATCH(G3,DataQuality!$L$2:$L$123,0)) | I3: =INDEX(DataQuality!$F$2:$F$123,MATCH(G3,DataQuality!$L$2:$L$123,0)) | J3: =MIN(INDEX(DataQuality!$D$2:$D$123,MATCH(A3&"|Ad_A",DataQuality!$L$2:$L$123,0)),INDEX(DataQuality!$D$2:$D$123,MATCH(A3&"|Ad_B",DataQuality!$L$2:$L$123,0))) | K3: =MIN(INDEX(DataQuality!$F$2:$F$123,MATCH(A3&"|Ad_A",DataQuality!$L$2:$L$123,0)),INDEX(DataQuality!$F$2:$F$123,MATCH(A3&"|Ad_B",DataQuality!$L$2:$L$123,0))) | L3: =IF(AND(J3>=90,K3>=80),1,0) | M3: =IF(B3="Ad_A",INDEX(Survey!$G$2:$G$25,MATCH(A3,Survey!$W$2:$W$25,0)),IF(B3="Ad_B",INDEX(Survey!$I$2:$I$25,MATCH(A3,Survey!$W$2:$W$25,0)),"")) | N3: =IF(B3="Ad_A",INDEX(Survey!$X$2:$X$25,MATCH(A3,Survey!$W$2:$W$25,0)),IF(B3="Ad_B",INDEX(Survey!$Y$2:$Y$25,MATCH(A3,Survey!$W$2:$W$25,0)),"")) | P3: Rows (participant x stimulus) | Q3: =COUNTA(A2:A73)
A4: P01 | B4: Ad_B | C4: =A4&"|Stimulus|"&B4&"|"&B4 | D4: =INDEX(GSR_Import!$N$2:$N$171,MATCH(C4,GSR_Import!$S$2:$S$171,0)) | E4: =INDEX(GSR_Import!$U$2:$U$171,MATCH(C4,GSR_Import!$S$2:$S$171,0)) | F4: =IF(E4=1,D4,"") | G4: =A4&"|"&B4 | H4: =INDEX(DataQuality!$D$2:$D$123,MATCH(G4,DataQuality!$L$2:$L$123,0)) | I4: =INDEX(DataQuality!$F$2:$F$123,MATCH(G4,DataQuality!$L$2:$L$123,0)) | J4: =MIN(INDEX(DataQuality!$D$2:$D$123,MATCH(A4&"|Ad_A",DataQuality!$L$2:$L$123,0)),INDEX(DataQuality!$D$2:$D$123,MATCH(A4&"|Ad_B",DataQuality!$L$2:$L$123,0))) | K4: =MIN(INDEX(DataQuality!$F$2:$F$123,MATCH(A4&"|Ad_A",DataQuality!$L$2:$L$123,0)),INDEX(DataQuality!$F$2:$F$123,MATCH(A4&"|Ad_B",DataQuality!$L$2:$L$123,0))) | L4: =IF(AND(J4>=90,K4>=80),1,0) | M4: =IF(B4="Ad_A",INDEX(Survey!$G$2:$G$25,MATCH(A4,Survey!$W$2:$W$25,0)),IF(B4="Ad_B",INDEX(Survey!$I$2:$I$25,MATCH(A4,Survey!$W$2:$W$25,0)),"")) | N4: =IF(B4="Ad_A",INDEX(Survey!$X$2:$X$25,MATCH(A4,Survey!$W$2:$W$25,0)),IF(B4="Ad_B",INDEX(Survey!$Y$2:$Y$25,MATCH(A4,Survey!$W$2:$W$25,0)),"")) | P4: Lookups that failed (#N/A) in D, H, I | Q4: =SUMPRODUCT(--ISNA(D2:D73))+SUMPRODUCT(--ISNA(H2:H73))+SUMPRODUCT(--ISNA(I2:I73))
A5: P02 | B5: Baseline | C5: =A5&"|Stimulus|"&B5&"|"&B5 | D5: =INDEX(GSR_Import!$N$2:$N$171,MATCH(C5,GSR_Import!$S$2:$S$171,0)) | E5: =INDEX(GSR_Import!$U$2:$U$171,MATCH(C5,GSR_Import!$S$2:$S$171,0)) | F5: =IF(E5=1,D5,"") | G5: =A5&"|"&B5 | H5: =INDEX(DataQuality!$D$2:$D$123,MATCH(G5,DataQuality!$L$2:$L$123,0)) | I5: =INDEX(DataQuality!$F$2:$F$123,MATCH(G5,DataQuality!$L$2:$L$123,0)) | J5: =MIN(INDEX(DataQuality!$D$2:$D$123,MATCH(A5&"|Ad_A",DataQuality!$L$2:$L$123,0)),INDEX(DataQuality!$D$2:$D$123,MATCH(A5&"|Ad_B",DataQuality!$L$2:$L$123,0))) | K5: =MIN(INDEX(DataQuality!$F$2:$F$123,MATCH(A5&"|Ad_A",DataQuality!$L$2:$L$123,0)),INDEX(DataQuality!$F$2:$F$123,MATCH(A5&"|Ad_B",DataQuality!$L$2:$L$123,0))) | L5: =IF(AND(J5>=90,K5>=80),1,0) | M5: =IF(B5="Ad_A",INDEX(Survey!$G$2:$G$25,MATCH(A5,Survey!$W$2:$W$25,0)),IF(B5="Ad_B",INDEX(Survey!$I$2:$I$25,MATCH(A5,Survey!$W$2:$W$25,0)),"")) | N5: =IF(B5="Ad_A",INDEX(Survey!$X$2:$X$25,MATCH(A5,Survey!$W$2:$W$25,0)),IF(B5="Ad_B",INDEX(Survey!$Y$2:$Y$25,MATCH(A5,Survey!$W$2:$W$25,0)),"")) | P5: Participants with include = 1 | Q5: =COUNTIFS(B2:B73,"Baseline",L2:L73,1)
A6: P02 | B6: Ad_A | C6: =A6&"|Stimulus|"&B6&"|"&B6 | D6: =INDEX(GSR_Import!$N$2:$N$171,MATCH(C6,GSR_Import!$S$2:$S$171,0)) | E6: =INDEX(GSR_Import!$U$2:$U$171,MATCH(C6,GSR_Import!$S$2:$S$171,0)) | F6: =IF(E6=1,D6,"") | G6: =A6&"|"&B6 | H6: =INDEX(DataQuality!$D$2:$D$123,MATCH(G6,DataQuality!$L$2:$L$123,0)) | I6: =INDEX(DataQuality!$F$2:$F$123,MATCH(G6,DataQuality!$L$2:$L$123,0)) | J6: =MIN(INDEX(DataQuality!$D$2:$D$123,MATCH(A6&"|Ad_A",DataQuality!$L$2:$L$123,0)),INDEX(DataQuality!$D$2:$D$123,MATCH(A6&"|Ad_B",DataQuality!$L$2:$L$123,0))) | K6: =MIN(INDEX(DataQuality!$F$2:$F$123,MATCH(A6&"|Ad_A",DataQuality!$L$2:$L$123,0)),INDEX(DataQuality!$F$2:$F$123,MATCH(A6&"|Ad_B",DataQuality!$L$2:$L$123,0))) | L6: =IF(AND(J6>=90,K6>=80),1,0) | M6: =IF(B6="Ad_A",INDEX(Survey!$G$2:$G$25,MATCH(A6,Survey!$W$2:$W$25,0)),IF(B6="Ad_B",INDEX(Survey!$I$2:$I$25,MATCH(A6,Survey!$W$2:$W$25,0)),"")) | N6: =IF(B6="Ad_A",INDEX(Survey!$X$2:$X$25,MATCH(A6,Survey!$W$2:$W$25,0)),IF(B6="Ad_B",INDEX(Survey!$Y$2:$Y$25,MATCH(A6,Survey!$W$2:$W$25,0)),"")) | P6: Stimulus rows with GSR not valid | Q6: =COUNTIF(E2:E73,0)
A7: P02 | B7: Ad_B | C7: =A7&"|Stimulus|"&B7&"|"&B7 | D7: =INDEX(GSR_Import!$N$2:$N$171,MATCH(C7,GSR_Import!$S$2:$S$171,0)) | E7: =INDEX(GSR_Import!$U$2:$U$171,MATCH(C7,GSR_Import!$S$2:$S$171,0)) | F7: =IF(E7=1,D7,"") | G7: =A7&"|"&B7 | H7: =INDEX(DataQuality!$D$2:$D$123,MATCH(G7,DataQuality!$L$2:$L$123,0)) | I7: =INDEX(DataQuality!$F$2:$F$123,MATCH(G7,DataQuality!$L$2:$L$123,0)) | J7: =MIN(INDEX(DataQuality!$D$2:$D$123,MATCH(A7&"|Ad_A",DataQuality!$L$2:$L$123,0)),INDEX(DataQuality!$D$2:$D$123,MATCH(A7&"|Ad_B",DataQuality!$L$2:$L$123,0))) | K7: =MIN(INDEX(DataQuality!$F$2:$F$123,MATCH(A7&"|Ad_A",DataQuality!$L$2:$L$123,0)),INDEX(DataQuality!$F$2:$F$123,MATCH(A7&"|Ad_B",DataQuality!$L$2:$L$123,0))) | L7: =IF(AND(J7>=90,K7>=80),1,0) | M7: =IF(B7="Ad_A",INDEX(Survey!$G$2:$G$25,MATCH(A7,Survey!$W$2:$W$25,0)),IF(B7="Ad_B",INDEX(Survey!$I$2:$I$25,MATCH(A7,Survey!$W$2:$W$25,0)),"")) | N7: =IF(B7="Ad_A",INDEX(Survey!$X$2:$X$25,MATCH(A7,Survey!$W$2:$W$25,0)),IF(B7="Ad_B",INDEX(Survey!$Y$2:$Y$25,MATCH(A7,Survey!$W$2:$W$25,0)),""))
A8: P03 | B8: Baseline | C8: =A8&"|Stimulus|"&B8&"|"&B8 | D8: =INDEX(GSR_Import!$N$2:$N$171,MATCH(C8,GSR_Import!$S$2:$S$171,0)) | E8: =INDEX(GSR_Import!$U$2:$U$171,MATCH(C8,GSR_Import!$S$2:$S$171,0)) | F8: =IF(E8=1,D8,"") | G8: =A8&"|"&B8 | H8: =INDEX(DataQuality!$D$2:$D$123,MATCH(G8,DataQuality!$L$2:$L$123,0)) | I8: =INDEX(DataQuality!$F$2:$F$123,MATCH(G8,DataQuality!$L$2:$L$123,0)) | J8: =MIN(INDEX(DataQuality!$D$2:$D$123,MATCH(A8&"|Ad_A",DataQuality!$L$2:$L$123,0)),INDEX(DataQuality!$D$2:$D$123,MATCH(A8&"|Ad_B",DataQuality!$L$2:$L$123,0))) | K8: =MIN(INDEX(DataQuality!$F$2:$F$123,MATCH(A8&"|Ad_A",DataQuality!$L$2:$L$123,0)),INDEX(DataQuality!$F$2:$F$123,MATCH(A8&"|Ad_B",DataQuality!$L$2:$L$123,0))) | L8: =IF(AND(J8>=90,K8>=80),1,0) | M8: =IF(B8="Ad_A",INDEX(Survey!$G$2:$G$25,MATCH(A8,Survey!$W$2:$W$25,0)),IF(B8="Ad_B",INDEX(Survey!$I$2:$I$25,MATCH(A8,Survey!$W$2:$W$25,0)),"")) | N8: =IF(B8="Ad_A",INDEX(Survey!$X$2:$X$25,MATCH(A8,Survey!$W$2:$W$25,0)),IF(B8="Ad_B",INDEX(Survey!$Y$2:$Y$25,MATCH(A8,Survey!$W$2:$W$25,0)),""))
A9: P03 | B9: Ad_A | C9: =A9&"|Stimulus|"&B9&"|"&B9 | D9: =INDEX(GSR_Import!$N$2:$N$171,MATCH(C9,GSR_Import!$S$2:$S$171,0)) | E9: =INDEX(GSR_Import!$U$2:$U$171,MATCH(C9,GSR_Import!$S$2:$S$171,0)) | F9: =IF(E9=1,D9,"") | G9: =A9&"|"&B9 | H9: =INDEX(DataQuality!$D$2:$D$123,MATCH(G9,DataQuality!$L$2:$L$123,0)) | I9: =INDEX(DataQuality!$F$2:$F$123,MATCH(G9,DataQuality!$L$2:$L$123,0)) | J9: =MIN(INDEX(DataQuality!$D$2:$D$123,MATCH(A9&"|Ad_A",DataQuality!$L$2:$L$123,0)),INDEX(DataQuality!$D$2:$D$123,MATCH(A9&"|Ad_B",DataQuality!$L$2:$L$123,0))) | K9: =MIN(INDEX(DataQuality!$F$2:$F$123,MATCH(A9&"|Ad_A",DataQuality!$L$2:$L$123,0)),INDEX(DataQuality!$F$2:$F$123,MATCH(A9&"|Ad_B",DataQuality!$L$2:$L$123,0))) | L9: =IF(AND(J9>=90,K9>=80),1,0) | M9: =IF(B9="Ad_A",INDEX(Survey!$G$2:$G$25,MATCH(A9,Survey!$W$2:$W$25,0)),IF(B9="Ad_B",INDEX(Survey!$I$2:$I$25,MATCH(A9,Survey!$W$2:$W$25,0)),"")) | N9: =IF(B9="Ad_A",INDEX(Survey!$X$2:$X$25,MATCH(A9,Survey!$W$2:$W$25,0)),IF(B9="Ad_B",INDEX(Survey!$Y$2:$Y$25,MATCH(A9,Survey!$W$2:$W$25,0)),""))
A10: P03 | B10: Ad_B | C10: =A10&"|Stimulus|"&B10&"|"&B10 | D10: =INDEX(GSR_Import!$N$2:$N$171,MATCH(C10,GSR_Import!$S$2:$S$171,0)) | E10: =INDEX(GSR_Import!$U$2:$U$171,MATCH(C10,GSR_Import!$S$2:$S$171,0)) | F10: =IF(E10=1,D10,"") | G10: =A10&"|"&B10 | H10: =INDEX(DataQuality!$D$2:$D$123,MATCH(G10,DataQuality!$L$2:$L$123,0)) | I10: =INDEX(DataQuality!$F$2:$F$123,MATCH(G10,DataQuality!$L$2:$L$123,0)) | J10: =MIN(INDEX(DataQuality!$D$2:$D$123,MATCH(A10&"|Ad_A",DataQuality!$L$2:$L$123,0)),INDEX(DataQuality!$D$2:$D$123,MATCH(A10&"|Ad_B",DataQuality!$L$2:$L$123,0))) | K10: =MIN(INDEX(DataQuality!$F$2:$F$123,MATCH(A10&"|Ad_A",DataQuality!$L$2:$L$123,0)),INDEX(DataQuality!$F$2:$F$123,MATCH(A10&"|Ad_B",DataQuality!$L$2:$L$123,0))) | L10: =IF(AND(J10>=90,K10>=80),1,0) | M10: =IF(B10="Ad_A",INDEX(Survey!$G$2:$G$25,MATCH(A10,Survey!$W$2:$W$25,0)),IF(B10="Ad_B",INDEX(Survey!$I$2:$I$25,MATCH(A10,Survey!$W$2:$W$25,0)),"")) | N10: =IF(B10="Ad_A",INDEX(Survey!$X$2:$X$25,MATCH(A10,Survey!$W$2:$W$25,0)),IF(B10="Ad_B",INDEX(Survey!$Y$2:$Y$25,MATCH(A10,Survey!$W$2:$W$25,0)),""))
A11: P04 | B11: Baseline | C11: =A11&"|Stimulus|"&B11&"|"&B11 | D11: =INDEX(GSR_Import!$N$2:$N$171,MATCH(C11,GSR_Import!$S$2:$S$171,0)) | E11: =INDEX(GSR_Import!$U$2:$U$171,MATCH(C11,GSR_Import!$S$2:$S$171,0)) | F11: =IF(E11=1,D11,"") | G11: =A11&"|"&B11 | H11: =INDEX(DataQuality!$D$2:$D$123,MATCH(G11,DataQuality!$L$2:$L$123,0)) | I11: =INDEX(DataQuality!$F$2:$F$123,MATCH(G11,DataQuality!$L$2:$L$123,0)) | J11: =MIN(INDEX(DataQuality!$D$2:$D$123,MATCH(A11&"|Ad_A",DataQuality!$L$2:$L$123,0)),INDEX(DataQuality!$D$2:$D$123,MATCH(A11&"|Ad_B",DataQuality!$L$2:$L$123,0))) | K11: =MIN(INDEX(DataQuality!$F$2:$F$123,MATCH(A11&"|Ad_A",DataQuality!$L$2:$L$123,0)),INDEX(DataQuality!$F$2:$F$123,MATCH(A11&"|Ad_B",DataQuality!$L$2:$L$123,0))) | L11: =IF(AND(J11>=90,K11>=80),1,0) | M11: =IF(B11="Ad_A",INDEX(Survey!$G$2:$G$25,MATCH(A11,Survey!$W$2:$W$25,0)),IF(B11="Ad_B",INDEX(Survey!$I$2:$I$25,MATCH(A11,Survey!$W$2:$W$25,0)),"")) | N11: =IF(B11="Ad_A",INDEX(Survey!$X$2:$X$25,MATCH(A11,Survey!$W$2:$W$25,0)),IF(B11="Ad_B",INDEX(Survey!$Y$2:$Y$25,MATCH(A11,Survey!$W$2:$W$25,0)),""))
A12: P04 | B12: Ad_A | C12: =A12&"|Stimulus|"&B12&"|"&B12 | D12: =INDEX(GSR_Import!$N$2:$N$171,MATCH(C12,GSR_Import!$S$2:$S$171,0)) | E12: =INDEX(GSR_Import!$U$2:$U$171,MATCH(C12,GSR_Import!$S$2:$S$171,0)) | F12: =IF(E12=1,D12,"") | G12: =A12&"|"&B12 | H12: =INDEX(DataQuality!$D$2:$D$123,MATCH(G12,DataQuality!$L$2:$L$123,0)) | I12: =INDEX(DataQuality!$F$2:$F$123,MATCH(G12,DataQuality!$L$2:$L$123,0)) | J12: =MIN(INDEX(DataQuality!$D$2:$D$123,MATCH(A12&"|Ad_A",DataQuality!$L$2:$L$123,0)),INDEX(DataQuality!$D$2:$D$123,MATCH(A12&"|Ad_B",DataQuality!$L$2:$L$123,0))) | K12: =MIN(INDEX(DataQuality!$F$2:$F$123,MATCH(A12&"|Ad_A",DataQuality!$L$2:$L$123,0)),INDEX(DataQuality!$F$2:$F$123,MATCH(A12&"|Ad_B",DataQuality!$L$2:$L$123,0))) | L12: =IF(AND(J12>=90,K12>=80),1,0) | M12: =IF(B12="Ad_A",INDEX(Survey!$G$2:$G$25,MATCH(A12,Survey!$W$2:$W$25,0)),IF(B12="Ad_B",INDEX(Survey!$I$2:$I$25,MATCH(A12,Survey!$W$2:$W$25,0)),"")) | N12: =IF(B12="Ad_A",INDEX(Survey!$X$2:$X$25,MATCH(A12,Survey!$W$2:$W$25,0)),IF(B12="Ad_B",INDEX(Survey!$Y$2:$Y$25,MATCH(A12,Survey!$W$2:$W$25,0)),""))
A13: P04 | B13: Ad_B | C13: =A13&"|Stimulus|"&B13&"|"&B13 | D13: =INDEX(GSR_Import!$N$2:$N$171,MATCH(C13,GSR_Import!$S$2:$S$171,0)) | E13: =INDEX(GSR_Import!$U$2:$U$171,MATCH(C13,GSR_Import!$S$2:$S$171,0)) | F13: =IF(E13=1,D13,"") | G13: =A13&"|"&B13 | H13: =INDEX(DataQuality!$D$2:$D$123,MATCH(G13,DataQuality!$L$2:$L$123,0)) | I13: =INDEX(DataQuality!$F$2:$F$123,MATCH(G13,DataQuality!$L$2:$L$123,0)) | J13: =MIN(INDEX(DataQuality!$D$2:$D$123,MATCH(A13&"|Ad_A",DataQuality!$L$2:$L$123,0)),INDEX(DataQuality!$D$2:$D$123,MATCH(A13&"|Ad_B",DataQuality!$L$2:$L$123,0))) | K13: =MIN(INDEX(DataQuality!$F$2:$F$123,MATCH(A13&"|Ad_A",DataQuality!$L$2:$L$123,0)),INDEX(DataQuality!$F$2:$F$123,MATCH(A13&"|Ad_B",DataQuality!$L$2:$L$123,0))) | L13: =IF(AND(J13>=90,K13>=80),1,0) | M13: =IF(B13="Ad_A",INDEX(Survey!$G$2:$G$25,MATCH(A13,Survey!$W$2:$W$25,0)),IF(B13="Ad_B",INDEX(Survey!$I$2:$I$25,MATCH(A13,Survey!$W$2:$W$25,0)),"")) | N13: =IF(B13="Ad_A",INDEX(Survey!$X$2:$X$25,MATCH(A13,Survey!$W$2:$W$25,0)),IF(B13="Ad_B",INDEX(Survey!$Y$2:$Y$25,MATCH(A13,Survey!$W$2:$W$25,0)),""))
A14: P05 | B14: Baseline | C14: =A14&"|Stimulus|"&B14&"|"&B14 | D14: =INDEX(GSR_Import!$N$2:$N$171,MATCH(C14,GSR_Import!$S$2:$S$171,0)) | E14: =INDEX(GSR_Import!$U$2:$U$171,MATCH(C14,GSR_Import!$S$2:$S$171,0)) | F14: =IF(E14=1,D14,"") | G14: =A14&"|"&B14 | H14: =INDEX(DataQuality!$D$2:$D$123,MATCH(G14,DataQuality!$L$2:$L$123,0)) | I14: =INDEX(DataQuality!$F$2:$F$123,MATCH(G14,DataQuality!$L$2:$L$123,0)) | J14: =MIN(INDEX(DataQuality!$D$2:$D$123,MATCH(A14&"|Ad_A",DataQuality!$L$2:$L$123,0)),INDEX(DataQuality!$D$2:$D$123,MATCH(A14&"|Ad_B",DataQuality!$L$2:$L$123,0))) | K14: =MIN(INDEX(DataQuality!$F$2:$F$123,MATCH(A14&"|Ad_A",DataQuality!$L$2:$L$123,0)),INDEX(DataQuality!$F$2:$F$123,MATCH(A14&"|Ad_B",DataQuality!$L$2:$L$123,0))) | L14: =IF(AND(J14>=90,K14>=80),1,0) | M14: =IF(B14="Ad_A",INDEX(Survey!$G$2:$G$25,MATCH(A14,Survey!$W$2:$W$25,0)),IF(B14="Ad_B",INDEX(Survey!$I$2:$I$25,MATCH(A14,Survey!$W$2:$W$25,0)),"")) | N14: =IF(B14="Ad_A",INDEX(Survey!$X$2:$X$25,MATCH(A14,Survey!$W$2:$W$25,0)),IF(B14="Ad_B",INDEX(Survey!$Y$2:$Y$25,MATCH(A14,Survey!$W$2:$W$25,0)),""))
A15: P05 | B15: Ad_A | C15: =A15&"|Stimulus|"&B15&"|"&B15 | D15: =INDEX(GSR_Import!$N$2:$N$171,MATCH(C15,GSR_Import!$S$2:$S$171,0)) | E15: =INDEX(GSR_Import!$U$2:$U$171,MATCH(C15,GSR_Import!$S$2:$S$171,0)) | F15: =IF(E15=1,D15,"") | G15: =A15&"|"&B15 | H15: =INDEX(DataQuality!$D$2:$D$123,MATCH(G15,DataQuality!$L$2:$L$123,0)) | I15: =INDEX(DataQuality!$F$2:$F$123,MATCH(G15,DataQuality!$L$2:$L$123,0)) | J15: =MIN(INDEX(DataQuality!$D$2:$D$123,MATCH(A15&"|Ad_A",DataQuality!$L$2:$L$123,0)),INDEX(DataQuality!$D$2:$D$123,MATCH(A15&"|Ad_B",DataQuality!$L$2:$L$123,0))) | K15: =MIN(INDEX(DataQuality!$F$2:$F$123,MATCH(A15&"|Ad_A",DataQuality!$L$2:$L$123,0)),INDEX(DataQuality!$F$2:$F$123,MATCH(A15&"|Ad_B",DataQuality!$L$2:$L$123,0))) | L15: =IF(AND(J15>=90,K15>=80),1,0) | M15: =IF(B15="Ad_A",INDEX(Survey!$G$2:$G$25,MATCH(A15,Survey!$W$2:$W$25,0)),IF(B15="Ad_B",INDEX(Survey!$I$2:$I$25,MATCH(A15,Survey!$W$2:$W$25,0)),"")) | N15: =IF(B15="Ad_A",INDEX(Survey!$X$2:$X$25,MATCH(A15,Survey!$W$2:$W$25,0)),IF(B15="Ad_B",INDEX(Survey!$Y$2:$Y$25,MATCH(A15,Survey!$W$2:$W$25,0)),""))
A16: P05 | B16: Ad_B | C16: =A16&"|Stimulus|"&B16&"|"&B16 | D16: =INDEX(GSR_Import!$N$2:$N$171,MATCH(C16,GSR_Import!$S$2:$S$171,0)) | E16: =INDEX(GSR_Import!$U$2:$U$171,MATCH(C16,GSR_Import!$S$2:$S$171,0)) | F16: =IF(E16=1,D16,"") | G16: =A16&"|"&B16 | H16: =INDEX(DataQuality!$D$2:$D$123,MATCH(G16,DataQuality!$L$2:$L$123,0)) | I16: =INDEX(DataQuality!$F$2:$F$123,MATCH(G16,DataQuality!$L$2:$L$123,0)) | J16: =MIN(INDEX(DataQuality!$D$2:$D$123,MATCH(A16&"|Ad_A",DataQuality!$L$2:$L$123,0)),INDEX(DataQuality!$D$2:$D$123,MATCH(A16&"|Ad_B",DataQuality!$L$2:$L$123,0))) | K16: =MIN(INDEX(DataQuality!$F$2:$F$123,MATCH(A16&"|Ad_A",DataQuality!$L$2:$L$123,0)),INDEX(DataQuality!$F$2:$F$123,MATCH(A16&"|Ad_B",DataQuality!$L$2:$L$123,0))) | L16: =IF(AND(J16>=90,K16>=80),1,0) | M16: =IF(B16="Ad_A",INDEX(Survey!$G$2:$G$25,MATCH(A16,Survey!$W$2:$W$25,0)),IF(B16="Ad_B",INDEX(Survey!$I$2:$I$25,MATCH(A16,Survey!$W$2:$W$25,0)),"")) | N16: =IF(B16="Ad_A",INDEX(Survey!$X$2:$X$25,MATCH(A16,Survey!$W$2:$W$25,0)),IF(B16="Ad_B",INDEX(Survey!$Y$2:$Y$25,MATCH(A16,Survey!$W$2:$W$25,0)),""))
A17: P06 | B17: Baseline | C17: =A17&"|Stimulus|"&B17&"|"&B17 | D17: =INDEX(GSR_Import!$N$2:$N$171,MATCH(C17,GSR_Import!$S$2:$S$171,0)) | E17: =INDEX(GSR_Import!$U$2:$U$171,MATCH(C17,GSR_Import!$S$2:$S$171,0)) | F17: =IF(E17=1,D17,"") | G17: =A17&"|"&B17 | H17: =INDEX(DataQuality!$D$2:$D$123,MATCH(G17,DataQuality!$L$2:$L$123,0)) | I17: =INDEX(DataQuality!$F$2:$F$123,MATCH(G17,DataQuality!$L$2:$L$123,0)) | J17: =MIN(INDEX(DataQuality!$D$2:$D$123,MATCH(A17&"|Ad_A",DataQuality!$L$2:$L$123,0)),INDEX(DataQuality!$D$2:$D$123,MATCH(A17&"|Ad_B",DataQuality!$L$2:$L$123,0))) | K17: =MIN(INDEX(DataQuality!$F$2:$F$123,MATCH(A17&"|Ad_A",DataQuality!$L$2:$L$123,0)),INDEX(DataQuality!$F$2:$F$123,MATCH(A17&"|Ad_B",DataQuality!$L$2:$L$123,0))) | L17: =IF(AND(J17>=90,K17>=80),1,0) | M17: =IF(B17="Ad_A",INDEX(Survey!$G$2:$G$25,MATCH(A17,Survey!$W$2:$W$25,0)),IF(B17="Ad_B",INDEX(Survey!$I$2:$I$25,MATCH(A17,Survey!$W$2:$W$25,0)),"")) | N17: =IF(B17="Ad_A",INDEX(Survey!$X$2:$X$25,MATCH(A17,Survey!$W$2:$W$25,0)),IF(B17="Ad_B",INDEX(Survey!$Y$2:$Y$25,MATCH(A17,Survey!$W$2:$W$25,0)),""))
A18: P06 | B18: Ad_A | C18: =A18&"|Stimulus|"&B18&"|"&B18 | D18: =INDEX(GSR_Import!$N$2:$N$171,MATCH(C18,GSR_Import!$S$2:$S$171,0)) | E18: =INDEX(GSR_Import!$U$2:$U$171,MATCH(C18,GSR_Import!$S$2:$S$171,0)) | F18: =IF(E18=1,D18,"") | G18: =A18&"|"&B18 | H18: =INDEX(DataQuality!$D$2:$D$123,MATCH(G18,DataQuality!$L$2:$L$123,0)) | I18: =INDEX(DataQuality!$F$2:$F$123,MATCH(G18,DataQuality!$L$2:$L$123,0)) | J18: =MIN(INDEX(DataQuality!$D$2:$D$123,MATCH(A18&"|Ad_A",DataQuality!$L$2:$L$123,0)),INDEX(DataQuality!$D$2:$D$123,MATCH(A18&"|Ad_B",DataQuality!$L$2:$L$123,0))) | K18: =MIN(INDEX(DataQuality!$F$2:$F$123,MATCH(A18&"|Ad_A",DataQuality!$L$2:$L$123,0)),INDEX(DataQuality!$F$2:$F$123,MATCH(A18&"|Ad_B",DataQuality!$L$2:$L$123,0))) | L18: =IF(AND(J18>=90,K18>=80),1,0) | M18: =IF(B18="Ad_A",INDEX(Survey!$G$2:$G$25,MATCH(A18,Survey!$W$2:$W$25,0)),IF(B18="Ad_B",INDEX(Survey!$I$2:$I$25,MATCH(A18,Survey!$W$2:$W$25,0)),"")) | N18: =IF(B18="Ad_A",INDEX(Survey!$X$2:$X$25,MATCH(A18,Survey!$W$2:$W$25,0)),IF(B18="Ad_B",INDEX(Survey!$Y$2:$Y$25,MATCH(A18,Survey!$W$2:$W$25,0)),""))
... A73: P24 | B73: Ad_B | C73: =A73&"|Stimulus|"&B73&"|"&B73 | D73: =INDEX(GSR_Import!$N$2:$N$171,MATCH(C73,GSR_Import!$S$2:$S$171,0)) | E73: =INDEX(GSR_Import!$U$2:$U$171,MATCH(C73,GSR_Import!$S$2:$S$171,0)) | F73: =IF(E73=1,D73,"") | G73: =A73&"|"&B73 | H73: =INDEX(DataQuality!$D$2:$D$123,MATCH(G73,DataQuality!$L$2:$L$123,0)) | I73: =INDEX(DataQuality!$F$2:$F$123,MATCH(G73,DataQuality!$L$2:$L$123,0)) | J73: =MIN(INDEX(DataQuality!$D$2:$D$123,MATCH(A73&"|Ad_A",DataQuality!$L$2:$L$123,0)),INDEX(DataQuality!$D$2:$D$123,MATCH(A73&"|Ad_B",DataQuality!$L$2:$L$123,0))) | K73: =MIN(INDEX(DataQuality!$F$2:$F$123,MATCH(A73&"|Ad_A",DataQuality!$L$2:$L$123,0)),INDEX(DataQuality!$F$2:$F$123,MATCH(A73&"|Ad_B",DataQuality!$L$2:$L$123,0))) | L73: =IF(AND(J73>=90,K73>=80),1,0) | M73: =IF(B73="Ad_A",INDEX(Survey!$G$2:$G$25,MATCH(A73,Survey!$W$2:$W$25,0)),IF(B73="Ad_B",INDEX(Survey!$I$2:$I$25,MATCH(A73,Survey!$W$2:$W$25,0)),"")) | N73: =IF(B73="Ad_A",INDEX(Survey!$X$2:$X$25,MATCH(A73,Survey!$W$2:$W$25,0)),IF(B73="Ad_B",INDEX(Survey!$Y$2:$Y$25,MATCH(A73,Survey!$W$2:$W$25,0)),""))

Sheet Pivot
A1: Pivot summary: analysis sample (include = 1), GSR valid only for GSR. Built with AVERAGEIFS and COUNTIFS; a PivotTable gives the same numbers.
A3: Stimulus | B3: n (GSR) | C3: Mean GSR Peaks Per Minute | D3: n (liking) | E3: Mean liking | F3: Brand recalled (proportion)
A4: Baseline | B4: =COUNTIFS(Merged!$B$2:$B$73,A4,Merged!$L$2:$L$73,1,Merged!$E$2:$E$73,1) | C4: =AVERAGEIFS(Merged!$D$2:$D$73,Merged!$B$2:$B$73,A4,Merged!$L$2:$L$73,1,Merged!$E$2:$E$73,1)
A5: Ad_A | B5: =COUNTIFS(Merged!$B$2:$B$73,A5,Merged!$L$2:$L$73,1,Merged!$E$2:$E$73,1) | C5: =AVERAGEIFS(Merged!$D$2:$D$73,Merged!$B$2:$B$73,A5,Merged!$L$2:$L$73,1,Merged!$E$2:$E$73,1) | D5: =COUNTIFS(Merged!$B$2:$B$73,A5,Merged!$L$2:$L$73,1) | E5: =AVERAGEIFS(Merged!$M$2:$M$73,Merged!$B$2:$B$73,A5,Merged!$L$2:$L$73,1) | F5: =AVERAGEIFS(Merged!$N$2:$N$73,Merged!$B$2:$B$73,A5,Merged!$L$2:$L$73,1)
A6: Ad_B | B6: =COUNTIFS(Merged!$B$2:$B$73,A6,Merged!$L$2:$L$73,1,Merged!$E$2:$E$73,1) | C6: =AVERAGEIFS(Merged!$D$2:$D$73,Merged!$B$2:$B$73,A6,Merged!$L$2:$L$73,1,Merged!$E$2:$E$73,1) | D6: =COUNTIFS(Merged!$B$2:$B$73,A6,Merged!$L$2:$L$73,1) | E6: =AVERAGEIFS(Merged!$M$2:$M$73,Merged!$B$2:$B$73,A6,Merged!$L$2:$L$73,1) | F6: =AVERAGEIFS(Merged!$N$2:$N$73,Merged!$B$2:$B$73,A6,Merged!$L$2:$L$73,1)
A8: To build the real PivotTable: click any cell of Merged, Insert > PivotTable > New Worksheet > OK; drag stimulus to Rows, GSR Peaks Per Minute (analysis) to Values; right click the value, Value Field Settings, change Sum to Average; drag include (R2) to Filters and keep 1.

Sheet H3
A1: H3: GSR Peaks Per Minute, each ad versus Baseline (paired). Rosters: participants with include = 1 and valid GSR in both stimuli (static lists, checked on the Check sheet).
A3: Ad_A versus Baseline | G3: Ad_B versus Baseline
A4: participant_id | B4: Baseline | C4: Ad_A | D4: Ad_A minus Baseline | G4: participant_id | H4: Baseline | I4: Ad_B | J4: Ad_B minus Baseline
A5: P01 | B5: =INDEX(Merged!$F$2:$F$73,MATCH(A5&"|Stimulus|Baseline|Baseline",Merged!$C$2:$C$73,0)) | C5: =INDEX(Merged!$F$2:$F$73,MATCH(A5&"|Stimulus|Ad_A|Ad_A",Merged!$C$2:$C$73,0)) | D5: =C5-B5 | G5: P01 | H5: =INDEX(Merged!$F$2:$F$73,MATCH(G5&"|Stimulus|Baseline|Baseline",Merged!$C$2:$C$73,0)) | I5: =INDEX(Merged!$F$2:$F$73,MATCH(G5&"|Stimulus|Ad_B|Ad_B",Merged!$C$2:$C$73,0)) | J5: =I5-H5
A6: P02 | B6: =INDEX(Merged!$F$2:$F$73,MATCH(A6&"|Stimulus|Baseline|Baseline",Merged!$C$2:$C$73,0)) | C6: =INDEX(Merged!$F$2:$F$73,MATCH(A6&"|Stimulus|Ad_A|Ad_A",Merged!$C$2:$C$73,0)) | D6: =C6-B6 | G6: P02 | H6: =INDEX(Merged!$F$2:$F$73,MATCH(G6&"|Stimulus|Baseline|Baseline",Merged!$C$2:$C$73,0)) | I6: =INDEX(Merged!$F$2:$F$73,MATCH(G6&"|Stimulus|Ad_B|Ad_B",Merged!$C$2:$C$73,0)) | J6: =I6-H6
A7: P03 | B7: =INDEX(Merged!$F$2:$F$73,MATCH(A7&"|Stimulus|Baseline|Baseline",Merged!$C$2:$C$73,0)) | C7: =INDEX(Merged!$F$2:$F$73,MATCH(A7&"|Stimulus|Ad_A|Ad_A",Merged!$C$2:$C$73,0)) | D7: =C7-B7 | G7: P03 | H7: =INDEX(Merged!$F$2:$F$73,MATCH(G7&"|Stimulus|Baseline|Baseline",Merged!$C$2:$C$73,0)) | I7: =INDEX(Merged!$F$2:$F$73,MATCH(G7&"|Stimulus|Ad_B|Ad_B",Merged!$C$2:$C$73,0)) | J7: =I7-H7
A8: P04 | B8: =INDEX(Merged!$F$2:$F$73,MATCH(A8&"|Stimulus|Baseline|Baseline",Merged!$C$2:$C$73,0)) | C8: =INDEX(Merged!$F$2:$F$73,MATCH(A8&"|Stimulus|Ad_A|Ad_A",Merged!$C$2:$C$73,0)) | D8: =C8-B8 | G8: P04 | H8: =INDEX(Merged!$F$2:$F$73,MATCH(G8&"|Stimulus|Baseline|Baseline",Merged!$C$2:$C$73,0)) | I8: =INDEX(Merged!$F$2:$F$73,MATCH(G8&"|Stimulus|Ad_B|Ad_B",Merged!$C$2:$C$73,0)) | J8: =I8-H8
A9: P05 | B9: =INDEX(Merged!$F$2:$F$73,MATCH(A9&"|Stimulus|Baseline|Baseline",Merged!$C$2:$C$73,0)) | C9: =INDEX(Merged!$F$2:$F$73,MATCH(A9&"|Stimulus|Ad_A|Ad_A",Merged!$C$2:$C$73,0)) | D9: =C9-B9 | G9: P06 | H9: =INDEX(Merged!$F$2:$F$73,MATCH(G9&"|Stimulus|Baseline|Baseline",Merged!$C$2:$C$73,0)) | I9: =INDEX(Merged!$F$2:$F$73,MATCH(G9&"|Stimulus|Ad_B|Ad_B",Merged!$C$2:$C$73,0)) | J9: =I9-H9
A10: P06 | B10: =INDEX(Merged!$F$2:$F$73,MATCH(A10&"|Stimulus|Baseline|Baseline",Merged!$C$2:$C$73,0)) | C10: =INDEX(Merged!$F$2:$F$73,MATCH(A10&"|Stimulus|Ad_A|Ad_A",Merged!$C$2:$C$73,0)) | D10: =C10-B10 | G10: P07 | H10: =INDEX(Merged!$F$2:$F$73,MATCH(G10&"|Stimulus|Baseline|Baseline",Merged!$C$2:$C$73,0)) | I10: =INDEX(Merged!$F$2:$F$73,MATCH(G10&"|Stimulus|Ad_B|Ad_B",Merged!$C$2:$C$73,0)) | J10: =I10-H10
A11: P07 | B11: =INDEX(Merged!$F$2:$F$73,MATCH(A11&"|Stimulus|Baseline|Baseline",Merged!$C$2:$C$73,0)) | C11: =INDEX(Merged!$F$2:$F$73,MATCH(A11&"|Stimulus|Ad_A|Ad_A",Merged!$C$2:$C$73,0)) | D11: =C11-B11 | G11: P08 | H11: =INDEX(Merged!$F$2:$F$73,MATCH(G11&"|Stimulus|Baseline|Baseline",Merged!$C$2:$C$73,0)) | I11: =INDEX(Merged!$F$2:$F$73,MATCH(G11&"|Stimulus|Ad_B|Ad_B",Merged!$C$2:$C$73,0)) | J11: =I11-H11
A12: P08 | B12: =INDEX(Merged!$F$2:$F$73,MATCH(A12&"|Stimulus|Baseline|Baseline",Merged!$C$2:$C$73,0)) | C12: =INDEX(Merged!$F$2:$F$73,MATCH(A12&"|Stimulus|Ad_A|Ad_A",Merged!$C$2:$C$73,0)) | D12: =C12-B12 | G12: P09 | H12: =INDEX(Merged!$F$2:$F$73,MATCH(G12&"|Stimulus|Baseline|Baseline",Merged!$C$2:$C$73,0)) | I12: =INDEX(Merged!$F$2:$F$73,MATCH(G12&"|Stimulus|Ad_B|Ad_B",Merged!$C$2:$C$73,0)) | J12: =I12-H12
A13: P09 | B13: =INDEX(Merged!$F$2:$F$73,MATCH(A13&"|Stimulus|Baseline|Baseline",Merged!$C$2:$C$73,0)) | C13: =INDEX(Merged!$F$2:$F$73,MATCH(A13&"|Stimulus|Ad_A|Ad_A",Merged!$C$2:$C$73,0)) | D13: =C13-B13 | G13: P10 | H13: =INDEX(Merged!$F$2:$F$73,MATCH(G13&"|Stimulus|Baseline|Baseline",Merged!$C$2:$C$73,0)) | I13: =INDEX(Merged!$F$2:$F$73,MATCH(G13&"|Stimulus|Ad_B|Ad_B",Merged!$C$2:$C$73,0)) | J13: =I13-H13
A14: P10 | B14: =INDEX(Merged!$F$2:$F$73,MATCH(A14&"|Stimulus|Baseline|Baseline",Merged!$C$2:$C$73,0)) | C14: =INDEX(Merged!$F$2:$F$73,MATCH(A14&"|Stimulus|Ad_A|Ad_A",Merged!$C$2:$C$73,0)) | D14: =C14-B14 | G14: P11 | H14: =INDEX(Merged!$F$2:$F$73,MATCH(G14&"|Stimulus|Baseline|Baseline",Merged!$C$2:$C$73,0)) | I14: =INDEX(Merged!$F$2:$F$73,MATCH(G14&"|Stimulus|Ad_B|Ad_B",Merged!$C$2:$C$73,0)) | J14: =I14-H14
A15: P11 | B15: =INDEX(Merged!$F$2:$F$73,MATCH(A15&"|Stimulus|Baseline|Baseline",Merged!$C$2:$C$73,0)) | C15: =INDEX(Merged!$F$2:$F$73,MATCH(A15&"|Stimulus|Ad_A|Ad_A",Merged!$C$2:$C$73,0)) | D15: =C15-B15 | G15: P12 | H15: =INDEX(Merged!$F$2:$F$73,MATCH(G15&"|Stimulus|Baseline|Baseline",Merged!$C$2:$C$73,0)) | I15: =INDEX(Merged!$F$2:$F$73,MATCH(G15&"|Stimulus|Ad_B|Ad_B",Merged!$C$2:$C$73,0)) | J15: =I15-H15
A16: P12 | B16: =INDEX(Merged!$F$2:$F$73,MATCH(A16&"|Stimulus|Baseline|Baseline",Merged!$C$2:$C$73,0)) | C16: =INDEX(Merged!$F$2:$F$73,MATCH(A16&"|Stimulus|Ad_A|Ad_A",Merged!$C$2:$C$73,0)) | D16: =C16-B16 | G16: P13 | H16: =INDEX(Merged!$F$2:$F$73,MATCH(G16&"|Stimulus|Baseline|Baseline",Merged!$C$2:$C$73,0)) | I16: =INDEX(Merged!$F$2:$F$73,MATCH(G16&"|Stimulus|Ad_B|Ad_B",Merged!$C$2:$C$73,0)) | J16: =I16-H16
... A25: P23 | B25: =INDEX(Merged!$F$2:$F$73,MATCH(A25&"|Stimulus|Baseline|Baseline",Merged!$C$2:$C$73,0)) | C25: =INDEX(Merged!$F$2:$F$73,MATCH(A25&"|Stimulus|Ad_A|Ad_A",Merged!$C$2:$C$73,0)) | D25: =C25-B25 | G25: P24 | H25: =INDEX(Merged!$F$2:$F$73,MATCH(G25&"|Stimulus|Baseline|Baseline",Merged!$C$2:$C$73,0)) | I25: =INDEX(Merged!$F$2:$F$73,MATCH(G25&"|Stimulus|Ad_B|Ad_B",Merged!$C$2:$C$73,0)) | J25: =I25-H25
A26: P24 | B26: =INDEX(Merged!$F$2:$F$73,MATCH(A26&"|Stimulus|Baseline|Baseline",Merged!$C$2:$C$73,0)) | C26: =INDEX(Merged!$F$2:$F$73,MATCH(A26&"|Stimulus|Ad_A|Ad_A",Merged!$C$2:$C$73,0)) | D26: =C26-B26
G28: Paired t test, Ad_B minus Baseline
A29: Paired t test, Ad_A minus Baseline | G29: Baseline mean | H29: =AVERAGE(H5:H25)
A30: Baseline mean | B30: =AVERAGE(B5:B26) | G30: Baseline SD | H30: =_xlfn.STDEV.S(H5:H25) | I30: STDEV.S = sample SD
A31: Baseline SD | B31: =_xlfn.STDEV.S(B5:B26) | C31: STDEV.S = sample SD | G31: Ad_B mean | H31: =AVERAGE(I5:I25)
A32: Ad_A mean | B32: =AVERAGE(C5:C26) | G32: Ad_B SD | H32: =_xlfn.STDEV.S(I5:I25)
A33: Ad_A SD | B33: =_xlfn.STDEV.S(C5:C26) | G33: n (participants) | H33: =COUNT(J5:J25)
A34: n (participants) | B34: =COUNT(D5:D26) | G34: Mean difference | H34: =AVERAGE(J5:J25)
A35: Mean difference | B35: =AVERAGE(D5:D26) | G35: SD of the differences | H35: =_xlfn.STDEV.S(J5:J25)
A36: SD of the differences | B36: =_xlfn.STDEV.S(D5:D26) | G36: SE of the mean difference | H36: =H35/SQRT(H33) | I36: SD of the differences / SQRT(n)
A37: SE of the mean difference | B37: =B36/SQRT(B34) | C37: SD of the differences / SQRT(n) | G37: t | H37: =H34/H36 | I37: mean difference / SE
A38: t | B38: =B35/B37 | C38: mean difference / SE | G38: df | H38: =H33-1
A39: df | B39: =B34-1 | G39: p, two tailed (T.TEST, type 1 = paired) | H39: =_xlfn.T.TEST(I5:I25,H5:H25,2,1) | I39: tails = 2, type = 1
A40: p, two tailed (T.TEST, type 1 = paired) | B40: =_xlfn.T.TEST(C5:C26,B5:B26,2,1) | C40: tails = 2, type = 1 | G40: p from t (T.DIST.2T) | H40: =_xlfn.T.DIST.2T(ABS(H37),H38) | I40: must equal the T.TEST cell
A41: p from t (T.DIST.2T) | B41: =_xlfn.T.DIST.2T(ABS(B38),B39) | C41: must equal the T.TEST cell | G41: Critical t (95%) | H41: =_xlfn.T.INV.2T(0.05,H38)
A42: Critical t (95%) | B42: =_xlfn.T.INV.2T(0.05,B39) | G42: Mean difference, 95% CI lower | H42: =H34-H41*H36
A43: Mean difference, 95% CI lower | B43: =B35-B42*B37 | G43: Mean difference, 95% CI upper | H43: =H34+H41*H36
A44: Mean difference, 95% CI upper | B44: =B35+B42*B37 | G44: Cohen's d_z | H44: =H34/H35 | I44: mean difference / SD of the differences
A45: Cohen's d_z | B45: =B35/B36 | C45: mean difference / SD of the differences | G45: SE of d_z (approximation) | H45: =SQRT(1/H33+H44^2/(2*H33))
A46: SE of d_z (approximation) | B46: =SQRT(1/B34+B45^2/(2*B34)) | G46: d_z 95% CI lower (approximation) | H46: =H44-1.96*H45 | I46: R also gives the exact noncentral t interval
A47: d_z 95% CI lower (approximation) | B47: =B45-1.96*B46 | C47: R also gives the exact noncentral t interval | G47: d_z 95% CI upper (approximation) | H47: =H44+1.96*H45
A48: d_z 95% CI upper (approximation) | B48: =B45+1.96*B46 | G48: Participants with an increase | H48: =COUNTIF(J5:J25,">0")
A49: Participants with an increase | B49: =COUNTIF(D5:D26,">0")

Sheet Check
A1: Excel results next to the values that prepare_data.R and analysis.R produced (SIMULATED data).
A3: Result | B3: Excel | C3: R | D3: Difference | E3: Tolerance | F3: Status
A4: Survey: Cronbach's alpha, recoded | B4: =Survey!AF2 | C4: 0.839 | D4: =B4-C4 | E4: 0.0005 | F4: =IF(ABS(D4)<=E4,"OK","CHECK")
A5: Survey: Cronbach's alpha, not recoded | B5: =Survey!AF3 | C5: -1.101 | D5: =B5-C5 | E5: 0.0005 | F5: =IF(ABS(D5)<=E5,"OK","CHECK")
A6: Merged: Rows (participant x stimulus) | B6: =Merged!Q3 | C6: 72 | D6: =B6-C6 | E6: 1e-09 | F6: =IF(ABS(D6)<=E6,"OK","CHECK")
A7: Merged: Lookups that failed (#N/A) in D, H, I | B7: =Merged!Q4 | C7: 0 | D7: =B7-C7 | E7: 1e-09 | F7: =IF(ABS(D7)<=E7,"OK","CHECK")
A8: Merged: Participants with include = 1 | B8: =Merged!Q5 | C8: 22 | D8: =B8-C8 | E8: 1e-09 | F8: =IF(ABS(D8)<=E8,"OK","CHECK")
A9: Merged: Stimulus rows with GSR not valid | B9: =Merged!Q6 | C9: 1 | D9: =B9-C9 | E9: 1e-09 | F9: =IF(ABS(D9)<=E9,"OK","CHECK")
A10: Pivot: n GSR Baseline | B10: =Pivot!B4 | C10: 22 | D10: =B10-C10 | E10: 1e-09 | F10: =IF(ABS(D10)<=E10,"OK","CHECK")
A11: Pivot: mean GSR Baseline | B11: =Pivot!C4 | C11: 2.0627273 | D11: =B11-C11 | E11: 0.0005 | F11: =IF(ABS(D11)<=E11,"OK","CHECK")
A12: Pivot: n GSR Ad_A | B12: =Pivot!B5 | C12: 22 | D12: =B12-C12 | E12: 1e-09 | F12: =IF(ABS(D12)<=E12,"OK","CHECK")
A13: Pivot: mean GSR Ad_A | B13: =Pivot!C5 | C13: 7.2727273 | D13: =B13-C13 | E13: 0.0005 | F13: =IF(ABS(D13)<=E13,"OK","CHECK")
A14: Pivot: n liking Ad_A | B14: =Pivot!D5 | C14: 22 | D14: =B14-C14 | E14: 1e-09 | F14: =IF(ABS(D14)<=E14,"OK","CHECK")
A15: Pivot: mean liking Ad_A | B15: =Pivot!E5 | C15: 4.5909091 | D15: =B15-C15 | E15: 0.0005 | F15: =IF(ABS(D15)<=E15,"OK","CHECK")
A16: Pivot: recall Ad_A | B16: =Pivot!F5 | C16: 0.54545455 | D16: =B16-C16 | E16: 0.0005 | F16: =IF(ABS(D16)<=E16,"OK","CHECK")
A17: Pivot: n GSR Ad_B | B17: =Pivot!B6 | C17: 21 | D17: =B17-C17 | E17: 1e-09 | F17: =IF(ABS(D17)<=E17,"OK","CHECK")
A18: Pivot: mean GSR Ad_B | B18: =Pivot!C6 | C18: 6 | D18: =B18-C18 | E18: 0.0005 | F18: =IF(ABS(D18)<=E18,"OK","CHECK")
A19: Pivot: n liking Ad_B | B19: =Pivot!D6 | C19: 22 | D19: =B19-C19 | E19: 1e-09 | F19: =IF(ABS(D19)<=E19,"OK","CHECK")
A20: Pivot: mean liking Ad_B | B20: =Pivot!E6 | C20: 4.0454545 | D20: =B20-C20 | E20: 0.0005 | F20: =IF(ABS(D20)<=E20,"OK","CHECK")
A21: Pivot: recall Ad_B | B21: =Pivot!F6 | C21: 0.54545455 | D21: =B21-C21 | E21: 0.0005 | F21: =IF(ABS(D21)<=E21,"OK","CHECK")
A22: H3: Baseline mean | B22: =H3!B30 | C22: 2.0627273 | D22: =B22-C22 | E22: 0.0005 | F22: =IF(ABS(D22)<=E22,"OK","CHECK")
A23: H3: Baseline SD | B23: =H3!B31 | C23: 1.8590555 | D23: =B23-C23 | E23: 0.0005 | F23: =IF(ABS(D23)<=E23,"OK","CHECK")
A24: H3: Ad_A mean | B24: =H3!B32 | C24: 7.2727273 | D24: =B24-C24 | E24: 0.0005 | F24: =IF(ABS(D24)<=E24,"OK","CHECK")
A25: H3: Ad_A SD | B25: =H3!B33 | C25: 6.804633 | D25: =B25-C25 | E25: 0.0005 | F25: =IF(ABS(D25)<=E25,"OK","CHECK")
A26: H3: n (participants) | B26: =H3!B34 | C26: 22 | D26: =B26-C26 | E26: 1e-09 | F26: =IF(ABS(D26)<=E26,"OK","CHECK")
A27: H3: Mean difference | B27: =H3!B35 | C27: 5.21 | D27: =B27-C27 | E27: 0.0005 | F27: =IF(ABS(D27)<=E27,"OK","CHECK")
A28: H3: SD of the differences | B28: =H3!B36 | C28: 6.3075699 | D28: =B28-C28 | E28: 0.0005 | F28: =IF(ABS(D28)<=E28,"OK","CHECK")
A29: H3: t | B29: =H3!B38 | C29: 3.8742442 | D29: =B29-C29 | E29: 0.0005 | F29: =IF(ABS(D29)<=E29,"OK","CHECK")
A30: H3: df | B30: =H3!B39 | C30: 21 | D30: =B30-C30 | E30: 1e-09 | F30: =IF(ABS(D30)<=E30,"OK","CHECK")
A31: H3: p, two tailed (T.TEST, type 1 = paired) | B31: =H3!B40 | C31: 0.00087720028 | D31: =B31-C31 | E31: 5e-06 | F31: =IF(ABS(D31)<=E31,"OK","CHECK")
A32: H3: p from t (T.DIST.2T) | B32: =H3!B41 | C32: 0.00087720028 | D32: =B32-C32 | E32: 5e-06 | F32: =IF(ABS(D32)<=E32,"OK","CHECK")
A33: H3: Mean difference, 95% CI lower | B33: =H3!B43 | C33: 2.4133802 | D33: =B33-C33 | E33: 0.0005 | F33: =IF(ABS(D33)<=E33,"OK","CHECK")
A34: H3: Mean difference, 95% CI upper | B34: =H3!B44 | C34: 8.0066198 | D34: =B34-C34 | E34: 0.0005 | F34: =IF(ABS(D34)<=E34,"OK","CHECK")
A35: H3: Cohen's d_z | B35: =H3!B45 | C35: 0.82599164 | D35: =B35-C35 | E35: 0.0005 | F35: =IF(ABS(D35)<=E35,"OK","CHECK")
A36: H3: d_z 95% CI lower (approximation) | B36: =H3!B47 | C36: 0.34206409 | D36: =B36-C36 | E36: 0.0005 | F36: =IF(ABS(D36)<=E36,"OK","CHECK")
A37: H3: d_z 95% CI upper (approximation) | B37: =H3!B48 | C37: 1.3099192 | D37: =B37-C37 | E37: 0.0005 | F37: =IF(ABS(D37)<=E37,"OK","CHECK")
A38: H3: Baseline mean | B38: =H3!H29 | C38: 1.8752381 | D38: =B38-C38 | E38: 0.0005 | F38: =IF(ABS(D38)<=E38,"OK","CHECK")
A39: H3: Baseline SD | B39: =H3!H30 | C39: 1.6783552 | D39: =B39-C39 | E39: 0.0005 | F39: =IF(ABS(D39)<=E39,"OK","CHECK")
A40: H3: Ad_B mean | B40: =H3!H31 | C40: 6 | D40: =B40-C40 | E40: 0.0005 | F40: =IF(ABS(D40)<=E40,"OK","CHECK")
A41: H3: Ad_B SD | B41: =H3!H32 | C41: 4.9396356 | D41: =B41-C41 | E41: 0.0005 | F41: =IF(ABS(D41)<=E41,"OK","CHECK")
A42: H3: n (participants) | B42: =H3!H33 | C42: 21 | D42: =B42-C42 | E42: 1e-09 | F42: =IF(ABS(D42)<=E42,"OK","CHECK")
A43: H3: Mean difference | B43: =H3!H34 | C43: 4.1247619 | D43: =B43-C43 | E43: 0.0005 | F43: =IF(ABS(D43)<=E43,"OK","CHECK")
A44: H3: SD of the differences | B44: =H3!H35 | C44: 4.3465936 | D44: =B44-C44 | E44: 0.0005 | F44: =IF(ABS(D44)<=E44,"OK","CHECK")
A45: H3: t | B45: =H3!H37 | C45: 4.3487004 | D45: =B45-C45 | E45: 0.0005 | F45: =IF(ABS(D45)<=E45,"OK","CHECK")
A46: H3: df | B46: =H3!H38 | C46: 20 | D46: =B46-C46 | E46: 1e-09 | F46: =IF(ABS(D46)<=E46,"OK","CHECK")
A47: H3: p, two tailed (T.TEST, type 1 = paired) | B47: =H3!H39 | C47: 0.00031135592 | D47: =B47-C47 | E47: 5e-06 | F47: =IF(ABS(D47)<=E47,"OK","CHECK")
A48: H3: p from t (T.DIST.2T) | B48: =H3!H40 | C48: 0.00031135592 | D48: =B48-C48 | E48: 5e-06 | F48: =IF(ABS(D48)<=E48,"OK","CHECK")
A49: H3: Mean difference, 95% CI lower | B49: =H3!H42 | C49: 2.1462162 | D49: =B49-C49 | E49: 0.0005 | F49: =IF(ABS(D49)<=E49,"OK","CHECK")
A50: H3: Mean difference, 95% CI upper | B50: =H3!H43 | C50: 6.1033076 | D50: =B50-C50 | E50: 0.0005 | F50: =IF(ABS(D50)<=E50,"OK","CHECK")
A51: H3: Cohen's d_z | B51: =H3!H44 | C51: 0.94896424 | D51: =B51-C51 | E51: 0.0005 | F51: =IF(ABS(D51)<=E51,"OK","CHECK")
A52: H3: d_z 95% CI lower (approximation) | B52: =H3!H46 | C52: 0.43388939 | D52: =B52-C52 | E52: 0.0005 | F52: =IF(ABS(D52)<=E52,"OK","CHECK")
A53: H3: d_z 95% CI upper (approximation) | B53: =H3!H47 | C53: 1.4640391 | D53: =B53-C53 | E53: 0.0005 | F53: =IF(ABS(D53)<=E53,"OK","CHECK")
A54: H3 roster Ad_A: participants with include = 1 and valid GSR in Ad_A | B54: =SUMPRODUCT(COUNTIFS(Merged!$A$2:$A$73,H3!A5:A26,Merged!$B$2:$B$73,"Ad_A",Merged!$L$2:$L$73,1,Merged!$E$2:$E$73,1)) | C54: 22 | D54: =B54-C54 | E54: 1e-09 | F54: =IF(ABS(D54)<=E54,"OK","CHECK")
A55: H3 roster Ad_B: participants with include = 1 and valid GSR in Ad_B | B55: =SUMPRODUCT(COUNTIFS(Merged!$A$2:$A$73,H3!G5:G25,Merged!$B$2:$B$73,"Ad_B",Merged!$L$2:$L$73,1,Merged!$E$2:$E$73,1)) | C55: 21 | D55: =B55-C55 | E55: 1e-09 | F55: =IF(ABS(D55)<=E55,"OK","CHECK")
A57: Rows with status CHECK | B57: =COUNTIF(F4:F55,"CHECK")
A58: Not reproduced in Excel: H1 (Fisher's exact test, the mixed logistic model), H2 (the linear mixed model), the Wilcoxon checks, the exact noncentral t intervals, and the Sensor Data consistency check. See prepare_output.txt and analysis_output.txt.
