Workbook

Sheet README
A1: SIMULATED facial expression analysis workbook (teaching material)
A3: Every number in this workbook is SIMULATED. It was generated by make_simulated_data.py (seed 20265798) to resemble
A4: the FEA Metrics Export of the iMotions FEA thresholding R Notebook for one video commercial: a 60 s Baseline,
A5: a 60 s Commercial cut into six 10 s bins (Bin_01 to Bin_06), and a 15 s Recovery, recorded with the lab webcam
A6: and processed with Affectiva AFFDEX. No real viewer was recorded.
A8: Sheets:
A9: Data FEA Metrics Export as imported (rows 2 to 1729). NA is kept as text, as iMotions writes it.
A10: Helper columns L and M: Keep (Data quality >= 80), Present (1 when Percent of time present > 0).
A11: Summary Mean, SD, median, viewers with the expression present, and segments by expression and interval,
A12: built with COUNTIFS, AVERAGEIFS, and array formulas. Engagement is a raw mean score.
A13: H1 Joy, Commercial versus Baseline. One row per kept respondent; paired t test (T.TEST type 1), d_z,
A14: viewers with any Joy, exact McNemar test, and a hand computed Wilcoxon signed rank summary.
... A31: Sheets named H1 and H3 look like cell addresses, so formulas that point at them quote the name: 'H1'!L10.

Sheet Data
A1: Study Name | B1: Respondent Name | C1: Interval type | D1: Interval label | E1: Interval duration (s) | F1: Expression | G1: Threshold | H1: Percent of time present | I1: Number of segments | J1: Mean raw score (0-100) | K1: Data quality (%) | L1: Keep | M1: Present
A2: SIMULATED_FEA_Commercial_Study | B2: V01 | C2: Stimulus | D2: Baseline | E2: 60 | F2: Joy | G2: 50 | H2: 0 | I2: 0 | J2: NA | K2: 96.2 | L2: =IF(K2>=80,"Yes","No") | M2: =IF(ISNUMBER(H2),IF(H2>0,1,0),"")
A3: SIMULATED_FEA_Commercial_Study | B3: V01 | C3: Stimulus | D3: Baseline | E3: 60 | F3: Surprise | G3: 50 | H3: 2.89 | I3: 2 | J3: NA | K3: 96.2 | L3: =IF(K3>=80,"Yes","No") | M3: =IF(ISNUMBER(H3),IF(H3>0,1,0),"")
A4: SIMULATED_FEA_Commercial_Study | B4: V01 | C4: Stimulus | D4: Baseline | E4: 60 | F4: Brow Furrow | G4: 50 | H4: 0 | I4: 0 | J4: NA | K4: 96.2 | L4: =IF(K4>=80,"Yes","No") | M4: =IF(ISNUMBER(H4),IF(H4>0,1,0),"")
A5: SIMULATED_FEA_Commercial_Study | B5: V01 | C5: Stimulus | D5: Baseline | E5: 60 | F5: Positive Valence | G5: 50 | H5: 0 | I5: 0 | J5: NA | K5: 96.2 | L5: =IF(K5>=80,"Yes","No") | M5: =IF(ISNUMBER(H5),IF(H5>0,1,0),"")
A6: SIMULATED_FEA_Commercial_Study | B6: V01 | C6: Stimulus | D6: Baseline | E6: 60 | F6: Negative Valence | G6: -50 | H6: 0 | I6: 0 | J6: NA | K6: 96.2 | L6: =IF(K6>=80,"Yes","No") | M6: =IF(ISNUMBER(H6),IF(H6>0,1,0),"")
A7: SIMULATED_FEA_Commercial_Study | B7: V01 | C7: Stimulus | D7: Baseline | E7: 60 | F7: Engagement | G7: NA | H7: NA | I7: NA | J7: 6.14 | K7: 96.2 | L7: =IF(K7>=80,"Yes","No") | M7: =IF(ISNUMBER(H7),IF(H7>0,1,0),"")
A8: SIMULATED_FEA_Commercial_Study | B8: V01 | C8: Stimulus | D8: Commercial | E8: 60 | F8: Joy | G8: 50 | H8: 17.33 | I8: 5 | J8: NA | K8: 96.2 | L8: =IF(K8>=80,"Yes","No") | M8: =IF(ISNUMBER(H8),IF(H8>0,1,0),"")
A9: SIMULATED_FEA_Commercial_Study | B9: V01 | C9: Stimulus | D9: Commercial | E9: 60 | F9: Surprise | G9: 50 | H9: 6.61 | I9: 4 | J9: NA | K9: 96.2 | L9: =IF(K9>=80,"Yes","No") | M9: =IF(ISNUMBER(H9),IF(H9>0,1,0),"")
A10: SIMULATED_FEA_Commercial_Study | B10: V01 | C10: Stimulus | D10: Commercial | E10: 60 | F10: Brow Furrow | G10: 50 | H10: 0 | I10: 0 | J10: NA | K10: 96.2 | L10: =IF(K10>=80,"Yes","No") | M10: =IF(ISNUMBER(H10),IF(H10>0,1,0),"")
A11: SIMULATED_FEA_Commercial_Study | B11: V01 | C11: Stimulus | D11: Commercial | E11: 60 | F11: Positive Valence | G11: 50 | H11: 16.72 | I11: 6 | J11: NA | K11: 96.2 | L11: =IF(K11>=80,"Yes","No") | M11: =IF(ISNUMBER(H11),IF(H11>0,1,0),"")
A12: SIMULATED_FEA_Commercial_Study | B12: V01 | C12: Stimulus | D12: Commercial | E12: 60 | F12: Negative Valence | G12: -50 | H12: 0 | I12: 0 | J12: NA | K12: 96.2 | L12: =IF(K12>=80,"Yes","No") | M12: =IF(ISNUMBER(H12),IF(H12>0,1,0),"")
A13: SIMULATED_FEA_Commercial_Study | B13: V01 | C13: Stimulus | D13: Commercial | E13: 60 | F13: Engagement | G13: NA | H13: NA | I13: NA | J13: 16.96 | K13: 96.2 | L13: =IF(K13>=80,"Yes","No") | M13: =IF(ISNUMBER(H13),IF(H13>0,1,0),"")
A14: SIMULATED_FEA_Commercial_Study | B14: V01 | C14: Stimulus | D14: Recovery | E14: 15 | F14: Joy | G14: 50 | H14: 11.33 | I14: 1 | J14: NA | K14: 96.2 | L14: =IF(K14>=80,"Yes","No") | M14: =IF(ISNUMBER(H14),IF(H14>0,1,0),"")
A15: SIMULATED_FEA_Commercial_Study | B15: V01 | C15: Stimulus | D15: Recovery | E15: 15 | F15: Surprise | G15: 50 | H15: 0 | I15: 0 | J15: NA | K15: 96.2 | L15: =IF(K15>=80,"Yes","No") | M15: =IF(ISNUMBER(H15),IF(H15>0,1,0),"")
A16: SIMULATED_FEA_Commercial_Study | B16: V01 | C16: Stimulus | D16: Recovery | E16: 15 | F16: Brow Furrow | G16: 50 | H16: 0 | I16: 0 | J16: NA | K16: 96.2 | L16: =IF(K16>=80,"Yes","No") | M16: =IF(ISNUMBER(H16),IF(H16>0,1,0),"")
A17: SIMULATED_FEA_Commercial_Study | B17: V01 | C17: Stimulus | D17: Recovery | E17: 15 | F17: Positive Valence | G17: 50 | H17: 10.44 | I17: 1 | J17: NA | K17: 96.2 | L17: =IF(K17>=80,"Yes","No") | M17: =IF(ISNUMBER(H17),IF(H17>0,1,0),"")
A18: SIMULATED_FEA_Commercial_Study | B18: V01 | C18: Stimulus | D18: Recovery | E18: 15 | F18: Negative Valence | G18: -50 | H18: 0 | I18: 0 | J18: NA | K18: 96.2 | L18: =IF(K18>=80,"Yes","No") | M18: =IF(ISNUMBER(H18),IF(H18>0,1,0),"")
A19: SIMULATED_FEA_Commercial_Study | B19: V01 | C19: Stimulus | D19: Recovery | E19: 15 | F19: Engagement | G19: NA | H19: NA | I19: NA | J19: 8.58 | K19: 96.2 | L19: =IF(K19>=80,"Yes","No") | M19: =IF(ISNUMBER(H19),IF(H19>0,1,0),"")
A20: SIMULATED_FEA_Commercial_Study | B20: V01 | C20: Annotation | D20: Bin_01 | E20: 10 | F20: Joy | G20: 50 | H20: 0 | I20: 0 | J20: NA | K20: 96.2 | L20: =IF(K20>=80,"Yes","No") | M20: =IF(ISNUMBER(H20),IF(H20>0,1,0),"")
A21: SIMULATED_FEA_Commercial_Study | B21: V01 | C21: Annotation | D21: Bin_01 | E21: 10 | F21: Surprise | G21: 50 | H21: 0 | I21: 0 | J21: NA | K21: 96.2 | L21: =IF(K21>=80,"Yes","No") | M21: =IF(ISNUMBER(H21),IF(H21>0,1,0),"")
A22: SIMULATED_FEA_Commercial_Study | B22: V01 | C22: Annotation | D22: Bin_01 | E22: 10 | F22: Brow Furrow | G22: 50 | H22: 0 | I22: 0 | J22: NA | K22: 96.2 | L22: =IF(K22>=80,"Yes","No") | M22: =IF(ISNUMBER(H22),IF(H22>0,1,0),"")
A23: SIMULATED_FEA_Commercial_Study | B23: V01 | C23: Annotation | D23: Bin_01 | E23: 10 | F23: Positive Valence | G23: 50 | H23: 0 | I23: 0 | J23: NA | K23: 96.2 | L23: =IF(K23>=80,"Yes","No") | M23: =IF(ISNUMBER(H23),IF(H23>0,1,0),"")
A24: SIMULATED_FEA_Commercial_Study | B24: V01 | C24: Annotation | D24: Bin_01 | E24: 10 | F24: Negative Valence | G24: -50 | H24: 0 | I24: 0 | J24: NA | K24: 96.2 | L24: =IF(K24>=80,"Yes","No") | M24: =IF(ISNUMBER(H24),IF(H24>0,1,0),"")
A25: SIMULATED_FEA_Commercial_Study | B25: V01 | C25: Annotation | D25: Bin_01 | E25: 10 | F25: Engagement | G25: NA | H25: NA | I25: NA | J25: 1.66 | K25: 96.2 | L25: =IF(K25>=80,"Yes","No") | M25: =IF(ISNUMBER(H25),IF(H25>0,1,0),"")
A26: SIMULATED_FEA_Commercial_Study | B26: V01 | C26: Annotation | D26: Bin_02 | E26: 10 | F26: Joy | G26: 50 | H26: 42 | I26: 1 | J26: NA | K26: 96.2 | L26: =IF(K26>=80,"Yes","No") | M26: =IF(ISNUMBER(H26),IF(H26>0,1,0),"")
A27: SIMULATED_FEA_Commercial_Study | B27: V01 | C27: Annotation | D27: Bin_02 | E27: 10 | F27: Surprise | G27: 50 | H27: 0 | I27: 0 | J27: NA | K27: 96.2 | L27: =IF(K27>=80,"Yes","No") | M27: =IF(ISNUMBER(H27),IF(H27>0,1,0),"")
A28: SIMULATED_FEA_Commercial_Study | B28: V01 | C28: Annotation | D28: Bin_02 | E28: 10 | F28: Brow Furrow | G28: 50 | H28: 0 | I28: 0 | J28: NA | K28: 96.2 | L28: =IF(K28>=80,"Yes","No") | M28: =IF(ISNUMBER(H28),IF(H28>0,1,0),"")
A29: SIMULATED_FEA_Commercial_Study | B29: V01 | C29: Annotation | D29: Bin_02 | E29: 10 | F29: Positive Valence | G29: 50 | H29: 37.33 | I29: 1 | J29: NA | K29: 96.2 | L29: =IF(K29>=80,"Yes","No") | M29: =IF(ISNUMBER(H29),IF(H29>0,1,0),"")
A30: SIMULATED_FEA_Commercial_Study | B30: V01 | C30: Annotation | D30: Bin_02 | E30: 10 | F30: Negative Valence | G30: -50 | H30: 0 | I30: 0 | J30: NA | K30: 96.2 | L30: =IF(K30>=80,"Yes","No") | M30: =IF(ISNUMBER(H30),IF(H30>0,1,0),"")
A31: SIMULATED_FEA_Commercial_Study | B31: V01 | C31: Annotation | D31: Bin_02 | E31: 10 | F31: Engagement | G31: NA | H31: NA | I31: NA | J31: 22.78 | K31: 96.2 | L31: =IF(K31>=80,"Yes","No") | M31: =IF(ISNUMBER(H31),IF(H31>0,1,0),"")
A32: SIMULATED_FEA_Commercial_Study | B32: V01 | C32: Annotation | D32: Bin_03 | E32: 10 | F32: Joy | G32: 50 | H32: 9.33 | I32: 1 | J32: NA | K32: 96.2 | L32: =IF(K32>=80,"Yes","No") | M32: =IF(ISNUMBER(H32),IF(H32>0,1,0),"")
A33: SIMULATED_FEA_Commercial_Study | B33: V01 | C33: Annotation | D33: Bin_03 | E33: 10 | F33: Surprise | G33: 50 | H33: 18.33 | I33: 2 | J33: NA | K33: 96.2 | L33: =IF(K33>=80,"Yes","No") | M33: =IF(ISNUMBER(H33),IF(H33>0,1,0),"")
A34: SIMULATED_FEA_Commercial_Study | B34: V01 | C34: Annotation | D34: Bin_03 | E34: 10 | F34: Brow Furrow | G34: 50 | H34: 0 | I34: 0 | J34: NA | K34: 96.2 | L34: =IF(K34>=80,"Yes","No") | M34: =IF(ISNUMBER(H34),IF(H34>0,1,0),"")
A35: SIMULATED_FEA_Commercial_Study | B35: V01 | C35: Annotation | D35: Bin_03 | E35: 10 | F35: Positive Valence | G35: 50 | H35: 8.67 | I35: 1 | J35: NA | K35: 96.2 | L35: =IF(K35>=80,"Yes","No") | M35: =IF(ISNUMBER(H35),IF(H35>0,1,0),"")
A36: SIMULATED_FEA_Commercial_Study | B36: V01 | C36: Annotation | D36: Bin_03 | E36: 10 | F36: Negative Valence | G36: -50 | H36: 0 | I36: 0 | J36: NA | K36: 96.2 | L36: =IF(K36>=80,"Yes","No") | M36: =IF(ISNUMBER(H36),IF(H36>0,1,0),"")
A37: SIMULATED_FEA_Commercial_Study | B37: V01 | C37: Annotation | D37: Bin_03 | E37: 10 | F37: Engagement | G37: NA | H37: NA | I37: NA | J37: 24.35 | K37: 96.2 | L37: =IF(K37>=80,"Yes","No") | M37: =IF(ISNUMBER(H37),IF(H37>0,1,0),"")
A38: SIMULATED_FEA_Commercial_Study | B38: V01 | C38: Annotation | D38: Bin_04 | E38: 10 | F38: Joy | G38: 50 | H38: 4.33 | I38: 1 | J38: NA | K38: 96.2 | L38: =IF(K38>=80,"Yes","No") | M38: =IF(ISNUMBER(H38),IF(H38>0,1,0),"")
A39: SIMULATED_FEA_Commercial_Study | B39: V01 | C39: Annotation | D39: Bin_04 | E39: 10 | F39: Surprise | G39: 50 | H39: 13.67 | I39: 1 | J39: NA | K39: 96.2 | L39: =IF(K39>=80,"Yes","No") | M39: =IF(ISNUMBER(H39),IF(H39>0,1,0),"")
A40: SIMULATED_FEA_Commercial_Study | B40: V01 | C40: Annotation | D40: Bin_04 | E40: 10 | F40: Brow Furrow | G40: 50 | H40: 0 | I40: 0 | J40: NA | K40: 96.2 | L40: =IF(K40>=80,"Yes","No") | M40: =IF(ISNUMBER(H40),IF(H40>0,1,0),"")
A41: SIMULATED_FEA_Commercial_Study | B41: V01 | C41: Annotation | D41: Bin_04 | E41: 10 | F41: Positive Valence | G41: 50 | H41: 3.33 | I41: 1 | J41: NA | K41: 96.2 | L41: =IF(K41>=80,"Yes","No") | M41: =IF(ISNUMBER(H41),IF(H41>0,1,0),"")
A42: SIMULATED_FEA_Commercial_Study | B42: V01 | C42: Annotation | D42: Bin_04 | E42: 10 | F42: Negative Valence | G42: -50 | H42: 0 | I42: 0 | J42: NA | K42: 96.2 | L42: =IF(K42>=80,"Yes","No") | M42: =IF(ISNUMBER(H42),IF(H42>0,1,0),"")
A43: SIMULATED_FEA_Commercial_Study | B43: V01 | C43: Annotation | D43: Bin_04 | E43: 10 | F43: Engagement | G43: NA | H43: NA | I43: NA | J43: 14.57 | K43: 96.2 | L43: =IF(K43>=80,"Yes","No") | M43: =IF(ISNUMBER(H43),IF(H43>0,1,0),"")
A44: SIMULATED_FEA_Commercial_Study | B44: V01 | C44: Annotation | D44: Bin_05 | E44: 10 | F44: Joy | G44: 50 | H44: 36 | I44: 3 | J44: NA | K44: 96.2 | L44: =IF(K44>=80,"Yes","No") | M44: =IF(ISNUMBER(H44),IF(H44>0,1,0),"")
A45: SIMULATED_FEA_Commercial_Study | B45: V01 | C45: Annotation | D45: Bin_05 | E45: 10 | F45: Surprise | G45: 50 | H45: 0 | I45: 0 | J45: NA | K45: 96.2 | L45: =IF(K45>=80,"Yes","No") | M45: =IF(ISNUMBER(H45),IF(H45>0,1,0),"")
A46: SIMULATED_FEA_Commercial_Study | B46: V01 | C46: Annotation | D46: Bin_05 | E46: 10 | F46: Brow Furrow | G46: 50 | H46: 0 | I46: 0 | J46: NA | K46: 96.2 | L46: =IF(K46>=80,"Yes","No") | M46: =IF(ISNUMBER(H46),IF(H46>0,1,0),"")
A47: SIMULATED_FEA_Commercial_Study | B47: V01 | C47: Annotation | D47: Bin_05 | E47: 10 | F47: Positive Valence | G47: 50 | H47: 39.33 | I47: 3 | J47: NA | K47: 96.2 | L47: =IF(K47>=80,"Yes","No") | M47: =IF(ISNUMBER(H47),IF(H47>0,1,0),"")
A48: SIMULATED_FEA_Commercial_Study | B48: V01 | C48: Annotation | D48: Bin_05 | E48: 10 | F48: Negative Valence | G48: -50 | H48: 0 | I48: 0 | J48: NA | K48: 96.2 | L48: =IF(K48>=80,"Yes","No") | M48: =IF(ISNUMBER(H48),IF(H48>0,1,0),"")
A49: SIMULATED_FEA_Commercial_Study | B49: V01 | C49: Annotation | D49: Bin_05 | E49: 10 | F49: Engagement | G49: NA | H49: NA | I49: NA | J49: 24.28 | K49: 96.2 | L49: =IF(K49>=80,"Yes","No") | M49: =IF(ISNUMBER(H49),IF(H49>0,1,0),"")
A50: SIMULATED_FEA_Commercial_Study | B50: V01 | C50: Annotation | D50: Bin_06 | E50: 10 | F50: Joy | G50: 50 | H50: 12.33 | I50: 1 | J50: NA | K50: 96.2 | L50: =IF(K50>=80,"Yes","No") | M50: =IF(ISNUMBER(H50),IF(H50>0,1,0),"")
A51: SIMULATED_FEA_Commercial_Study | B51: V01 | C51: Annotation | D51: Bin_06 | E51: 10 | F51: Surprise | G51: 50 | H51: 7.67 | I51: 1 | J51: NA | K51: 96.2 | L51: =IF(K51>=80,"Yes","No") | M51: =IF(ISNUMBER(H51),IF(H51>0,1,0),"")
A52: SIMULATED_FEA_Commercial_Study | B52: V01 | C52: Annotation | D52: Bin_06 | E52: 10 | F52: Brow Furrow | G52: 50 | H52: 0 | I52: 0 | J52: NA | K52: 96.2 | L52: =IF(K52>=80,"Yes","No") | M52: =IF(ISNUMBER(H52),IF(H52>0,1,0),"")
A53: SIMULATED_FEA_Commercial_Study | B53: V01 | C53: Annotation | D53: Bin_06 | E53: 10 | F53: Positive Valence | G53: 50 | H53: 11.67 | I53: 1 | J53: NA | K53: 96.2 | L53: =IF(K53>=80,"Yes","No") | M53: =IF(ISNUMBER(H53),IF(H53>0,1,0),"")
A54: SIMULATED_FEA_Commercial_Study | B54: V01 | C54: Annotation | D54: Bin_06 | E54: 10 | F54: Negative Valence | G54: -50 | H54: 0 | I54: 0 | J54: NA | K54: 96.2 | L54: =IF(K54>=80,"Yes","No") | M54: =IF(ISNUMBER(H54),IF(H54>0,1,0),"")
A55: SIMULATED_FEA_Commercial_Study | B55: V01 | C55: Annotation | D55: Bin_06 | E55: 10 | F55: Engagement | G55: NA | H55: NA | I55: NA | J55: 12.56 | K55: 96.2 | L55: =IF(K55>=80,"Yes","No") | M55: =IF(ISNUMBER(H55),IF(H55>0,1,0),"")
A56: SIMULATED_FEA_Commercial_Study | B56: V02 | C56: Stimulus | D56: Baseline | E56: 60 | F56: Joy | G56: 50 | H56: 0 | I56: 0 | J56: NA | K56: 95.1 | L56: =IF(K56>=80,"Yes","No") | M56: =IF(ISNUMBER(H56),IF(H56>0,1,0),"")
A57: SIMULATED_FEA_Commercial_Study | B57: V02 | C57: Stimulus | D57: Baseline | E57: 60 | F57: Surprise | G57: 50 | H57: 0 | I57: 0 | J57: NA | K57: 95.1 | L57: =IF(K57>=80,"Yes","No") | M57: =IF(ISNUMBER(H57),IF(H57>0,1,0),"")
A58: SIMULATED_FEA_Commercial_Study | B58: V02 | C58: Stimulus | D58: Baseline | E58: 60 | F58: Brow Furrow | G58: 50 | H58: 7.83 | I58: 2 | J58: NA | K58: 95.1 | L58: =IF(K58>=80,"Yes","No") | M58: =IF(ISNUMBER(H58),IF(H58>0,1,0),"")
A59: SIMULATED_FEA_Commercial_Study | B59: V02 | C59: Stimulus | D59: Baseline | E59: 60 | F59: Positive Valence | G59: 50 | H59: 0 | I59: 0 | J59: NA | K59: 95.1 | L59: =IF(K59>=80,"Yes","No") | M59: =IF(ISNUMBER(H59),IF(H59>0,1,0),"")
A60: SIMULATED_FEA_Commercial_Study | B60: V02 | C60: Stimulus | D60: Baseline | E60: 60 | F60: Negative Valence | G60: -50 | H60: 0 | I60: 0 | J60: NA | K60: 95.1 | L60: =IF(K60>=80,"Yes","No") | M60: =IF(ISNUMBER(H60),IF(H60>0,1,0),"")
A61: SIMULATED_FEA_Commercial_Study | B61: V02 | C61: Stimulus | D61: Baseline | E61: 60 | F61: Engagement | G61: NA | H61: NA | I61: NA | J61: 7.01 | K61: 95.1 | L61: =IF(K61>=80,"Yes","No") | M61: =IF(ISNUMBER(H61),IF(H61>0,1,0),"")
A62: SIMULATED_FEA_Commercial_Study | B62: V02 | C62: Stimulus | D62: Commercial | E62: 60 | F62: Joy | G62: 50 | H62: 0 | I62: 0 | J62: NA | K62: 95.1 | L62: =IF(K62>=80,"Yes","No") | M62: =IF(ISNUMBER(H62),IF(H62>0,1,0),"")
A63: SIMULATED_FEA_Commercial_Study | B63: V02 | C63: Stimulus | D63: Commercial | E63: 60 | F63: Surprise | G63: 50 | H63: 4.67 | I63: 3 | J63: NA | K63: 95.1 | L63: =IF(K63>=80,"Yes","No") | M63: =IF(ISNUMBER(H63),IF(H63>0,1,0),"")
A64: SIMULATED_FEA_Commercial_Study | B64: V02 | C64: Stimulus | D64: Commercial | E64: 60 | F64: Brow Furrow | G64: 50 | H64: 0 | I64: 0 | J64: NA | K64: 95.1 | L64: =IF(K64>=80,"Yes","No") | M64: =IF(ISNUMBER(H64),IF(H64>0,1,0),"")
A65: SIMULATED_FEA_Commercial_Study | B65: V02 | C65: Stimulus | D65: Commercial | E65: 60 | F65: Positive Valence | G65: 50 | H65: 0.56 | I65: 3 | J65: NA | K65: 95.1 | L65: =IF(K65>=80,"Yes","No") | M65: =IF(ISNUMBER(H65),IF(H65>0,1,0),"")
A66: SIMULATED_FEA_Commercial_Study | B66: V02 | C66: Stimulus | D66: Commercial | E66: 60 | F66: Negative Valence | G66: -50 | H66: 0 | I66: 0 | J66: NA | K66: 95.1 | L66: =IF(K66>=80,"Yes","No") | M66: =IF(ISNUMBER(H66),IF(H66>0,1,0),"")
A67: SIMULATED_FEA_Commercial_Study | B67: V02 | C67: Stimulus | D67: Commercial | E67: 60 | F67: Engagement | G67: NA | H67: NA | I67: NA | J67: 8.38 | K67: 95.1 | L67: =IF(K67>=80,"Yes","No") | M67: =IF(ISNUMBER(H67),IF(H67>0,1,0),"")
A68: SIMULATED_FEA_Commercial_Study | B68: V02 | C68: Stimulus | D68: Recovery | E68: 15 | F68: Joy | G68: 50 | H68: 0 | I68: 0 | J68: NA | K68: 95.1 | L68: =IF(K68>=80,"Yes","No") | M68: =IF(ISNUMBER(H68),IF(H68>0,1,0),"")
A69: SIMULATED_FEA_Commercial_Study | B69: V02 | C69: Stimulus | D69: Recovery | E69: 15 | F69: Surprise | G69: 50 | H69: 0 | I69: 0 | J69: NA | K69: 95.1 | L69: =IF(K69>=80,"Yes","No") | M69: =IF(ISNUMBER(H69),IF(H69>0,1,0),"")
A70: SIMULATED_FEA_Commercial_Study | B70: V02 | C70: Stimulus | D70: Recovery | E70: 15 | F70: Brow Furrow | G70: 50 | H70: 24 | I70: 2 | J70: NA | K70: 95.1 | L70: =IF(K70>=80,"Yes","No") | M70: =IF(ISNUMBER(H70),IF(H70>0,1,0),"")
A71: SIMULATED_FEA_Commercial_Study | B71: V02 | C71: Stimulus | D71: Recovery | E71: 15 | F71: Positive Valence | G71: 50 | H71: 0 | I71: 0 | J71: NA | K71: 95.1 | L71: =IF(K71>=80,"Yes","No") | M71: =IF(ISNUMBER(H71),IF(H71>0,1,0),"")
A72: SIMULATED_FEA_Commercial_Study | B72: V02 | C72: Stimulus | D72: Recovery | E72: 15 | F72: Negative Valence | G72: -50 | H72: 0 | I72: 0 | J72: NA | K72: 95.1 | L72: =IF(K72>=80,"Yes","No") | M72: =IF(ISNUMBER(H72),IF(H72>0,1,0),"")
A73: SIMULATED_FEA_Commercial_Study | B73: V02 | C73: Stimulus | D73: Recovery | E73: 15 | F73: Engagement | G73: NA | H73: NA | I73: NA | J73: 14.72 | K73: 95.1 | L73: =IF(K73>=80,"Yes","No") | M73: =IF(ISNUMBER(H73),IF(H73>0,1,0),"")
A74: SIMULATED_FEA_Commercial_Study | B74: V02 | C74: Annotation | D74: Bin_01 | E74: 10 | F74: Joy | G74: 50 | H74: 0 | I74: 0 | J74: NA | K74: 95.1 | L74: =IF(K74>=80,"Yes","No") | M74: =IF(ISNUMBER(H74),IF(H74>0,1,0),"")
A75: SIMULATED_FEA_Commercial_Study | B75: V02 | C75: Annotation | D75: Bin_01 | E75: 10 | F75: Surprise | G75: 50 | H75: 0 | I75: 0 | J75: NA | K75: 95.1 | L75: =IF(K75>=80,"Yes","No") | M75: =IF(ISNUMBER(H75),IF(H75>0,1,0),"")
A76: SIMULATED_FEA_Commercial_Study | B76: V02 | C76: Annotation | D76: Bin_01 | E76: 10 | F76: Brow Furrow | G76: 50 | H76: 0 | I76: 0 | J76: NA | K76: 95.1 | L76: =IF(K76>=80,"Yes","No") | M76: =IF(ISNUMBER(H76),IF(H76>0,1,0),"")
A77: SIMULATED_FEA_Commercial_Study | B77: V02 | C77: Annotation | D77: Bin_01 | E77: 10 | F77: Positive Valence | G77: 50 | H77: 0 | I77: 0 | J77: NA | K77: 95.1 | L77: =IF(K77>=80,"Yes","No") | M77: =IF(ISNUMBER(H77),IF(H77>0,1,0),"")
A78: SIMULATED_FEA_Commercial_Study | B78: V02 | C78: Annotation | D78: Bin_01 | E78: 10 | F78: Negative Valence | G78: -50 | H78: 0 | I78: 0 | J78: NA | K78: 95.1 | L78: =IF(K78>=80,"Yes","No") | M78: =IF(ISNUMBER(H78),IF(H78>0,1,0),"")
A79: SIMULATED_FEA_Commercial_Study | B79: V02 | C79: Annotation | D79: Bin_01 | E79: 10 | F79: Engagement | G79: NA | H79: NA | I79: NA | J79: 3.1 | K79: 95.1 | L79: =IF(K79>=80,"Yes","No") | M79: =IF(ISNUMBER(H79),IF(H79>0,1,0),"")
A80: SIMULATED_FEA_Commercial_Study | B80: V02 | C80: Annotation | D80: Bin_02 | E80: 10 | F80: Joy | G80: 50 | H80: 0 | I80: 0 | J80: NA | K80: 95.1 | L80: =IF(K80>=80,"Yes","No") | M80: =IF(ISNUMBER(H80),IF(H80>0,1,0),"")
A81: SIMULATED_FEA_Commercial_Study | B81: V02 | C81: Annotation | D81: Bin_02 | E81: 10 | F81: Surprise | G81: 50 | H81: 0 | I81: 0 | J81: NA | K81: 95.1 | L81: =IF(K81>=80,"Yes","No") | M81: =IF(ISNUMBER(H81),IF(H81>0,1,0),"")
A82: SIMULATED_FEA_Commercial_Study | B82: V02 | C82: Annotation | D82: Bin_02 | E82: 10 | F82: Brow Furrow | G82: 50 | H82: 0 | I82: 0 | J82: NA | K82: 95.1 | L82: =IF(K82>=80,"Yes","No") | M82: =IF(ISNUMBER(H82),IF(H82>0,1,0),"")
A83: SIMULATED_FEA_Commercial_Study | B83: V02 | C83: Annotation | D83: Bin_02 | E83: 10 | F83: Positive Valence | G83: 50 | H83: 0 | I83: 0 | J83: NA | K83: 95.1 | L83: =IF(K83>=80,"Yes","No") | M83: =IF(ISNUMBER(H83),IF(H83>0,1,0),"")
A84: SIMULATED_FEA_Commercial_Study | B84: V02 | C84: Annotation | D84: Bin_02 | E84: 10 | F84: Negative Valence | G84: -50 | H84: 0 | I84: 0 | J84: NA | K84: 95.1 | L84: =IF(K84>=80,"Yes","No") | M84: =IF(ISNUMBER(H84),IF(H84>0,1,0),"")
A85: SIMULATED_FEA_Commercial_Study | B85: V02 | C85: Annotation | D85: Bin_02 | E85: 10 | F85: Engagement | G85: NA | H85: NA | I85: NA | J85: 5.27 | K85: 95.1 | L85: =IF(K85>=80,"Yes","No") | M85: =IF(ISNUMBER(H85),IF(H85>0,1,0),"")
A86: SIMULATED_FEA_Commercial_Study | B86: V02 | C86: Annotation | D86: Bin_03 | E86: 10 | F86: Joy | G86: 50 | H86: 0 | I86: 0 | J86: NA | K86: 95.1 | L86: =IF(K86>=80,"Yes","No") | M86: =IF(ISNUMBER(H86),IF(H86>0,1,0),"")
A87: SIMULATED_FEA_Commercial_Study | B87: V02 | C87: Annotation | D87: Bin_03 | E87: 10 | F87: Surprise | G87: 50 | H87: 28 | I87: 3 | J87: NA | K87: 95.1 | L87: =IF(K87>=80,"Yes","No") | M87: =IF(ISNUMBER(H87),IF(H87>0,1,0),"")
A88: SIMULATED_FEA_Commercial_Study | B88: V02 | C88: Annotation | D88: Bin_03 | E88: 10 | F88: Brow Furrow | G88: 50 | H88: 0 | I88: 0 | J88: NA | K88: 95.1 | L88: =IF(K88>=80,"Yes","No") | M88: =IF(ISNUMBER(H88),IF(H88>0,1,0),"")
A89: SIMULATED_FEA_Commercial_Study | B89: V02 | C89: Annotation | D89: Bin_03 | E89: 10 | F89: Positive Valence | G89: 50 | H89: 0 | I89: 0 | J89: NA | K89: 95.1 | L89: =IF(K89>=80,"Yes","No") | M89: =IF(ISNUMBER(H89),IF(H89>0,1,0),"")
A90: SIMULATED_FEA_Commercial_Study | B90: V02 | C90: Annotation | D90: Bin_03 | E90: 10 | F90: Negative Valence | G90: -50 | H90: 0 | I90: 0 | J90: NA | K90: 95.1 | L90: =IF(K90>=80,"Yes","No") | M90: =IF(ISNUMBER(H90),IF(H90>0,1,0),"")
A91: SIMULATED_FEA_Commercial_Study | B91: V02 | C91: Annotation | D91: Bin_03 | E91: 10 | F91: Engagement | G91: NA | H91: NA | I91: NA | J91: 22.06 | K91: 95.1 | L91: =IF(K91>=80,"Yes","No") | M91: =IF(ISNUMBER(H91),IF(H91>0,1,0),"")
A92: SIMULATED_FEA_Commercial_Study | B92: V02 | C92: Annotation | D92: Bin_04 | E92: 10 | F92: Joy | G92: 50 | H92: 0 | I92: 0 | J92: NA | K92: 95.1 | L92: =IF(K92>=80,"Yes","No") | M92: =IF(ISNUMBER(H92),IF(H92>0,1,0),"")
A93: SIMULATED_FEA_Commercial_Study | B93: V02 | C93: Annotation | D93: Bin_04 | E93: 10 | F93: Surprise | G93: 50 | H93: 0 | I93: 0 | J93: NA | K93: 95.1 | L93: =IF(K93>=80,"Yes","No") | M93: =IF(ISNUMBER(H93),IF(H93>0,1,0),"")
A94: SIMULATED_FEA_Commercial_Study | B94: V02 | C94: Annotation | D94: Bin_04 | E94: 10 | F94: Brow Furrow | G94: 50 | H94: 0 | I94: 0 | J94: NA | K94: 95.1 | L94: =IF(K94>=80,"Yes","No") | M94: =IF(ISNUMBER(H94),IF(H94>0,1,0),"")
A95: SIMULATED_FEA_Commercial_Study | B95: V02 | C95: Annotation | D95: Bin_04 | E95: 10 | F95: Positive Valence | G95: 50 | H95: 0 | I95: 0 | J95: NA | K95: 95.1 | L95: =IF(K95>=80,"Yes","No") | M95: =IF(ISNUMBER(H95),IF(H95>0,1,0),"")
A96: SIMULATED_FEA_Commercial_Study | B96: V02 | C96: Annotation | D96: Bin_04 | E96: 10 | F96: Negative Valence | G96: -50 | H96: 0 | I96: 0 | J96: NA | K96: 95.1 | L96: =IF(K96>=80,"Yes","No") | M96: =IF(ISNUMBER(H96),IF(H96>0,1,0),"")
A97: SIMULATED_FEA_Commercial_Study | B97: V02 | C97: Annotation | D97: Bin_04 | E97: 10 | F97: Engagement | G97: NA | H97: NA | I97: NA | J97: 4.73 | K97: 95.1 | L97: =IF(K97>=80,"Yes","No") | M97: =IF(ISNUMBER(H97),IF(H97>0,1,0),"")
A98: SIMULATED_FEA_Commercial_Study | B98: V02 | C98: Annotation | D98: Bin_05 | E98: 10 | F98: Joy | G98: 50 | H98: 0 | I98: 0 | J98: NA | K98: 95.1 | L98: =IF(K98>=80,"Yes","No") | M98: =IF(ISNUMBER(H98),IF(H98>0,1,0),"")
A99: SIMULATED_FEA_Commercial_Study | B99: V02 | C99: Annotation | D99: Bin_05 | E99: 10 | F99: Surprise | G99: 50 | H99: 0 | I99: 0 | J99: NA | K99: 95.1 | L99: =IF(K99>=80,"Yes","No") | M99: =IF(ISNUMBER(H99),IF(H99>0,1,0),"")
A100: SIMULATED_FEA_Commercial_Study | B100: V02 | C100: Annotation | D100: Bin_05 | E100: 10 | F100: Brow Furrow | G100: 50 | H100: 0 | I100: 0 | J100: NA | K100: 95.1 | L100: =IF(K100>=80,"Yes","No") | M100: =IF(ISNUMBER(H100),IF(H100>0,1,0),"")
...

Sheet Summary
A1: Descriptive table by expression and interval (kept respondents only). SIMULATED data.
A2: n = kept respondents with a row; Mean, SD, and Median are of Percent of time present; Viewers present = respondents whose Percent of time present is above 0; Mean segments = Number of segments. Engagement (second table) is a raw mean score.
A4: Expression | B4: Interval | C4: n | D4: Mean time present (%) | E4: SD (%) | F4: Median (%) | G4: Viewers present (n) | H4: Viewers present (%) | I4: Mean segments
A5: Joy | B5: Baseline | C5: =COUNTIFS(Data!$F$2:$F$1729,$A5,Data!$D$2:$D$1729,$B5,Data!$L$2:$L$1729,"Yes") | D5: =AVERAGEIFS(Data!$H$2:$H$1729,Data!$F$2:$F$1729,$A5,Data!$D$2:$D$1729,$B5,Data!$L$2:$L$1729,"Yes") | E5: {=_xlfn.STDEV.S(IF((Data!$F$2:$F$1729=$A5)*(Data!$D$2:$D$1729=$B5)*(Data!$L$2:$L$1729="Yes"),Data!$H$2:$H$1729))} | F5: {=MEDIAN(IF((Data!$F$2:$F$1729=$A5)*(Data!$D$2:$D$1729=$B5)*(Data!$L$2:$L$1729="Yes"),Data!$H$2:$H$1729))} | G5: =COUNTIFS(Data!$F$2:$F$1729,$A5,Data!$D$2:$D$1729,$B5,Data!$L$2:$L$1729,"Yes",Data!$H$2:$H$1729,">0") | H5: =100*G5/C5 | I5: =AVERAGEIFS(Data!$I$2:$I$1729,Data!$F$2:$F$1729,$A5,Data!$D$2:$D$1729,$B5,Data!$L$2:$L$1729,"Yes")
A6: Joy | B6: Commercial | C6: =COUNTIFS(Data!$F$2:$F$1729,$A6,Data!$D$2:$D$1729,$B6,Data!$L$2:$L$1729,"Yes") | D6: =AVERAGEIFS(Data!$H$2:$H$1729,Data!$F$2:$F$1729,$A6,Data!$D$2:$D$1729,$B6,Data!$L$2:$L$1729,"Yes") | E6: {=_xlfn.STDEV.S(IF((Data!$F$2:$F$1729=$A6)*(Data!$D$2:$D$1729=$B6)*(Data!$L$2:$L$1729="Yes"),Data!$H$2:$H$1729))} | F6: {=MEDIAN(IF((Data!$F$2:$F$1729=$A6)*(Data!$D$2:$D$1729=$B6)*(Data!$L$2:$L$1729="Yes"),Data!$H$2:$H$1729))} | G6: =COUNTIFS(Data!$F$2:$F$1729,$A6,Data!$D$2:$D$1729,$B6,Data!$L$2:$L$1729,"Yes",Data!$H$2:$H$1729,">0") | H6: =100*G6/C6 | I6: =AVERAGEIFS(Data!$I$2:$I$1729,Data!$F$2:$F$1729,$A6,Data!$D$2:$D$1729,$B6,Data!$L$2:$L$1729,"Yes")
A7: Joy | B7: Recovery | C7: =COUNTIFS(Data!$F$2:$F$1729,$A7,Data!$D$2:$D$1729,$B7,Data!$L$2:$L$1729,"Yes") | D7: =AVERAGEIFS(Data!$H$2:$H$1729,Data!$F$2:$F$1729,$A7,Data!$D$2:$D$1729,$B7,Data!$L$2:$L$1729,"Yes") | E7: {=_xlfn.STDEV.S(IF((Data!$F$2:$F$1729=$A7)*(Data!$D$2:$D$1729=$B7)*(Data!$L$2:$L$1729="Yes"),Data!$H$2:$H$1729))} | F7: {=MEDIAN(IF((Data!$F$2:$F$1729=$A7)*(Data!$D$2:$D$1729=$B7)*(Data!$L$2:$L$1729="Yes"),Data!$H$2:$H$1729))} | G7: =COUNTIFS(Data!$F$2:$F$1729,$A7,Data!$D$2:$D$1729,$B7,Data!$L$2:$L$1729,"Yes",Data!$H$2:$H$1729,">0") | H7: =100*G7/C7 | I7: =AVERAGEIFS(Data!$I$2:$I$1729,Data!$F$2:$F$1729,$A7,Data!$D$2:$D$1729,$B7,Data!$L$2:$L$1729,"Yes")
A8: Joy | B8: Bin_01 | C8: =COUNTIFS(Data!$F$2:$F$1729,$A8,Data!$D$2:$D$1729,$B8,Data!$L$2:$L$1729,"Yes") | D8: =AVERAGEIFS(Data!$H$2:$H$1729,Data!$F$2:$F$1729,$A8,Data!$D$2:$D$1729,$B8,Data!$L$2:$L$1729,"Yes") | E8: {=_xlfn.STDEV.S(IF((Data!$F$2:$F$1729=$A8)*(Data!$D$2:$D$1729=$B8)*(Data!$L$2:$L$1729="Yes"),Data!$H$2:$H$1729))} | F8: {=MEDIAN(IF((Data!$F$2:$F$1729=$A8)*(Data!$D$2:$D$1729=$B8)*(Data!$L$2:$L$1729="Yes"),Data!$H$2:$H$1729))} | G8: =COUNTIFS(Data!$F$2:$F$1729,$A8,Data!$D$2:$D$1729,$B8,Data!$L$2:$L$1729,"Yes",Data!$H$2:$H$1729,">0") | H8: =100*G8/C8 | I8: =AVERAGEIFS(Data!$I$2:$I$1729,Data!$F$2:$F$1729,$A8,Data!$D$2:$D$1729,$B8,Data!$L$2:$L$1729,"Yes")
A9: Joy | B9: Bin_02 | C9: =COUNTIFS(Data!$F$2:$F$1729,$A9,Data!$D$2:$D$1729,$B9,Data!$L$2:$L$1729,"Yes") | D9: =AVERAGEIFS(Data!$H$2:$H$1729,Data!$F$2:$F$1729,$A9,Data!$D$2:$D$1729,$B9,Data!$L$2:$L$1729,"Yes") | E9: {=_xlfn.STDEV.S(IF((Data!$F$2:$F$1729=$A9)*(Data!$D$2:$D$1729=$B9)*(Data!$L$2:$L$1729="Yes"),Data!$H$2:$H$1729))} | F9: {=MEDIAN(IF((Data!$F$2:$F$1729=$A9)*(Data!$D$2:$D$1729=$B9)*(Data!$L$2:$L$1729="Yes"),Data!$H$2:$H$1729))} | G9: =COUNTIFS(Data!$F$2:$F$1729,$A9,Data!$D$2:$D$1729,$B9,Data!$L$2:$L$1729,"Yes",Data!$H$2:$H$1729,">0") | H9: =100*G9/C9 | I9: =AVERAGEIFS(Data!$I$2:$I$1729,Data!$F$2:$F$1729,$A9,Data!$D$2:$D$1729,$B9,Data!$L$2:$L$1729,"Yes")
A10: Joy | B10: Bin_03 | C10: =COUNTIFS(Data!$F$2:$F$1729,$A10,Data!$D$2:$D$1729,$B10,Data!$L$2:$L$1729,"Yes") | D10: =AVERAGEIFS(Data!$H$2:$H$1729,Data!$F$2:$F$1729,$A10,Data!$D$2:$D$1729,$B10,Data!$L$2:$L$1729,"Yes") | E10: {=_xlfn.STDEV.S(IF((Data!$F$2:$F$1729=$A10)*(Data!$D$2:$D$1729=$B10)*(Data!$L$2:$L$1729="Yes"),Data!$H$2:$H$1729))} | F10: {=MEDIAN(IF((Data!$F$2:$F$1729=$A10)*(Data!$D$2:$D$1729=$B10)*(Data!$L$2:$L$1729="Yes"),Data!$H$2:$H$1729))} | G10: =COUNTIFS(Data!$F$2:$F$1729,$A10,Data!$D$2:$D$1729,$B10,Data!$L$2:$L$1729,"Yes",Data!$H$2:$H$1729,">0") | H10: =100*G10/C10 | I10: =AVERAGEIFS(Data!$I$2:$I$1729,Data!$F$2:$F$1729,$A10,Data!$D$2:$D$1729,$B10,Data!$L$2:$L$1729,"Yes")
A11: Joy | B11: Bin_04 | C11: =COUNTIFS(Data!$F$2:$F$1729,$A11,Data!$D$2:$D$1729,$B11,Data!$L$2:$L$1729,"Yes") | D11: =AVERAGEIFS(Data!$H$2:$H$1729,Data!$F$2:$F$1729,$A11,Data!$D$2:$D$1729,$B11,Data!$L$2:$L$1729,"Yes") | E11: {=_xlfn.STDEV.S(IF((Data!$F$2:$F$1729=$A11)*(Data!$D$2:$D$1729=$B11)*(Data!$L$2:$L$1729="Yes"),Data!$H$2:$H$1729))} | F11: {=MEDIAN(IF((Data!$F$2:$F$1729=$A11)*(Data!$D$2:$D$1729=$B11)*(Data!$L$2:$L$1729="Yes"),Data!$H$2:$H$1729))} | G11: =COUNTIFS(Data!$F$2:$F$1729,$A11,Data!$D$2:$D$1729,$B11,Data!$L$2:$L$1729,"Yes",Data!$H$2:$H$1729,">0") | H11: =100*G11/C11 | I11: =AVERAGEIFS(Data!$I$2:$I$1729,Data!$F$2:$F$1729,$A11,Data!$D$2:$D$1729,$B11,Data!$L$2:$L$1729,"Yes")
A12: Joy | B12: Bin_05 | C12: =COUNTIFS(Data!$F$2:$F$1729,$A12,Data!$D$2:$D$1729,$B12,Data!$L$2:$L$1729,"Yes") | D12: =AVERAGEIFS(Data!$H$2:$H$1729,Data!$F$2:$F$1729,$A12,Data!$D$2:$D$1729,$B12,Data!$L$2:$L$1729,"Yes") | E12: {=_xlfn.STDEV.S(IF((Data!$F$2:$F$1729=$A12)*(Data!$D$2:$D$1729=$B12)*(Data!$L$2:$L$1729="Yes"),Data!$H$2:$H$1729))} | F12: {=MEDIAN(IF((Data!$F$2:$F$1729=$A12)*(Data!$D$2:$D$1729=$B12)*(Data!$L$2:$L$1729="Yes"),Data!$H$2:$H$1729))} | G12: =COUNTIFS(Data!$F$2:$F$1729,$A12,Data!$D$2:$D$1729,$B12,Data!$L$2:$L$1729,"Yes",Data!$H$2:$H$1729,">0") | H12: =100*G12/C12 | I12: =AVERAGEIFS(Data!$I$2:$I$1729,Data!$F$2:$F$1729,$A12,Data!$D$2:$D$1729,$B12,Data!$L$2:$L$1729,"Yes")
A13: Joy | B13: Bin_06 | C13: =COUNTIFS(Data!$F$2:$F$1729,$A13,Data!$D$2:$D$1729,$B13,Data!$L$2:$L$1729,"Yes") | D13: =AVERAGEIFS(Data!$H$2:$H$1729,Data!$F$2:$F$1729,$A13,Data!$D$2:$D$1729,$B13,Data!$L$2:$L$1729,"Yes") | E13: {=_xlfn.STDEV.S(IF((Data!$F$2:$F$1729=$A13)*(Data!$D$2:$D$1729=$B13)*(Data!$L$2:$L$1729="Yes"),Data!$H$2:$H$1729))} | F13: {=MEDIAN(IF((Data!$F$2:$F$1729=$A13)*(Data!$D$2:$D$1729=$B13)*(Data!$L$2:$L$1729="Yes"),Data!$H$2:$H$1729))} | G13: =COUNTIFS(Data!$F$2:$F$1729,$A13,Data!$D$2:$D$1729,$B13,Data!$L$2:$L$1729,"Yes",Data!$H$2:$H$1729,">0") | H13: =100*G13/C13 | I13: =AVERAGEIFS(Data!$I$2:$I$1729,Data!$F$2:$F$1729,$A13,Data!$D$2:$D$1729,$B13,Data!$L$2:$L$1729,"Yes")
A14: Surprise | B14: Baseline | C14: =COUNTIFS(Data!$F$2:$F$1729,$A14,Data!$D$2:$D$1729,$B14,Data!$L$2:$L$1729,"Yes") | D14: =AVERAGEIFS(Data!$H$2:$H$1729,Data!$F$2:$F$1729,$A14,Data!$D$2:$D$1729,$B14,Data!$L$2:$L$1729,"Yes") | E14: {=_xlfn.STDEV.S(IF((Data!$F$2:$F$1729=$A14)*(Data!$D$2:$D$1729=$B14)*(Data!$L$2:$L$1729="Yes"),Data!$H$2:$H$1729))} | F14: {=MEDIAN(IF((Data!$F$2:$F$1729=$A14)*(Data!$D$2:$D$1729=$B14)*(Data!$L$2:$L$1729="Yes"),Data!$H$2:$H$1729))} | G14: =COUNTIFS(Data!$F$2:$F$1729,$A14,Data!$D$2:$D$1729,$B14,Data!$L$2:$L$1729,"Yes",Data!$H$2:$H$1729,">0") | H14: =100*G14/C14 | I14: =AVERAGEIFS(Data!$I$2:$I$1729,Data!$F$2:$F$1729,$A14,Data!$D$2:$D$1729,$B14,Data!$L$2:$L$1729,"Yes")
A15: Surprise | B15: Commercial | C15: =COUNTIFS(Data!$F$2:$F$1729,$A15,Data!$D$2:$D$1729,$B15,Data!$L$2:$L$1729,"Yes") | D15: =AVERAGEIFS(Data!$H$2:$H$1729,Data!$F$2:$F$1729,$A15,Data!$D$2:$D$1729,$B15,Data!$L$2:$L$1729,"Yes") | E15: {=_xlfn.STDEV.S(IF((Data!$F$2:$F$1729=$A15)*(Data!$D$2:$D$1729=$B15)*(Data!$L$2:$L$1729="Yes"),Data!$H$2:$H$1729))} | F15: {=MEDIAN(IF((Data!$F$2:$F$1729=$A15)*(Data!$D$2:$D$1729=$B15)*(Data!$L$2:$L$1729="Yes"),Data!$H$2:$H$1729))} | G15: =COUNTIFS(Data!$F$2:$F$1729,$A15,Data!$D$2:$D$1729,$B15,Data!$L$2:$L$1729,"Yes",Data!$H$2:$H$1729,">0") | H15: =100*G15/C15 | I15: =AVERAGEIFS(Data!$I$2:$I$1729,Data!$F$2:$F$1729,$A15,Data!$D$2:$D$1729,$B15,Data!$L$2:$L$1729,"Yes")
A16: Surprise | B16: Recovery | C16: =COUNTIFS(Data!$F$2:$F$1729,$A16,Data!$D$2:$D$1729,$B16,Data!$L$2:$L$1729,"Yes") | D16: =AVERAGEIFS(Data!$H$2:$H$1729,Data!$F$2:$F$1729,$A16,Data!$D$2:$D$1729,$B16,Data!$L$2:$L$1729,"Yes") | E16: {=_xlfn.STDEV.S(IF((Data!$F$2:$F$1729=$A16)*(Data!$D$2:$D$1729=$B16)*(Data!$L$2:$L$1729="Yes"),Data!$H$2:$H$1729))} | F16: {=MEDIAN(IF((Data!$F$2:$F$1729=$A16)*(Data!$D$2:$D$1729=$B16)*(Data!$L$2:$L$1729="Yes"),Data!$H$2:$H$1729))} | G16: =COUNTIFS(Data!$F$2:$F$1729,$A16,Data!$D$2:$D$1729,$B16,Data!$L$2:$L$1729,"Yes",Data!$H$2:$H$1729,">0") | H16: =100*G16/C16 | I16: =AVERAGEIFS(Data!$I$2:$I$1729,Data!$F$2:$F$1729,$A16,Data!$D$2:$D$1729,$B16,Data!$L$2:$L$1729,"Yes")
... A49: Negative Valence | B49: Bin_06 | C49: =COUNTIFS(Data!$F$2:$F$1729,$A49,Data!$D$2:$D$1729,$B49,Data!$L$2:$L$1729,"Yes") | D49: =AVERAGEIFS(Data!$H$2:$H$1729,Data!$F$2:$F$1729,$A49,Data!$D$2:$D$1729,$B49,Data!$L$2:$L$1729,"Yes") | E49: {=_xlfn.STDEV.S(IF((Data!$F$2:$F$1729=$A49)*(Data!$D$2:$D$1729=$B49)*(Data!$L$2:$L$1729="Yes"),Data!$H$2:$H$1729))} | F49: {=MEDIAN(IF((Data!$F$2:$F$1729=$A49)*(Data!$D$2:$D$1729=$B49)*(Data!$L$2:$L$1729="Yes"),Data!$H$2:$H$1729))} | G49: =COUNTIFS(Data!$F$2:$F$1729,$A49,Data!$D$2:$D$1729,$B49,Data!$L$2:$L$1729,"Yes",Data!$H$2:$H$1729,">0") | H49: =100*G49/C49 | I49: =AVERAGEIFS(Data!$I$2:$I$1729,Data!$F$2:$F$1729,$A49,Data!$D$2:$D$1729,$B49,Data!$L$2:$L$1729,"Yes")
A51: Engagement: raw mean score (0 to 100), kept respondents. Not thresholded.
A52: Expression | B52: Interval | C52: n | D52: Mean raw score | E52: SD | F52: Median
A53: Engagement | B53: Baseline | C53: =COUNTIFS(Data!$F$2:$F$1729,$A53,Data!$D$2:$D$1729,$B53,Data!$L$2:$L$1729,"Yes",Data!$J$2:$J$1729,">=0") | D53: =AVERAGEIFS(Data!$J$2:$J$1729,Data!$F$2:$F$1729,$A53,Data!$D$2:$D$1729,$B53,Data!$L$2:$L$1729,"Yes") | E53: {=_xlfn.STDEV.S(IF((Data!$F$2:$F$1729=$A53)*(Data!$D$2:$D$1729=$B53)*(Data!$L$2:$L$1729="Yes"),Data!$J$2:$J$1729))} | F53: {=MEDIAN(IF((Data!$F$2:$F$1729=$A53)*(Data!$D$2:$D$1729=$B53)*(Data!$L$2:$L$1729="Yes"),Data!$J$2:$J$1729))}
A54: Engagement | B54: Commercial | C54: =COUNTIFS(Data!$F$2:$F$1729,$A54,Data!$D$2:$D$1729,$B54,Data!$L$2:$L$1729,"Yes",Data!$J$2:$J$1729,">=0") | D54: =AVERAGEIFS(Data!$J$2:$J$1729,Data!$F$2:$F$1729,$A54,Data!$D$2:$D$1729,$B54,Data!$L$2:$L$1729,"Yes") | E54: {=_xlfn.STDEV.S(IF((Data!$F$2:$F$1729=$A54)*(Data!$D$2:$D$1729=$B54)*(Data!$L$2:$L$1729="Yes"),Data!$J$2:$J$1729))} | F54: {=MEDIAN(IF((Data!$F$2:$F$1729=$A54)*(Data!$D$2:$D$1729=$B54)*(Data!$L$2:$L$1729="Yes"),Data!$J$2:$J$1729))}
A55: Engagement | B55: Recovery | C55: =COUNTIFS(Data!$F$2:$F$1729,$A55,Data!$D$2:$D$1729,$B55,Data!$L$2:$L$1729,"Yes",Data!$J$2:$J$1729,">=0") | D55: =AVERAGEIFS(Data!$J$2:$J$1729,Data!$F$2:$F$1729,$A55,Data!$D$2:$D$1729,$B55,Data!$L$2:$L$1729,"Yes") | E55: {=_xlfn.STDEV.S(IF((Data!$F$2:$F$1729=$A55)*(Data!$D$2:$D$1729=$B55)*(Data!$L$2:$L$1729="Yes"),Data!$J$2:$J$1729))} | F55: {=MEDIAN(IF((Data!$F$2:$F$1729=$A55)*(Data!$D$2:$D$1729=$B55)*(Data!$L$2:$L$1729="Yes"),Data!$J$2:$J$1729))}
A56: Engagement | B56: Bin_01 | C56: =COUNTIFS(Data!$F$2:$F$1729,$A56,Data!$D$2:$D$1729,$B56,Data!$L$2:$L$1729,"Yes",Data!$J$2:$J$1729,">=0") | D56: =AVERAGEIFS(Data!$J$2:$J$1729,Data!$F$2:$F$1729,$A56,Data!$D$2:$D$1729,$B56,Data!$L$2:$L$1729,"Yes") | E56: {=_xlfn.STDEV.S(IF((Data!$F$2:$F$1729=$A56)*(Data!$D$2:$D$1729=$B56)*(Data!$L$2:$L$1729="Yes"),Data!$J$2:$J$1729))} | F56: {=MEDIAN(IF((Data!$F$2:$F$1729=$A56)*(Data!$D$2:$D$1729=$B56)*(Data!$L$2:$L$1729="Yes"),Data!$J$2:$J$1729))}
A57: Engagement | B57: Bin_02 | C57: =COUNTIFS(Data!$F$2:$F$1729,$A57,Data!$D$2:$D$1729,$B57,Data!$L$2:$L$1729,"Yes",Data!$J$2:$J$1729,">=0") | D57: =AVERAGEIFS(Data!$J$2:$J$1729,Data!$F$2:$F$1729,$A57,Data!$D$2:$D$1729,$B57,Data!$L$2:$L$1729,"Yes") | E57: {=_xlfn.STDEV.S(IF((Data!$F$2:$F$1729=$A57)*(Data!$D$2:$D$1729=$B57)*(Data!$L$2:$L$1729="Yes"),Data!$J$2:$J$1729))} | F57: {=MEDIAN(IF((Data!$F$2:$F$1729=$A57)*(Data!$D$2:$D$1729=$B57)*(Data!$L$2:$L$1729="Yes"),Data!$J$2:$J$1729))}
A58: Engagement | B58: Bin_03 | C58: =COUNTIFS(Data!$F$2:$F$1729,$A58,Data!$D$2:$D$1729,$B58,Data!$L$2:$L$1729,"Yes",Data!$J$2:$J$1729,">=0") | D58: =AVERAGEIFS(Data!$J$2:$J$1729,Data!$F$2:$F$1729,$A58,Data!$D$2:$D$1729,$B58,Data!$L$2:$L$1729,"Yes") | E58: {=_xlfn.STDEV.S(IF((Data!$F$2:$F$1729=$A58)*(Data!$D$2:$D$1729=$B58)*(Data!$L$2:$L$1729="Yes"),Data!$J$2:$J$1729))} | F58: {=MEDIAN(IF((Data!$F$2:$F$1729=$A58)*(Data!$D$2:$D$1729=$B58)*(Data!$L$2:$L$1729="Yes"),Data!$J$2:$J$1729))}
A59: Engagement | B59: Bin_04 | C59: =COUNTIFS(Data!$F$2:$F$1729,$A59,Data!$D$2:$D$1729,$B59,Data!$L$2:$L$1729,"Yes",Data!$J$2:$J$1729,">=0") | D59: =AVERAGEIFS(Data!$J$2:$J$1729,Data!$F$2:$F$1729,$A59,Data!$D$2:$D$1729,$B59,Data!$L$2:$L$1729,"Yes") | E59: {=_xlfn.STDEV.S(IF((Data!$F$2:$F$1729=$A59)*(Data!$D$2:$D$1729=$B59)*(Data!$L$2:$L$1729="Yes"),Data!$J$2:$J$1729))} | F59: {=MEDIAN(IF((Data!$F$2:$F$1729=$A59)*(Data!$D$2:$D$1729=$B59)*(Data!$L$2:$L$1729="Yes"),Data!$J$2:$J$1729))}
A60: Engagement | B60: Bin_05 | C60: =COUNTIFS(Data!$F$2:$F$1729,$A60,Data!$D$2:$D$1729,$B60,Data!$L$2:$L$1729,"Yes",Data!$J$2:$J$1729,">=0") | D60: =AVERAGEIFS(Data!$J$2:$J$1729,Data!$F$2:$F$1729,$A60,Data!$D$2:$D$1729,$B60,Data!$L$2:$L$1729,"Yes") | E60: {=_xlfn.STDEV.S(IF((Data!$F$2:$F$1729=$A60)*(Data!$D$2:$D$1729=$B60)*(Data!$L$2:$L$1729="Yes"),Data!$J$2:$J$1729))} | F60: {=MEDIAN(IF((Data!$F$2:$F$1729=$A60)*(Data!$D$2:$D$1729=$B60)*(Data!$L$2:$L$1729="Yes"),Data!$J$2:$J$1729))}
A61: Engagement | B61: Bin_06 | C61: =COUNTIFS(Data!$F$2:$F$1729,$A61,Data!$D$2:$D$1729,$B61,Data!$L$2:$L$1729,"Yes",Data!$J$2:$J$1729,">=0") | D61: =AVERAGEIFS(Data!$J$2:$J$1729,Data!$F$2:$F$1729,$A61,Data!$D$2:$D$1729,$B61,Data!$L$2:$L$1729,"Yes") | E61: {=_xlfn.STDEV.S(IF((Data!$F$2:$F$1729=$A61)*(Data!$D$2:$D$1729=$B61)*(Data!$L$2:$L$1729="Yes"),Data!$J$2:$J$1729))} | F61: {=MEDIAN(IF((Data!$F$2:$F$1729=$A61)*(Data!$D$2:$D$1729=$B61)*(Data!$L$2:$L$1729="Yes"),Data!$J$2:$J$1729))}
A63: Array formulas (SD and Median columns): Excel 365 evaluates them with Enter; Excel 2019 or older needs Ctrl+Shift+Enter after editing.
A66: Chart table: mean Joy Percent of time present by interval
A67: Interval | B67: Mean Joy (%)
A68: Baseline | B68: =D5
A69: Commercial | B69: =D6
A70: Recovery | B70: =D7
A71: Bin_01 | B71: =D8
A72: Bin_02 | B72: =D9
A73: Bin_03 | B73: =D10
A74: Bin_04 | B74: =D11
A75: Bin_05 | B75: =D12
A76: Bin_06 | B76: =D13

Sheet H1
A1: H1. Joy Percent of time present, Commercial versus Baseline, kept respondents. SIMULATED data.
A2: One row per kept respondent. Columns C and D pull the two values from the Data sheet with SUMIFS (each respondent has exactly one Joy row per interval). Difference is Commercial minus Baseline, rounded to 2 decimals so tied differences tie.
A4: Respondent Name | B4: Data quality (%) | C4: Baseline Joy (%) | D4: Commercial Joy (%) | E4: Difference (Commercial minus Baseline) | F4: Absolute difference | G4: Rank of absolute difference (zeros left out) | H4: Sign of difference | I4: Tie term (c^2 - 1) | K4: Statistic | L4: Value | M4: Formula shown | N4: Note
A5: V01 | B5: =INDEX(Data!$K$2:$K$1729,MATCH($A5,Data!$B$2:$B$1729,0)) | C5: =SUMIFS(Data!$H$2:$H$1729,Data!$B$2:$B$1729,$A5,Data!$F$2:$F$1729,"Joy",Data!$D$2:$D$1729,"Baseline") | D5: =SUMIFS(Data!$H$2:$H$1729,Data!$B$2:$B$1729,$A5,Data!$F$2:$F$1729,"Joy",Data!$D$2:$D$1729,"Commercial") | E5: =ROUND(D5-C5,2) | F5: =ABS(E5) | G5: =IF(E5=0,"",_xlfn.RANK.AVG(F5,$F$5:$F$34,1)-COUNTIF($E$5:$E$34,0)) | H5: =SIGN(E5) | I5: =IF(E5=0,0,COUNTIF($F$5:$F$34,F5)^2-1) | K5: Paired t test and d_z: Joy Percent of time present
A6: V02 | B6: =INDEX(Data!$K$2:$K$1729,MATCH($A6,Data!$B$2:$B$1729,0)) | C6: =SUMIFS(Data!$H$2:$H$1729,Data!$B$2:$B$1729,$A6,Data!$F$2:$F$1729,"Joy",Data!$D$2:$D$1729,"Baseline") | D6: =SUMIFS(Data!$H$2:$H$1729,Data!$B$2:$B$1729,$A6,Data!$F$2:$F$1729,"Joy",Data!$D$2:$D$1729,"Commercial") | E6: =ROUND(D6-C6,2) | F6: =ABS(E6) | G6: =IF(E6=0,"",_xlfn.RANK.AVG(F6,$F$5:$F$34,1)-COUNTIF($E$5:$E$34,0)) | H6: =SIGN(E6) | I6: =IF(E6=0,0,COUNTIF($F$5:$F$34,F6)^2-1) | K6: Baseline mean (%) | L6: =AVERAGE(C5:C34) | M6: =AVERAGE(C5:C34) | N6: AVERAGE of the Baseline column
A7: V03 | B7: =INDEX(Data!$K$2:$K$1729,MATCH($A7,Data!$B$2:$B$1729,0)) | C7: =SUMIFS(Data!$H$2:$H$1729,Data!$B$2:$B$1729,$A7,Data!$F$2:$F$1729,"Joy",Data!$D$2:$D$1729,"Baseline") | D7: =SUMIFS(Data!$H$2:$H$1729,Data!$B$2:$B$1729,$A7,Data!$F$2:$F$1729,"Joy",Data!$D$2:$D$1729,"Commercial") | E7: =ROUND(D7-C7,2) | F7: =ABS(E7) | G7: =IF(E7=0,"",_xlfn.RANK.AVG(F7,$F$5:$F$34,1)-COUNTIF($E$5:$E$34,0)) | H7: =SIGN(E7) | I7: =IF(E7=0,0,COUNTIF($F$5:$F$34,F7)^2-1) | K7: Baseline SD (%) | L7: =_xlfn.STDEV.S(C5:C34) | M7: =STDEV.S(C5:C34) | N7: STDEV.S = sample standard deviation
A8: V04 | B8: =INDEX(Data!$K$2:$K$1729,MATCH($A8,Data!$B$2:$B$1729,0)) | C8: =SUMIFS(Data!$H$2:$H$1729,Data!$B$2:$B$1729,$A8,Data!$F$2:$F$1729,"Joy",Data!$D$2:$D$1729,"Baseline") | D8: =SUMIFS(Data!$H$2:$H$1729,Data!$B$2:$B$1729,$A8,Data!$F$2:$F$1729,"Joy",Data!$D$2:$D$1729,"Commercial") | E8: =ROUND(D8-C8,2) | F8: =ABS(E8) | G8: =IF(E8=0,"",_xlfn.RANK.AVG(F8,$F$5:$F$34,1)-COUNTIF($E$5:$E$34,0)) | H8: =SIGN(E8) | I8: =IF(E8=0,0,COUNTIF($F$5:$F$34,F8)^2-1) | K8: Commercial mean (%) | L8: =AVERAGE(D5:D34) | M8: =AVERAGE(D5:D34)
A9: V05 | B9: =INDEX(Data!$K$2:$K$1729,MATCH($A9,Data!$B$2:$B$1729,0)) | C9: =SUMIFS(Data!$H$2:$H$1729,Data!$B$2:$B$1729,$A9,Data!$F$2:$F$1729,"Joy",Data!$D$2:$D$1729,"Baseline") | D9: =SUMIFS(Data!$H$2:$H$1729,Data!$B$2:$B$1729,$A9,Data!$F$2:$F$1729,"Joy",Data!$D$2:$D$1729,"Commercial") | E9: =ROUND(D9-C9,2) | F9: =ABS(E9) | G9: =IF(E9=0,"",_xlfn.RANK.AVG(F9,$F$5:$F$34,1)-COUNTIF($E$5:$E$34,0)) | H9: =SIGN(E9) | I9: =IF(E9=0,0,COUNTIF($F$5:$F$34,F9)^2-1) | K9: Commercial SD (%) | L9: =_xlfn.STDEV.S(D5:D34) | M9: =STDEV.S(D5:D34)
A10: V06 | B10: =INDEX(Data!$K$2:$K$1729,MATCH($A10,Data!$B$2:$B$1729,0)) | C10: =SUMIFS(Data!$H$2:$H$1729,Data!$B$2:$B$1729,$A10,Data!$F$2:$F$1729,"Joy",Data!$D$2:$D$1729,"Baseline") | D10: =SUMIFS(Data!$H$2:$H$1729,Data!$B$2:$B$1729,$A10,Data!$F$2:$F$1729,"Joy",Data!$D$2:$D$1729,"Commercial") | E10: =ROUND(D10-C10,2) | F10: =ABS(E10) | G10: =IF(E10=0,"",_xlfn.RANK.AVG(F10,$F$5:$F$34,1)-COUNTIF($E$5:$E$34,0)) | H10: =SIGN(E10) | I10: =IF(E10=0,0,COUNTIF($F$5:$F$34,F10)^2-1) | K10: n pairs | L10: =COUNT(E5:E34) | M10: =COUNT(E5:E34) | N10: COUNT of the difference column; must equal the check row below
A11: V08 | B11: =INDEX(Data!$K$2:$K$1729,MATCH($A11,Data!$B$2:$B$1729,0)) | C11: =SUMIFS(Data!$H$2:$H$1729,Data!$B$2:$B$1729,$A11,Data!$F$2:$F$1729,"Joy",Data!$D$2:$D$1729,"Baseline") | D11: =SUMIFS(Data!$H$2:$H$1729,Data!$B$2:$B$1729,$A11,Data!$F$2:$F$1729,"Joy",Data!$D$2:$D$1729,"Commercial") | E11: =ROUND(D11-C11,2) | F11: =ABS(E11) | G11: =IF(E11=0,"",_xlfn.RANK.AVG(F11,$F$5:$F$34,1)-COUNTIF($E$5:$E$34,0)) | H11: =SIGN(E11) | I11: =IF(E11=0,0,COUNTIF($F$5:$F$34,F11)^2-1) | K11: Mean difference, Commercial minus Baseline (%) | L11: =AVERAGE(E5:E34) | M11: =AVERAGE(E5:E34)
A12: V09 | B12: =INDEX(Data!$K$2:$K$1729,MATCH($A12,Data!$B$2:$B$1729,0)) | C12: =SUMIFS(Data!$H$2:$H$1729,Data!$B$2:$B$1729,$A12,Data!$F$2:$F$1729,"Joy",Data!$D$2:$D$1729,"Baseline") | D12: =SUMIFS(Data!$H$2:$H$1729,Data!$B$2:$B$1729,$A12,Data!$F$2:$F$1729,"Joy",Data!$D$2:$D$1729,"Commercial") | E12: =ROUND(D12-C12,2) | F12: =ABS(E12) | G12: =IF(E12=0,"",_xlfn.RANK.AVG(F12,$F$5:$F$34,1)-COUNTIF($E$5:$E$34,0)) | H12: =SIGN(E12) | I12: =IF(E12=0,0,COUNTIF($F$5:$F$34,F12)^2-1) | K12: SD of the differences (%) | L12: =_xlfn.STDEV.S(E5:E34) | M12: =STDEV.S(E5:E34) | N12: the SD that matters in a paired test
A13: V10 | B13: =INDEX(Data!$K$2:$K$1729,MATCH($A13,Data!$B$2:$B$1729,0)) | C13: =SUMIFS(Data!$H$2:$H$1729,Data!$B$2:$B$1729,$A13,Data!$F$2:$F$1729,"Joy",Data!$D$2:$D$1729,"Baseline") | D13: =SUMIFS(Data!$H$2:$H$1729,Data!$B$2:$B$1729,$A13,Data!$F$2:$F$1729,"Joy",Data!$D$2:$D$1729,"Commercial") | E13: =ROUND(D13-C13,2) | F13: =ABS(E13) | G13: =IF(E13=0,"",_xlfn.RANK.AVG(F13,$F$5:$F$34,1)-COUNTIF($E$5:$E$34,0)) | H13: =SIGN(E13) | I13: =IF(E13=0,0,COUNTIF($F$5:$F$34,F13)^2-1) | K13: SE of the mean difference | L13: =L12/SQRT(L10) | M13: =L12/SQRT(L10) | N13: SD of differences / sqrt(n)
A14: V11 | B14: =INDEX(Data!$K$2:$K$1729,MATCH($A14,Data!$B$2:$B$1729,0)) | C14: =SUMIFS(Data!$H$2:$H$1729,Data!$B$2:$B$1729,$A14,Data!$F$2:$F$1729,"Joy",Data!$D$2:$D$1729,"Baseline") | D14: =SUMIFS(Data!$H$2:$H$1729,Data!$B$2:$B$1729,$A14,Data!$F$2:$F$1729,"Joy",Data!$D$2:$D$1729,"Commercial") | E14: =ROUND(D14-C14,2) | F14: =ABS(E14) | G14: =IF(E14=0,"",_xlfn.RANK.AVG(F14,$F$5:$F$34,1)-COUNTIF($E$5:$E$34,0)) | H14: =SIGN(E14) | I14: =IF(E14=0,0,COUNTIF($F$5:$F$34,F14)^2-1) | K14: Paired t | L14: =L11/L13 | M14: =L11/L13 | N14: t = mean difference / SE
A15: V12 | B15: =INDEX(Data!$K$2:$K$1729,MATCH($A15,Data!$B$2:$B$1729,0)) | C15: =SUMIFS(Data!$H$2:$H$1729,Data!$B$2:$B$1729,$A15,Data!$F$2:$F$1729,"Joy",Data!$D$2:$D$1729,"Baseline") | D15: =SUMIFS(Data!$H$2:$H$1729,Data!$B$2:$B$1729,$A15,Data!$F$2:$F$1729,"Joy",Data!$D$2:$D$1729,"Commercial") | E15: =ROUND(D15-C15,2) | F15: =ABS(E15) | G15: =IF(E15=0,"",_xlfn.RANK.AVG(F15,$F$5:$F$34,1)-COUNTIF($E$5:$E$34,0)) | H15: =SIGN(E15) | I15: =IF(E15=0,0,COUNTIF($F$5:$F$34,F15)^2-1) | K15: df | L15: =L10-1 | M15: =L10-1 | N15: n pairs minus 1
A16: V13 | B16: =INDEX(Data!$K$2:$K$1729,MATCH($A16,Data!$B$2:$B$1729,0)) | C16: =SUMIFS(Data!$H$2:$H$1729,Data!$B$2:$B$1729,$A16,Data!$F$2:$F$1729,"Joy",Data!$D$2:$D$1729,"Baseline") | D16: =SUMIFS(Data!$H$2:$H$1729,Data!$B$2:$B$1729,$A16,Data!$F$2:$F$1729,"Joy",Data!$D$2:$D$1729,"Commercial") | E16: =ROUND(D16-C16,2) | F16: =ABS(E16) | G16: =IF(E16=0,"",_xlfn.RANK.AVG(F16,$F$5:$F$34,1)-COUNTIF($E$5:$E$34,0)) | H16: =SIGN(E16) | I16: =IF(E16=0,0,COUNTIF($F$5:$F$34,F16)^2-1) | K16: p, two tailed (T.TEST type 1) | L16: =_xlfn.T.TEST(C5:C34,D5:D34,2,1) | M16: =T.TEST(C5:C34,D5:D34,2,1) | N16: tails = 2, type = 1 means paired
A17: V14 | B17: =INDEX(Data!$K$2:$K$1729,MATCH($A17,Data!$B$2:$B$1729,0)) | C17: =SUMIFS(Data!$H$2:$H$1729,Data!$B$2:$B$1729,$A17,Data!$F$2:$F$1729,"Joy",Data!$D$2:$D$1729,"Baseline") | D17: =SUMIFS(Data!$H$2:$H$1729,Data!$B$2:$B$1729,$A17,Data!$F$2:$F$1729,"Joy",Data!$D$2:$D$1729,"Commercial") | E17: =ROUND(D17-C17,2) | F17: =ABS(E17) | G17: =IF(E17=0,"",_xlfn.RANK.AVG(F17,$F$5:$F$34,1)-COUNTIF($E$5:$E$34,0)) | H17: =SIGN(E17) | I17: =IF(E17=0,0,COUNTIF($F$5:$F$34,F17)^2-1) | K17: p from the hand computed t | L17: =_xlfn.T.DIST.2T(ABS(L14),L15) | M17: =T.DIST.2T(ABS(L14),L15) | N17: should match the T.TEST cell
A18: V15 | B18: =INDEX(Data!$K$2:$K$1729,MATCH($A18,Data!$B$2:$B$1729,0)) | C18: =SUMIFS(Data!$H$2:$H$1729,Data!$B$2:$B$1729,$A18,Data!$F$2:$F$1729,"Joy",Data!$D$2:$D$1729,"Baseline") | D18: =SUMIFS(Data!$H$2:$H$1729,Data!$B$2:$B$1729,$A18,Data!$F$2:$F$1729,"Joy",Data!$D$2:$D$1729,"Commercial") | E18: =ROUND(D18-C18,2) | F18: =ABS(E18) | G18: =IF(E18=0,"",_xlfn.RANK.AVG(F18,$F$5:$F$34,1)-COUNTIF($E$5:$E$34,0)) | H18: =SIGN(E18) | I18: =IF(E18=0,0,COUNTIF($F$5:$F$34,F18)^2-1) | K18: Critical t (95%) | L18: =_xlfn.T.INV.2T(0.05,L15) | M18: =T.INV.2T(0.05,L15) | N18: two tailed, alpha = .05
A19: V16 | B19: =INDEX(Data!$K$2:$K$1729,MATCH($A19,Data!$B$2:$B$1729,0)) | C19: =SUMIFS(Data!$H$2:$H$1729,Data!$B$2:$B$1729,$A19,Data!$F$2:$F$1729,"Joy",Data!$D$2:$D$1729,"Baseline") | D19: =SUMIFS(Data!$H$2:$H$1729,Data!$B$2:$B$1729,$A19,Data!$F$2:$F$1729,"Joy",Data!$D$2:$D$1729,"Commercial") | E19: =ROUND(D19-C19,2) | F19: =ABS(E19) | G19: =IF(E19=0,"",_xlfn.RANK.AVG(F19,$F$5:$F$34,1)-COUNTIF($E$5:$E$34,0)) | H19: =SIGN(E19) | I19: =IF(E19=0,0,COUNTIF($F$5:$F$34,F19)^2-1) | K19: Mean difference 95% CI lower | L19: =L11-L18*L13 | M19: =L11-L18*L13
A20: V17 | B20: =INDEX(Data!$K$2:$K$1729,MATCH($A20,Data!$B$2:$B$1729,0)) | C20: =SUMIFS(Data!$H$2:$H$1729,Data!$B$2:$B$1729,$A20,Data!$F$2:$F$1729,"Joy",Data!$D$2:$D$1729,"Baseline") | D20: =SUMIFS(Data!$H$2:$H$1729,Data!$B$2:$B$1729,$A20,Data!$F$2:$F$1729,"Joy",Data!$D$2:$D$1729,"Commercial") | E20: =ROUND(D20-C20,2) | F20: =ABS(E20) | G20: =IF(E20=0,"",_xlfn.RANK.AVG(F20,$F$5:$F$34,1)-COUNTIF($E$5:$E$34,0)) | H20: =SIGN(E20) | I20: =IF(E20=0,0,COUNTIF($F$5:$F$34,F20)^2-1) | K20: Mean difference 95% CI upper | L20: =L11+L18*L13 | M20: =L11+L18*L13
A21: V18 | B21: =INDEX(Data!$K$2:$K$1729,MATCH($A21,Data!$B$2:$B$1729,0)) | C21: =SUMIFS(Data!$H$2:$H$1729,Data!$B$2:$B$1729,$A21,Data!$F$2:$F$1729,"Joy",Data!$D$2:$D$1729,"Baseline") | D21: =SUMIFS(Data!$H$2:$H$1729,Data!$B$2:$B$1729,$A21,Data!$F$2:$F$1729,"Joy",Data!$D$2:$D$1729,"Commercial") | E21: =ROUND(D21-C21,2) | F21: =ABS(E21) | G21: =IF(E21=0,"",_xlfn.RANK.AVG(F21,$F$5:$F$34,1)-COUNTIF($E$5:$E$34,0)) | H21: =SIGN(E21) | I21: =IF(E21=0,0,COUNTIF($F$5:$F$34,F21)^2-1) | K21: Cohen's d_z | L21: =L11/L12 | M21: =L11/L12 | N21: d_z = mean difference / SD of differences
A22: V20 | B22: =INDEX(Data!$K$2:$K$1729,MATCH($A22,Data!$B$2:$B$1729,0)) | C22: =SUMIFS(Data!$H$2:$H$1729,Data!$B$2:$B$1729,$A22,Data!$F$2:$F$1729,"Joy",Data!$D$2:$D$1729,"Baseline") | D22: =SUMIFS(Data!$H$2:$H$1729,Data!$B$2:$B$1729,$A22,Data!$F$2:$F$1729,"Joy",Data!$D$2:$D$1729,"Commercial") | E22: =ROUND(D22-C22,2) | F22: =ABS(E22) | G22: =IF(E22=0,"",_xlfn.RANK.AVG(F22,$F$5:$F$34,1)-COUNTIF($E$5:$E$34,0)) | H22: =SIGN(E22) | I22: =IF(E22=0,0,COUNTIF($F$5:$F$34,F22)^2-1) | K22: SE of d_z (approximation) | L22: =SQRT(1/L10+L21^2/(2*L10)) | M22: =SQRT(1/L10+L21^2/(2*L10)) | N22: sqrt(1/n + d_z^2 / (2 n))
A23: V21 | B23: =INDEX(Data!$K$2:$K$1729,MATCH($A23,Data!$B$2:$B$1729,0)) | C23: =SUMIFS(Data!$H$2:$H$1729,Data!$B$2:$B$1729,$A23,Data!$F$2:$F$1729,"Joy",Data!$D$2:$D$1729,"Baseline") | D23: =SUMIFS(Data!$H$2:$H$1729,Data!$B$2:$B$1729,$A23,Data!$F$2:$F$1729,"Joy",Data!$D$2:$D$1729,"Commercial") | E23: =ROUND(D23-C23,2) | F23: =ABS(E23) | G23: =IF(E23=0,"",_xlfn.RANK.AVG(F23,$F$5:$F$34,1)-COUNTIF($E$5:$E$34,0)) | H23: =SIGN(E23) | I23: =IF(E23=0,0,COUNTIF($F$5:$F$34,F23)^2-1) | K23: d_z 95% CI lower | L23: =L21-1.96*L22 | M23: =L21-1.96*L22 | N23: large sample approximation; R uses the noncentral t interval
A24: V22 | B24: =INDEX(Data!$K$2:$K$1729,MATCH($A24,Data!$B$2:$B$1729,0)) | C24: =SUMIFS(Data!$H$2:$H$1729,Data!$B$2:$B$1729,$A24,Data!$F$2:$F$1729,"Joy",Data!$D$2:$D$1729,"Baseline") | D24: =SUMIFS(Data!$H$2:$H$1729,Data!$B$2:$B$1729,$A24,Data!$F$2:$F$1729,"Joy",Data!$D$2:$D$1729,"Commercial") | E24: =ROUND(D24-C24,2) | F24: =ABS(E24) | G24: =IF(E24=0,"",_xlfn.RANK.AVG(F24,$F$5:$F$34,1)-COUNTIF($E$5:$E$34,0)) | H24: =SIGN(E24) | I24: =IF(E24=0,0,COUNTIF($F$5:$F$34,F24)^2-1) | K24: d_z 95% CI upper | L24: =L21+1.96*L22 | M24: =L21+1.96*L22
A25: V23 | B25: =INDEX(Data!$K$2:$K$1729,MATCH($A25,Data!$B$2:$B$1729,0)) | C25: =SUMIFS(Data!$H$2:$H$1729,Data!$B$2:$B$1729,$A25,Data!$F$2:$F$1729,"Joy",Data!$D$2:$D$1729,"Baseline") | D25: =SUMIFS(Data!$H$2:$H$1729,Data!$B$2:$B$1729,$A25,Data!$F$2:$F$1729,"Joy",Data!$D$2:$D$1729,"Commercial") | E25: =ROUND(D25-C25,2) | F25: =ABS(E25) | G25: =IF(E25=0,"",_xlfn.RANK.AVG(F25,$F$5:$F$34,1)-COUNTIF($E$5:$E$34,0)) | H25: =SIGN(E25) | I25: =IF(E25=0,0,COUNTIF($F$5:$F$34,F25)^2-1) | K25: Correlation of the two columns | L25: =CORREL(C5:C34,D5:D34) | M25: =CORREL(C5:C34,D5:D34) | N25: within respondent correlation
A26: V24 | B26: =INDEX(Data!$K$2:$K$1729,MATCH($A26,Data!$B$2:$B$1729,0)) | C26: =SUMIFS(Data!$H$2:$H$1729,Data!$B$2:$B$1729,$A26,Data!$F$2:$F$1729,"Joy",Data!$D$2:$D$1729,"Baseline") | D26: =SUMIFS(Data!$H$2:$H$1729,Data!$B$2:$B$1729,$A26,Data!$F$2:$F$1729,"Joy",Data!$D$2:$D$1729,"Commercial") | E26: =ROUND(D26-C26,2) | F26: =ABS(E26) | G26: =IF(E26=0,"",_xlfn.RANK.AVG(F26,$F$5:$F$34,1)-COUNTIF($E$5:$E$34,0)) | H26: =SIGN(E26) | I26: =IF(E26=0,0,COUNTIF($F$5:$F$34,F26)^2-1)
A27: V25 | B27: =INDEX(Data!$K$2:$K$1729,MATCH($A27,Data!$B$2:$B$1729,0)) | C27: =SUMIFS(Data!$H$2:$H$1729,Data!$B$2:$B$1729,$A27,Data!$F$2:$F$1729,"Joy",Data!$D$2:$D$1729,"Baseline") | D27: =SUMIFS(Data!$H$2:$H$1729,Data!$B$2:$B$1729,$A27,Data!$F$2:$F$1729,"Joy",Data!$D$2:$D$1729,"Commercial") | E27: =ROUND(D27-C27,2) | F27: =ABS(E27) | G27: =IF(E27=0,"",_xlfn.RANK.AVG(F27,$F$5:$F$34,1)-COUNTIF($E$5:$E$34,0)) | H27: =SIGN(E27) | I27: =IF(E27=0,0,COUNTIF($F$5:$F$34,F27)^2-1) | K27: Viewers with any Joy present (Percent of time present above 0)
A28: V26 | B28: =INDEX(Data!$K$2:$K$1729,MATCH($A28,Data!$B$2:$B$1729,0)) | C28: =SUMIFS(Data!$H$2:$H$1729,Data!$B$2:$B$1729,$A28,Data!$F$2:$F$1729,"Joy",Data!$D$2:$D$1729,"Baseline") | D28: =SUMIFS(Data!$H$2:$H$1729,Data!$B$2:$B$1729,$A28,Data!$F$2:$F$1729,"Joy",Data!$D$2:$D$1729,"Commercial") | E28: =ROUND(D28-C28,2) | F28: =ABS(E28) | G28: =IF(E28=0,"",_xlfn.RANK.AVG(F28,$F$5:$F$34,1)-COUNTIF($E$5:$E$34,0)) | H28: =SIGN(E28) | I28: =IF(E28=0,0,COUNTIF($F$5:$F$34,F28)^2-1) | K28: Viewers with Joy, Baseline | L28: =COUNTIF(C5:C34,">0") | M28: =COUNTIF(C5:C34,">0") | N28: COUNTIF counts the numbers above 0
A29: V27 | B29: =INDEX(Data!$K$2:$K$1729,MATCH($A29,Data!$B$2:$B$1729,0)) | C29: =SUMIFS(Data!$H$2:$H$1729,Data!$B$2:$B$1729,$A29,Data!$F$2:$F$1729,"Joy",Data!$D$2:$D$1729,"Baseline") | D29: =SUMIFS(Data!$H$2:$H$1729,Data!$B$2:$B$1729,$A29,Data!$F$2:$F$1729,"Joy",Data!$D$2:$D$1729,"Commercial") | E29: =ROUND(D29-C29,2) | F29: =ABS(E29) | G29: =IF(E29=0,"",_xlfn.RANK.AVG(F29,$F$5:$F$34,1)-COUNTIF($E$5:$E$34,0)) | H29: =SIGN(E29) | I29: =IF(E29=0,0,COUNTIF($F$5:$F$34,F29)^2-1) | K29: Viewers with Joy, Commercial | L29: =COUNTIF(D5:D34,">0") | M29: =COUNTIF(D5:D34,">0")
A30: V28 | B30: =INDEX(Data!$K$2:$K$1729,MATCH($A30,Data!$B$2:$B$1729,0)) | C30: =SUMIFS(Data!$H$2:$H$1729,Data!$B$2:$B$1729,$A30,Data!$F$2:$F$1729,"Joy",Data!$D$2:$D$1729,"Baseline") | D30: =SUMIFS(Data!$H$2:$H$1729,Data!$B$2:$B$1729,$A30,Data!$F$2:$F$1729,"Joy",Data!$D$2:$D$1729,"Commercial") | E30: =ROUND(D30-C30,2) | F30: =ABS(E30) | G30: =IF(E30=0,"",_xlfn.RANK.AVG(F30,$F$5:$F$34,1)-COUNTIF($E$5:$E$34,0)) | H30: =SIGN(E30) | I30: =IF(E30=0,0,COUNTIF($F$5:$F$34,F30)^2-1) | K30: Percent of viewers with Joy, Baseline | L30: =100*L28/L10 | M30: =100*L28/L10
A31: V29 | B31: =INDEX(Data!$K$2:$K$1729,MATCH($A31,Data!$B$2:$B$1729,0)) | C31: =SUMIFS(Data!$H$2:$H$1729,Data!$B$2:$B$1729,$A31,Data!$F$2:$F$1729,"Joy",Data!$D$2:$D$1729,"Baseline") | D31: =SUMIFS(Data!$H$2:$H$1729,Data!$B$2:$B$1729,$A31,Data!$F$2:$F$1729,"Joy",Data!$D$2:$D$1729,"Commercial") | E31: =ROUND(D31-C31,2) | F31: =ABS(E31) | G31: =IF(E31=0,"",_xlfn.RANK.AVG(F31,$F$5:$F$34,1)-COUNTIF($E$5:$E$34,0)) | H31: =SIGN(E31) | I31: =IF(E31=0,0,COUNTIF($F$5:$F$34,F31)^2-1) | K31: Percent of viewers with Joy, Commercial | L31: =100*L29/L10 | M31: =100*L29/L10
A32: V30 | B32: =INDEX(Data!$K$2:$K$1729,MATCH($A32,Data!$B$2:$B$1729,0)) | C32: =SUMIFS(Data!$H$2:$H$1729,Data!$B$2:$B$1729,$A32,Data!$F$2:$F$1729,"Joy",Data!$D$2:$D$1729,"Baseline") | D32: =SUMIFS(Data!$H$2:$H$1729,Data!$B$2:$B$1729,$A32,Data!$F$2:$F$1729,"Joy",Data!$D$2:$D$1729,"Commercial") | E32: =ROUND(D32-C32,2) | F32: =ABS(E32) | G32: =IF(E32=0,"",_xlfn.RANK.AVG(F32,$F$5:$F$34,1)-COUNTIF($E$5:$E$34,0)) | H32: =SIGN(E32) | I32: =IF(E32=0,0,COUNTIF($F$5:$F$34,F32)^2-1) | K32: Joy at Baseline only (Joy at Baseline, none in the Commercial) | L32: =SUMPRODUCT((C5:C34>0)*(D5:D34=0)) | M32: =SUMPRODUCT((C5:C34>0)*(D5:D34=0)) | N32: discordant pair type 1
A33: V31 | B33: =INDEX(Data!$K$2:$K$1729,MATCH($A33,Data!$B$2:$B$1729,0)) | C33: =SUMIFS(Data!$H$2:$H$1729,Data!$B$2:$B$1729,$A33,Data!$F$2:$F$1729,"Joy",Data!$D$2:$D$1729,"Baseline") | D33: =SUMIFS(Data!$H$2:$H$1729,Data!$B$2:$B$1729,$A33,Data!$F$2:$F$1729,"Joy",Data!$D$2:$D$1729,"Commercial") | E33: =ROUND(D33-C33,2) | F33: =ABS(E33) | G33: =IF(E33=0,"",_xlfn.RANK.AVG(F33,$F$5:$F$34,1)-COUNTIF($E$5:$E$34,0)) | H33: =SIGN(E33) | I33: =IF(E33=0,0,COUNTIF($F$5:$F$34,F33)^2-1) | K33: Joy in the Commercial only | L33: =SUMPRODUCT((C5:C34=0)*(D5:D34>0)) | M33: =SUMPRODUCT((C5:C34=0)*(D5:D34>0)) | N33: discordant pair type 2
A34: V32 | B34: =INDEX(Data!$K$2:$K$1729,MATCH($A34,Data!$B$2:$B$1729,0)) | C34: =SUMIFS(Data!$H$2:$H$1729,Data!$B$2:$B$1729,$A34,Data!$F$2:$F$1729,"Joy",Data!$D$2:$D$1729,"Baseline") | D34: =SUMIFS(Data!$H$2:$H$1729,Data!$B$2:$B$1729,$A34,Data!$F$2:$F$1729,"Joy",Data!$D$2:$D$1729,"Commercial") | E34: =ROUND(D34-C34,2) | F34: =ABS(E34) | G34: =IF(E34=0,"",_xlfn.RANK.AVG(F34,$F$5:$F$34,1)-COUNTIF($E$5:$E$34,0)) | H34: =SIGN(E34) | I34: =IF(E34=0,0,COUNTIF($F$5:$F$34,F34)^2-1) | K34: Exact McNemar p, two tailed | L34: =MIN(1,2*_xlfn.BINOM.DIST(MIN(L32,L33),L32+L33,0.5,TRUE)) | M34: =MIN(1,2*BINOM.DIST(MIN(L32,L33),L32+L33,0.5,TRUE)) | N34: binomial test of the discordant pairs
K36: Wilcoxon signed rank test by hand (normal approximation with tie and continuity correction, as in R)
K37: Differences above 0 (count) | L37: =COUNTIF(E5:E34,">0") | M37: =COUNTIF(E5:E34,">0")
K38: Differences below 0 (count) | L38: =COUNTIF(E5:E34,"<0") | M38: =COUNTIF(E5:E34,"<0")
K39: Differences equal to 0 (count) | L39: =COUNTIF(E5:E34,0) | M39: =COUNTIF(E5:E34,0) | N39: zero differences are dropped
K40: Nonzero differences | L40: =L37+L38 | M40: =L37+L38
K41: V = sum of ranks of positive differences | L41: =SUMIFS(G5:G34,H5:H34,1) | M41: =SUMIFS(G5:G34,H5:H34,1) | N41: this is the V that R prints
K42: Sum of ranks of negative differences | L42: =SUMIFS(G5:G34,H5:H34,-1) | M42: =SUMIFS(G5:G34,H5:H34,-1)
K43: V plus negative rank sum minus n(n+1)/2 | L43: =L41+L42-L40*(L40+1)/2 | M43: =L41+L42-L40*(L40+1)/2 | N43: must be 0
K44: Expected V under H0 | L44: =L40*(L40+1)/4 | M44: =L40*(L40+1)/4
K45: Sum of (t^3 - t) over tie groups | L45: =SUM(I5:I34) | M45: =SUM(I5:I34) | N45: from the tie term column
K46: SD of V under H0 | L46: =SQRT(L40*(L40+1)*(2*L40+1)/24-L45/48) | M46: =SQRT(L40*(L40+1)*(2*L40+1)/24-L45/48) | N46: includes the tie correction
K47: z with continuity correction | L47: =(L41-L44-0.5*SIGN(L41-L44))/L46 | M47: =(L41-L44-0.5*SIGN(L41-L44))/L46
K48: Wilcoxon p, two tailed | L48: =2*(1-_xlfn.NORM.S.DIST(ABS(L47),TRUE)) | M48: =2*(1-NORM.S.DIST(ABS(L47),TRUE)) | N48: matches wilcox.test(exact = FALSE)
K49: Matched pairs rank biserial correlation | L49: =(L41-L42)/(L41+L42) | M49: =(L41-L42)/(L41+L42) | N49: (positive ranks - negative ranks) / all ranks
K50: Sign test p, two tailed | L50: =MIN(1,2*_xlfn.BINOM.DIST(MIN(L37,L38),L37+L38,0.5,TRUE)) | M50: =MIN(1,2*BINOM.DIST(MIN(L37,L38),L37+L38,0.5,TRUE)) | N50: ignores the size of the differences
K52: Checks
K53: Kept respondents with a Joy Baseline row in Data | L53: =COUNTIFS(Data!$F$2:$F$1729,"Joy",Data!$D$2:$D$1729,"Baseline",Data!$L$2:$L$1729,"Yes") | M53: =COUNTIFS(Data!$F$2:$F$1729,"Joy",Data!$D$2:$D$1729,"Baseline",Data!$L$2:$L$1729,"Yes") | N53: must equal n pairs; if not, the roster in column A is out of date
K54: Smallest Data quality in column B | L54: =MIN(B5:B34) | M54: =MIN(B5:B34) | N54: must be at least 80
K57: Chart table: mean Joy percent with 95% CI half width
K58: Interval | L58: Mean Joy (%) | M58: CI half width
K59: Baseline | L59: =L6 | M59: =_xlfn.CONFIDENCE.T(0.05,L7,L10)
K60: Commercial | L60: =L8 | M60: =_xlfn.CONFIDENCE.T(0.05,L9,L10)

Sheet Bins
A1: H2. Joy Percent of time present across the six 10 s bins, kept respondents. SIMULATED data.
A2: Columns B to G pull each respondent's Joy value for the bin with SUMIFS. The rows under the roster give the proportion of viewers with Joy present (COUNTIFS on Data), the mean, and the Friedman rank sums. The block on the right tests the bin factor.
A4: Respondent Name | B4: Bin_01 | C4: Bin_02 | D4: Bin_03 | E4: Bin_04 | F4: Bin_05 | G4: Bin_06 | H4: Commercial Joy (%) | I4: Respondent mean over the bins | J4: Rank Bin_01 | K4: Rank Bin_02 | L4: Rank Bin_03 | M4: Rank Bin_04 | N4: Rank Bin_05 | O4: Rank Bin_06 | P4: Tie term | R4: Statistic | S4: Value | T4: Formula shown | U4: Note
A5: V01 | B5: =SUMIFS(Data!$H$2:$H$1729,Data!$B$2:$B$1729,$A5,Data!$F$2:$F$1729,"Joy",Data!$D$2:$D$1729,B$4) | C5: =SUMIFS(Data!$H$2:$H$1729,Data!$B$2:$B$1729,$A5,Data!$F$2:$F$1729,"Joy",Data!$D$2:$D$1729,C$4) | D5: =SUMIFS(Data!$H$2:$H$1729,Data!$B$2:$B$1729,$A5,Data!$F$2:$F$1729,"Joy",Data!$D$2:$D$1729,D$4) | E5: =SUMIFS(Data!$H$2:$H$1729,Data!$B$2:$B$1729,$A5,Data!$F$2:$F$1729,"Joy",Data!$D$2:$D$1729,E$4) | F5: =SUMIFS(Data!$H$2:$H$1729,Data!$B$2:$B$1729,$A5,Data!$F$2:$F$1729,"Joy",Data!$D$2:$D$1729,F$4) | G5: =SUMIFS(Data!$H$2:$H$1729,Data!$B$2:$B$1729,$A5,Data!$F$2:$F$1729,"Joy",Data!$D$2:$D$1729,G$4) | H5: =SUMIFS(Data!$H$2:$H$1729,Data!$B$2:$B$1729,$A5,Data!$F$2:$F$1729,"Joy",Data!$D$2:$D$1729,"Commercial") | I5: =AVERAGE(B5:G5) | J5: =_xlfn.RANK.AVG(B5,$B5:$G5,1) | K5: =_xlfn.RANK.AVG(C5,$B5:$G5,1) | L5: =_xlfn.RANK.AVG(D5,$B5:$G5,1) | M5: =_xlfn.RANK.AVG(E5,$B5:$G5,1) | N5: =_xlfn.RANK.AVG(F5,$B5:$G5,1) | O5: =_xlfn.RANK.AVG(G5,$B5:$G5,1) | P5: =SUMPRODUCT(COUNTIF($B5:$G5,$B5:$G5)^2-1) | R5: Repeated measures ANOVA by hand (its F equals the mixed model F test for this balanced design)
A6: V02 | B6: =SUMIFS(Data!$H$2:$H$1729,Data!$B$2:$B$1729,$A6,Data!$F$2:$F$1729,"Joy",Data!$D$2:$D$1729,B$4) | C6: =SUMIFS(Data!$H$2:$H$1729,Data!$B$2:$B$1729,$A6,Data!$F$2:$F$1729,"Joy",Data!$D$2:$D$1729,C$4) | D6: =SUMIFS(Data!$H$2:$H$1729,Data!$B$2:$B$1729,$A6,Data!$F$2:$F$1729,"Joy",Data!$D$2:$D$1729,D$4) | E6: =SUMIFS(Data!$H$2:$H$1729,Data!$B$2:$B$1729,$A6,Data!$F$2:$F$1729,"Joy",Data!$D$2:$D$1729,E$4) | F6: =SUMIFS(Data!$H$2:$H$1729,Data!$B$2:$B$1729,$A6,Data!$F$2:$F$1729,"Joy",Data!$D$2:$D$1729,F$4) | G6: =SUMIFS(Data!$H$2:$H$1729,Data!$B$2:$B$1729,$A6,Data!$F$2:$F$1729,"Joy",Data!$D$2:$D$1729,G$4) | H6: =SUMIFS(Data!$H$2:$H$1729,Data!$B$2:$B$1729,$A6,Data!$F$2:$F$1729,"Joy",Data!$D$2:$D$1729,"Commercial") | I6: =AVERAGE(B6:G6) | J6: =_xlfn.RANK.AVG(B6,$B6:$G6,1) | K6: =_xlfn.RANK.AVG(C6,$B6:$G6,1) | L6: =_xlfn.RANK.AVG(D6,$B6:$G6,1) | M6: =_xlfn.RANK.AVG(E6,$B6:$G6,1) | N6: =_xlfn.RANK.AVG(F6,$B6:$G6,1) | O6: =_xlfn.RANK.AVG(G6,$B6:$G6,1) | P6: =SUMPRODUCT(COUNTIF($B6:$G6,$B6:$G6)^2-1) | R6: Respondents (n) | S6: =COUNT(I5:I34) | T6: =COUNT(I5:I34)
A7: V03 | B7: =SUMIFS(Data!$H$2:$H$1729,Data!$B$2:$B$1729,$A7,Data!$F$2:$F$1729,"Joy",Data!$D$2:$D$1729,B$4) | C7: =SUMIFS(Data!$H$2:$H$1729,Data!$B$2:$B$1729,$A7,Data!$F$2:$F$1729,"Joy",Data!$D$2:$D$1729,C$4) | D7: =SUMIFS(Data!$H$2:$H$1729,Data!$B$2:$B$1729,$A7,Data!$F$2:$F$1729,"Joy",Data!$D$2:$D$1729,D$4) | E7: =SUMIFS(Data!$H$2:$H$1729,Data!$B$2:$B$1729,$A7,Data!$F$2:$F$1729,"Joy",Data!$D$2:$D$1729,E$4) | F7: =SUMIFS(Data!$H$2:$H$1729,Data!$B$2:$B$1729,$A7,Data!$F$2:$F$1729,"Joy",Data!$D$2:$D$1729,F$4) | G7: =SUMIFS(Data!$H$2:$H$1729,Data!$B$2:$B$1729,$A7,Data!$F$2:$F$1729,"Joy",Data!$D$2:$D$1729,G$4) | H7: =SUMIFS(Data!$H$2:$H$1729,Data!$B$2:$B$1729,$A7,Data!$F$2:$F$1729,"Joy",Data!$D$2:$D$1729,"Commercial") | I7: =AVERAGE(B7:G7) | J7: =_xlfn.RANK.AVG(B7,$B7:$G7,1) | K7: =_xlfn.RANK.AVG(C7,$B7:$G7,1) | L7: =_xlfn.RANK.AVG(D7,$B7:$G7,1) | M7: =_xlfn.RANK.AVG(E7,$B7:$G7,1) | N7: =_xlfn.RANK.AVG(F7,$B7:$G7,1) | O7: =_xlfn.RANK.AVG(G7,$B7:$G7,1) | P7: =SUMPRODUCT(COUNTIF($B7:$G7,$B7:$G7)^2-1) | R7: Bins (k) | S7: =COUNTA(B4:G4) | T7: =COUNTA(B4:G4)
A8: V04 | B8: =SUMIFS(Data!$H$2:$H$1729,Data!$B$2:$B$1729,$A8,Data!$F$2:$F$1729,"Joy",Data!$D$2:$D$1729,B$4) | C8: =SUMIFS(Data!$H$2:$H$1729,Data!$B$2:$B$1729,$A8,Data!$F$2:$F$1729,"Joy",Data!$D$2:$D$1729,C$4) | D8: =SUMIFS(Data!$H$2:$H$1729,Data!$B$2:$B$1729,$A8,Data!$F$2:$F$1729,"Joy",Data!$D$2:$D$1729,D$4) | E8: =SUMIFS(Data!$H$2:$H$1729,Data!$B$2:$B$1729,$A8,Data!$F$2:$F$1729,"Joy",Data!$D$2:$D$1729,E$4) | F8: =SUMIFS(Data!$H$2:$H$1729,Data!$B$2:$B$1729,$A8,Data!$F$2:$F$1729,"Joy",Data!$D$2:$D$1729,F$4) | G8: =SUMIFS(Data!$H$2:$H$1729,Data!$B$2:$B$1729,$A8,Data!$F$2:$F$1729,"Joy",Data!$D$2:$D$1729,G$4) | H8: =SUMIFS(Data!$H$2:$H$1729,Data!$B$2:$B$1729,$A8,Data!$F$2:$F$1729,"Joy",Data!$D$2:$D$1729,"Commercial") | I8: =AVERAGE(B8:G8) | J8: =_xlfn.RANK.AVG(B8,$B8:$G8,1) | K8: =_xlfn.RANK.AVG(C8,$B8:$G8,1) | L8: =_xlfn.RANK.AVG(D8,$B8:$G8,1) | M8: =_xlfn.RANK.AVG(E8,$B8:$G8,1) | N8: =_xlfn.RANK.AVG(F8,$B8:$G8,1) | O8: =_xlfn.RANK.AVG(G8,$B8:$G8,1) | P8: =SUMPRODUCT(COUNTIF($B8:$G8,$B8:$G8)^2-1) | R8: Grand mean Joy (%) | S8: =AVERAGE(B5:G34) | T8: =AVERAGE(B5:G34)
A9: V05 | B9: =SUMIFS(Data!$H$2:$H$1729,Data!$B$2:$B$1729,$A9,Data!$F$2:$F$1729,"Joy",Data!$D$2:$D$1729,B$4) | C9: =SUMIFS(Data!$H$2:$H$1729,Data!$B$2:$B$1729,$A9,Data!$F$2:$F$1729,"Joy",Data!$D$2:$D$1729,C$4) | D9: =SUMIFS(Data!$H$2:$H$1729,Data!$B$2:$B$1729,$A9,Data!$F$2:$F$1729,"Joy",Data!$D$2:$D$1729,D$4) | E9: =SUMIFS(Data!$H$2:$H$1729,Data!$B$2:$B$1729,$A9,Data!$F$2:$F$1729,"Joy",Data!$D$2:$D$1729,E$4) | F9: =SUMIFS(Data!$H$2:$H$1729,Data!$B$2:$B$1729,$A9,Data!$F$2:$F$1729,"Joy",Data!$D$2:$D$1729,F$4) | G9: =SUMIFS(Data!$H$2:$H$1729,Data!$B$2:$B$1729,$A9,Data!$F$2:$F$1729,"Joy",Data!$D$2:$D$1729,G$4) | H9: =SUMIFS(Data!$H$2:$H$1729,Data!$B$2:$B$1729,$A9,Data!$F$2:$F$1729,"Joy",Data!$D$2:$D$1729,"Commercial") | I9: =AVERAGE(B9:G9) | J9: =_xlfn.RANK.AVG(B9,$B9:$G9,1) | K9: =_xlfn.RANK.AVG(C9,$B9:$G9,1) | L9: =_xlfn.RANK.AVG(D9,$B9:$G9,1) | M9: =_xlfn.RANK.AVG(E9,$B9:$G9,1) | N9: =_xlfn.RANK.AVG(F9,$B9:$G9,1) | O9: =_xlfn.RANK.AVG(G9,$B9:$G9,1) | P9: =SUMPRODUCT(COUNTIF($B9:$G9,$B9:$G9)^2-1) | R9: SS total | S9: =DEVSQ(B5:G34) | T9: =DEVSQ(B5:G34) | U9: sum of squared deviations from the grand mean
A10: V06 | B10: =SUMIFS(Data!$H$2:$H$1729,Data!$B$2:$B$1729,$A10,Data!$F$2:$F$1729,"Joy",Data!$D$2:$D$1729,B$4) | C10: =SUMIFS(Data!$H$2:$H$1729,Data!$B$2:$B$1729,$A10,Data!$F$2:$F$1729,"Joy",Data!$D$2:$D$1729,C$4) | D10: =SUMIFS(Data!$H$2:$H$1729,Data!$B$2:$B$1729,$A10,Data!$F$2:$F$1729,"Joy",Data!$D$2:$D$1729,D$4) | E10: =SUMIFS(Data!$H$2:$H$1729,Data!$B$2:$B$1729,$A10,Data!$F$2:$F$1729,"Joy",Data!$D$2:$D$1729,E$4) | F10: =SUMIFS(Data!$H$2:$H$1729,Data!$B$2:$B$1729,$A10,Data!$F$2:$F$1729,"Joy",Data!$D$2:$D$1729,F$4) | G10: =SUMIFS(Data!$H$2:$H$1729,Data!$B$2:$B$1729,$A10,Data!$F$2:$F$1729,"Joy",Data!$D$2:$D$1729,G$4) | H10: =SUMIFS(Data!$H$2:$H$1729,Data!$B$2:$B$1729,$A10,Data!$F$2:$F$1729,"Joy",Data!$D$2:$D$1729,"Commercial") | I10: =AVERAGE(B10:G10) | J10: =_xlfn.RANK.AVG(B10,$B10:$G10,1) | K10: =_xlfn.RANK.AVG(C10,$B10:$G10,1) | L10: =_xlfn.RANK.AVG(D10,$B10:$G10,1) | M10: =_xlfn.RANK.AVG(E10,$B10:$G10,1) | N10: =_xlfn.RANK.AVG(F10,$B10:$G10,1) | O10: =_xlfn.RANK.AVG(G10,$B10:$G10,1) | P10: =SUMPRODUCT(COUNTIF($B10:$G10,$B10:$G10)^2-1) | R10: SS bins | S10: =S6*DEVSQ(B41:G41) | T10: =S6*DEVSQ(B41:G41) | U10: n x squared deviations of the six bin means
A11: V08 | B11: =SUMIFS(Data!$H$2:$H$1729,Data!$B$2:$B$1729,$A11,Data!$F$2:$F$1729,"Joy",Data!$D$2:$D$1729,B$4) | C11: =SUMIFS(Data!$H$2:$H$1729,Data!$B$2:$B$1729,$A11,Data!$F$2:$F$1729,"Joy",Data!$D$2:$D$1729,C$4) | D11: =SUMIFS(Data!$H$2:$H$1729,Data!$B$2:$B$1729,$A11,Data!$F$2:$F$1729,"Joy",Data!$D$2:$D$1729,D$4) | E11: =SUMIFS(Data!$H$2:$H$1729,Data!$B$2:$B$1729,$A11,Data!$F$2:$F$1729,"Joy",Data!$D$2:$D$1729,E$4) | F11: =SUMIFS(Data!$H$2:$H$1729,Data!$B$2:$B$1729,$A11,Data!$F$2:$F$1729,"Joy",Data!$D$2:$D$1729,F$4) | G11: =SUMIFS(Data!$H$2:$H$1729,Data!$B$2:$B$1729,$A11,Data!$F$2:$F$1729,"Joy",Data!$D$2:$D$1729,G$4) | H11: =SUMIFS(Data!$H$2:$H$1729,Data!$B$2:$B$1729,$A11,Data!$F$2:$F$1729,"Joy",Data!$D$2:$D$1729,"Commercial") | I11: =AVERAGE(B11:G11) | J11: =_xlfn.RANK.AVG(B11,$B11:$G11,1) | K11: =_xlfn.RANK.AVG(C11,$B11:$G11,1) | L11: =_xlfn.RANK.AVG(D11,$B11:$G11,1) | M11: =_xlfn.RANK.AVG(E11,$B11:$G11,1) | N11: =_xlfn.RANK.AVG(F11,$B11:$G11,1) | O11: =_xlfn.RANK.AVG(G11,$B11:$G11,1) | P11: =SUMPRODUCT(COUNTIF($B11:$G11,$B11:$G11)^2-1) | R11: SS respondents | S11: =S7*DEVSQ(I5:I34) | T11: =S7*DEVSQ(I5:I34) | U11: k x squared deviations of the respondent means
A12: V09 | B12: =SUMIFS(Data!$H$2:$H$1729,Data!$B$2:$B$1729,$A12,Data!$F$2:$F$1729,"Joy",Data!$D$2:$D$1729,B$4) | C12: =SUMIFS(Data!$H$2:$H$1729,Data!$B$2:$B$1729,$A12,Data!$F$2:$F$1729,"Joy",Data!$D$2:$D$1729,C$4) | D12: =SUMIFS(Data!$H$2:$H$1729,Data!$B$2:$B$1729,$A12,Data!$F$2:$F$1729,"Joy",Data!$D$2:$D$1729,D$4) | E12: =SUMIFS(Data!$H$2:$H$1729,Data!$B$2:$B$1729,$A12,Data!$F$2:$F$1729,"Joy",Data!$D$2:$D$1729,E$4) | F12: =SUMIFS(Data!$H$2:$H$1729,Data!$B$2:$B$1729,$A12,Data!$F$2:$F$1729,"Joy",Data!$D$2:$D$1729,F$4) | G12: =SUMIFS(Data!$H$2:$H$1729,Data!$B$2:$B$1729,$A12,Data!$F$2:$F$1729,"Joy",Data!$D$2:$D$1729,G$4) | H12: =SUMIFS(Data!$H$2:$H$1729,Data!$B$2:$B$1729,$A12,Data!$F$2:$F$1729,"Joy",Data!$D$2:$D$1729,"Commercial") | I12: =AVERAGE(B12:G12) | J12: =_xlfn.RANK.AVG(B12,$B12:$G12,1) | K12: =_xlfn.RANK.AVG(C12,$B12:$G12,1) | L12: =_xlfn.RANK.AVG(D12,$B12:$G12,1) | M12: =_xlfn.RANK.AVG(E12,$B12:$G12,1) | N12: =_xlfn.RANK.AVG(F12,$B12:$G12,1) | O12: =_xlfn.RANK.AVG(G12,$B12:$G12,1) | P12: =SUMPRODUCT(COUNTIF($B12:$G12,$B12:$G12)^2-1) | R12: SS error | S12: =S9-S10-S11 | T12: =S9-S10-S11
A13: V10 | B13: =SUMIFS(Data!$H$2:$H$1729,Data!$B$2:$B$1729,$A13,Data!$F$2:$F$1729,"Joy",Data!$D$2:$D$1729,B$4) | C13: =SUMIFS(Data!$H$2:$H$1729,Data!$B$2:$B$1729,$A13,Data!$F$2:$F$1729,"Joy",Data!$D$2:$D$1729,C$4) | D13: =SUMIFS(Data!$H$2:$H$1729,Data!$B$2:$B$1729,$A13,Data!$F$2:$F$1729,"Joy",Data!$D$2:$D$1729,D$4) | E13: =SUMIFS(Data!$H$2:$H$1729,Data!$B$2:$B$1729,$A13,Data!$F$2:$F$1729,"Joy",Data!$D$2:$D$1729,E$4) | F13: =SUMIFS(Data!$H$2:$H$1729,Data!$B$2:$B$1729,$A13,Data!$F$2:$F$1729,"Joy",Data!$D$2:$D$1729,F$4) | G13: =SUMIFS(Data!$H$2:$H$1729,Data!$B$2:$B$1729,$A13,Data!$F$2:$F$1729,"Joy",Data!$D$2:$D$1729,G$4) | H13: =SUMIFS(Data!$H$2:$H$1729,Data!$B$2:$B$1729,$A13,Data!$F$2:$F$1729,"Joy",Data!$D$2:$D$1729,"Commercial") | I13: =AVERAGE(B13:G13) | J13: =_xlfn.RANK.AVG(B13,$B13:$G13,1) | K13: =_xlfn.RANK.AVG(C13,$B13:$G13,1) | L13: =_xlfn.RANK.AVG(D13,$B13:$G13,1) | M13: =_xlfn.RANK.AVG(E13,$B13:$G13,1) | N13: =_xlfn.RANK.AVG(F13,$B13:$G13,1) | O13: =_xlfn.RANK.AVG(G13,$B13:$G13,1) | P13: =SUMPRODUCT(COUNTIF($B13:$G13,$B13:$G13)^2-1) | R13: df bins | S13: =S7-1 | T13: =S7-1
A14: V11 | B14: =SUMIFS(Data!$H$2:$H$1729,Data!$B$2:$B$1729,$A14,Data!$F$2:$F$1729,"Joy",Data!$D$2:$D$1729,B$4) | C14: =SUMIFS(Data!$H$2:$H$1729,Data!$B$2:$B$1729,$A14,Data!$F$2:$F$1729,"Joy",Data!$D$2:$D$1729,C$4) | D14: =SUMIFS(Data!$H$2:$H$1729,Data!$B$2:$B$1729,$A14,Data!$F$2:$F$1729,"Joy",Data!$D$2:$D$1729,D$4) | E14: =SUMIFS(Data!$H$2:$H$1729,Data!$B$2:$B$1729,$A14,Data!$F$2:$F$1729,"Joy",Data!$D$2:$D$1729,E$4) | F14: =SUMIFS(Data!$H$2:$H$1729,Data!$B$2:$B$1729,$A14,Data!$F$2:$F$1729,"Joy",Data!$D$2:$D$1729,F$4) | G14: =SUMIFS(Data!$H$2:$H$1729,Data!$B$2:$B$1729,$A14,Data!$F$2:$F$1729,"Joy",Data!$D$2:$D$1729,G$4) | H14: =SUMIFS(Data!$H$2:$H$1729,Data!$B$2:$B$1729,$A14,Data!$F$2:$F$1729,"Joy",Data!$D$2:$D$1729,"Commercial") | I14: =AVERAGE(B14:G14) | J14: =_xlfn.RANK.AVG(B14,$B14:$G14,1) | K14: =_xlfn.RANK.AVG(C14,$B14:$G14,1) | L14: =_xlfn.RANK.AVG(D14,$B14:$G14,1) | M14: =_xlfn.RANK.AVG(E14,$B14:$G14,1) | N14: =_xlfn.RANK.AVG(F14,$B14:$G14,1) | O14: =_xlfn.RANK.AVG(G14,$B14:$G14,1) | P14: =SUMPRODUCT(COUNTIF($B14:$G14,$B14:$G14)^2-1) | R14: df error | S14: =(S6-1)*(S7-1) | T14: =(S6-1)*(S7-1) | U14: equals the Satterthwaite df of the mixed model here
A15: V12 | B15: =SUMIFS(Data!$H$2:$H$1729,Data!$B$2:$B$1729,$A15,Data!$F$2:$F$1729,"Joy",Data!$D$2:$D$1729,B$4) | C15: =SUMIFS(Data!$H$2:$H$1729,Data!$B$2:$B$1729,$A15,Data!$F$2:$F$1729,"Joy",Data!$D$2:$D$1729,C$4) | D15: =SUMIFS(Data!$H$2:$H$1729,Data!$B$2:$B$1729,$A15,Data!$F$2:$F$1729,"Joy",Data!$D$2:$D$1729,D$4) | E15: =SUMIFS(Data!$H$2:$H$1729,Data!$B$2:$B$1729,$A15,Data!$F$2:$F$1729,"Joy",Data!$D$2:$D$1729,E$4) | F15: =SUMIFS(Data!$H$2:$H$1729,Data!$B$2:$B$1729,$A15,Data!$F$2:$F$1729,"Joy",Data!$D$2:$D$1729,F$4) | G15: =SUMIFS(Data!$H$2:$H$1729,Data!$B$2:$B$1729,$A15,Data!$F$2:$F$1729,"Joy",Data!$D$2:$D$1729,G$4) | H15: =SUMIFS(Data!$H$2:$H$1729,Data!$B$2:$B$1729,$A15,Data!$F$2:$F$1729,"Joy",Data!$D$2:$D$1729,"Commercial") | I15: =AVERAGE(B15:G15) | J15: =_xlfn.RANK.AVG(B15,$B15:$G15,1) | K15: =_xlfn.RANK.AVG(C15,$B15:$G15,1) | L15: =_xlfn.RANK.AVG(D15,$B15:$G15,1) | M15: =_xlfn.RANK.AVG(E15,$B15:$G15,1) | N15: =_xlfn.RANK.AVG(F15,$B15:$G15,1) | O15: =_xlfn.RANK.AVG(G15,$B15:$G15,1) | P15: =SUMPRODUCT(COUNTIF($B15:$G15,$B15:$G15)^2-1) | R15: MS bins | S15: =S10/S13 | T15: =S10/S13
A16: V13 | B16: =SUMIFS(Data!$H$2:$H$1729,Data!$B$2:$B$1729,$A16,Data!$F$2:$F$1729,"Joy",Data!$D$2:$D$1729,B$4) | C16: =SUMIFS(Data!$H$2:$H$1729,Data!$B$2:$B$1729,$A16,Data!$F$2:$F$1729,"Joy",Data!$D$2:$D$1729,C$4) | D16: =SUMIFS(Data!$H$2:$H$1729,Data!$B$2:$B$1729,$A16,Data!$F$2:$F$1729,"Joy",Data!$D$2:$D$1729,D$4) | E16: =SUMIFS(Data!$H$2:$H$1729,Data!$B$2:$B$1729,$A16,Data!$F$2:$F$1729,"Joy",Data!$D$2:$D$1729,E$4) | F16: =SUMIFS(Data!$H$2:$H$1729,Data!$B$2:$B$1729,$A16,Data!$F$2:$F$1729,"Joy",Data!$D$2:$D$1729,F$4) | G16: =SUMIFS(Data!$H$2:$H$1729,Data!$B$2:$B$1729,$A16,Data!$F$2:$F$1729,"Joy",Data!$D$2:$D$1729,G$4) | H16: =SUMIFS(Data!$H$2:$H$1729,Data!$B$2:$B$1729,$A16,Data!$F$2:$F$1729,"Joy",Data!$D$2:$D$1729,"Commercial") | I16: =AVERAGE(B16:G16) | J16: =_xlfn.RANK.AVG(B16,$B16:$G16,1) | K16: =_xlfn.RANK.AVG(C16,$B16:$G16,1) | L16: =_xlfn.RANK.AVG(D16,$B16:$G16,1) | M16: =_xlfn.RANK.AVG(E16,$B16:$G16,1) | N16: =_xlfn.RANK.AVG(F16,$B16:$G16,1) | O16: =_xlfn.RANK.AVG(G16,$B16:$G16,1) | P16: =SUMPRODUCT(COUNTIF($B16:$G16,$B16:$G16)^2-1) | R16: MS error | S16: =S12/S14 | T16: =S12/S14 | U16: equals the residual variance of the mixed model
A17: V14 | B17: =SUMIFS(Data!$H$2:$H$1729,Data!$B$2:$B$1729,$A17,Data!$F$2:$F$1729,"Joy",Data!$D$2:$D$1729,B$4) | C17: =SUMIFS(Data!$H$2:$H$1729,Data!$B$2:$B$1729,$A17,Data!$F$2:$F$1729,"Joy",Data!$D$2:$D$1729,C$4) | D17: =SUMIFS(Data!$H$2:$H$1729,Data!$B$2:$B$1729,$A17,Data!$F$2:$F$1729,"Joy",Data!$D$2:$D$1729,D$4) | E17: =SUMIFS(Data!$H$2:$H$1729,Data!$B$2:$B$1729,$A17,Data!$F$2:$F$1729,"Joy",Data!$D$2:$D$1729,E$4) | F17: =SUMIFS(Data!$H$2:$H$1729,Data!$B$2:$B$1729,$A17,Data!$F$2:$F$1729,"Joy",Data!$D$2:$D$1729,F$4) | G17: =SUMIFS(Data!$H$2:$H$1729,Data!$B$2:$B$1729,$A17,Data!$F$2:$F$1729,"Joy",Data!$D$2:$D$1729,G$4) | H17: =SUMIFS(Data!$H$2:$H$1729,Data!$B$2:$B$1729,$A17,Data!$F$2:$F$1729,"Joy",Data!$D$2:$D$1729,"Commercial") | I17: =AVERAGE(B17:G17) | J17: =_xlfn.RANK.AVG(B17,$B17:$G17,1) | K17: =_xlfn.RANK.AVG(C17,$B17:$G17,1) | L17: =_xlfn.RANK.AVG(D17,$B17:$G17,1) | M17: =_xlfn.RANK.AVG(E17,$B17:$G17,1) | N17: =_xlfn.RANK.AVG(F17,$B17:$G17,1) | O17: =_xlfn.RANK.AVG(G17,$B17:$G17,1) | P17: =SUMPRODUCT(COUNTIF($B17:$G17,$B17:$G17)^2-1) | R17: F | S17: =S15/S16 | T17: =S15/S16
A18: V15 | B18: =SUMIFS(Data!$H$2:$H$1729,Data!$B$2:$B$1729,$A18,Data!$F$2:$F$1729,"Joy",Data!$D$2:$D$1729,B$4) | C18: =SUMIFS(Data!$H$2:$H$1729,Data!$B$2:$B$1729,$A18,Data!$F$2:$F$1729,"Joy",Data!$D$2:$D$1729,C$4) | D18: =SUMIFS(Data!$H$2:$H$1729,Data!$B$2:$B$1729,$A18,Data!$F$2:$F$1729,"Joy",Data!$D$2:$D$1729,D$4) | E18: =SUMIFS(Data!$H$2:$H$1729,Data!$B$2:$B$1729,$A18,Data!$F$2:$F$1729,"Joy",Data!$D$2:$D$1729,E$4) | F18: =SUMIFS(Data!$H$2:$H$1729,Data!$B$2:$B$1729,$A18,Data!$F$2:$F$1729,"Joy",Data!$D$2:$D$1729,F$4) | G18: =SUMIFS(Data!$H$2:$H$1729,Data!$B$2:$B$1729,$A18,Data!$F$2:$F$1729,"Joy",Data!$D$2:$D$1729,G$4) | H18: =SUMIFS(Data!$H$2:$H$1729,Data!$B$2:$B$1729,$A18,Data!$F$2:$F$1729,"Joy",Data!$D$2:$D$1729,"Commercial") | I18: =AVERAGE(B18:G18) | J18: =_xlfn.RANK.AVG(B18,$B18:$G18,1) | K18: =_xlfn.RANK.AVG(C18,$B18:$G18,1) | L18: =_xlfn.RANK.AVG(D18,$B18:$G18,1) | M18: =_xlfn.RANK.AVG(E18,$B18:$G18,1) | N18: =_xlfn.RANK.AVG(F18,$B18:$G18,1) | O18: =_xlfn.RANK.AVG(G18,$B18:$G18,1) | P18: =SUMPRODUCT(COUNTIF($B18:$G18,$B18:$G18)^2-1) | R18: p (F.DIST.RT) | S18: =_xlfn.F.DIST.RT(S17,S13,S14) | T18: =F.DIST.RT(S17,S13,S14)
A19: V16 | B19: =SUMIFS(Data!$H$2:$H$1729,Data!$B$2:$B$1729,$A19,Data!$F$2:$F$1729,"Joy",Data!$D$2:$D$1729,B$4) | C19: =SUMIFS(Data!$H$2:$H$1729,Data!$B$2:$B$1729,$A19,Data!$F$2:$F$1729,"Joy",Data!$D$2:$D$1729,C$4) | D19: =SUMIFS(Data!$H$2:$H$1729,Data!$B$2:$B$1729,$A19,Data!$F$2:$F$1729,"Joy",Data!$D$2:$D$1729,D$4) | E19: =SUMIFS(Data!$H$2:$H$1729,Data!$B$2:$B$1729,$A19,Data!$F$2:$F$1729,"Joy",Data!$D$2:$D$1729,E$4) | F19: =SUMIFS(Data!$H$2:$H$1729,Data!$B$2:$B$1729,$A19,Data!$F$2:$F$1729,"Joy",Data!$D$2:$D$1729,F$4) | G19: =SUMIFS(Data!$H$2:$H$1729,Data!$B$2:$B$1729,$A19,Data!$F$2:$F$1729,"Joy",Data!$D$2:$D$1729,G$4) | H19: =SUMIFS(Data!$H$2:$H$1729,Data!$B$2:$B$1729,$A19,Data!$F$2:$F$1729,"Joy",Data!$D$2:$D$1729,"Commercial") | I19: =AVERAGE(B19:G19) | J19: =_xlfn.RANK.AVG(B19,$B19:$G19,1) | K19: =_xlfn.RANK.AVG(C19,$B19:$G19,1) | L19: =_xlfn.RANK.AVG(D19,$B19:$G19,1) | M19: =_xlfn.RANK.AVG(E19,$B19:$G19,1) | N19: =_xlfn.RANK.AVG(F19,$B19:$G19,1) | O19: =_xlfn.RANK.AVG(G19,$B19:$G19,1) | P19: =SUMPRODUCT(COUNTIF($B19:$G19,$B19:$G19)^2-1) | R19: Respondent variance (ANOVA estimate) | S19: =(((S11)/(S6-1))-S16)/S7 | T19: =(((S11)/(S6-1))-S16)/S7 | U19: equals the random intercept variance of the model
A20: V17 | B20: =SUMIFS(Data!$H$2:$H$1729,Data!$B$2:$B$1729,$A20,Data!$F$2:$F$1729,"Joy",Data!$D$2:$D$1729,B$4) | C20: =SUMIFS(Data!$H$2:$H$1729,Data!$B$2:$B$1729,$A20,Data!$F$2:$F$1729,"Joy",Data!$D$2:$D$1729,C$4) | D20: =SUMIFS(Data!$H$2:$H$1729,Data!$B$2:$B$1729,$A20,Data!$F$2:$F$1729,"Joy",Data!$D$2:$D$1729,D$4) | E20: =SUMIFS(Data!$H$2:$H$1729,Data!$B$2:$B$1729,$A20,Data!$F$2:$F$1729,"Joy",Data!$D$2:$D$1729,E$4) | F20: =SUMIFS(Data!$H$2:$H$1729,Data!$B$2:$B$1729,$A20,Data!$F$2:$F$1729,"Joy",Data!$D$2:$D$1729,F$4) | G20: =SUMIFS(Data!$H$2:$H$1729,Data!$B$2:$B$1729,$A20,Data!$F$2:$F$1729,"Joy",Data!$D$2:$D$1729,G$4) | H20: =SUMIFS(Data!$H$2:$H$1729,Data!$B$2:$B$1729,$A20,Data!$F$2:$F$1729,"Joy",Data!$D$2:$D$1729,"Commercial") | I20: =AVERAGE(B20:G20) | J20: =_xlfn.RANK.AVG(B20,$B20:$G20,1) | K20: =_xlfn.RANK.AVG(C20,$B20:$G20,1) | L20: =_xlfn.RANK.AVG(D20,$B20:$G20,1) | M20: =_xlfn.RANK.AVG(E20,$B20:$G20,1) | N20: =_xlfn.RANK.AVG(F20,$B20:$G20,1) | O20: =_xlfn.RANK.AVG(G20,$B20:$G20,1) | P20: =SUMPRODUCT(COUNTIF($B20:$G20,$B20:$G20)^2-1) | R20: ICC (adjusted) | S20: =S19/(S19+S16) | T20: =S19/(S19+S16) | U20: share of the remaining variance that lies between viewers
A21: V18 | B21: =SUMIFS(Data!$H$2:$H$1729,Data!$B$2:$B$1729,$A21,Data!$F$2:$F$1729,"Joy",Data!$D$2:$D$1729,B$4) | C21: =SUMIFS(Data!$H$2:$H$1729,Data!$B$2:$B$1729,$A21,Data!$F$2:$F$1729,"Joy",Data!$D$2:$D$1729,C$4) | D21: =SUMIFS(Data!$H$2:$H$1729,Data!$B$2:$B$1729,$A21,Data!$F$2:$F$1729,"Joy",Data!$D$2:$D$1729,D$4) | E21: =SUMIFS(Data!$H$2:$H$1729,Data!$B$2:$B$1729,$A21,Data!$F$2:$F$1729,"Joy",Data!$D$2:$D$1729,E$4) | F21: =SUMIFS(Data!$H$2:$H$1729,Data!$B$2:$B$1729,$A21,Data!$F$2:$F$1729,"Joy",Data!$D$2:$D$1729,F$4) | G21: =SUMIFS(Data!$H$2:$H$1729,Data!$B$2:$B$1729,$A21,Data!$F$2:$F$1729,"Joy",Data!$D$2:$D$1729,G$4) | H21: =SUMIFS(Data!$H$2:$H$1729,Data!$B$2:$B$1729,$A21,Data!$F$2:$F$1729,"Joy",Data!$D$2:$D$1729,"Commercial") | I21: =AVERAGE(B21:G21) | J21: =_xlfn.RANK.AVG(B21,$B21:$G21,1) | K21: =_xlfn.RANK.AVG(C21,$B21:$G21,1) | L21: =_xlfn.RANK.AVG(D21,$B21:$G21,1) | M21: =_xlfn.RANK.AVG(E21,$B21:$G21,1) | N21: =_xlfn.RANK.AVG(F21,$B21:$G21,1) | O21: =_xlfn.RANK.AVG(G21,$B21:$G21,1) | P21: =SUMPRODUCT(COUNTIF($B21:$G21,$B21:$G21)^2-1)
A22: V20 | B22: =SUMIFS(Data!$H$2:$H$1729,Data!$B$2:$B$1729,$A22,Data!$F$2:$F$1729,"Joy",Data!$D$2:$D$1729,B$4) | C22: =SUMIFS(Data!$H$2:$H$1729,Data!$B$2:$B$1729,$A22,Data!$F$2:$F$1729,"Joy",Data!$D$2:$D$1729,C$4) | D22: =SUMIFS(Data!$H$2:$H$1729,Data!$B$2:$B$1729,$A22,Data!$F$2:$F$1729,"Joy",Data!$D$2:$D$1729,D$4) | E22: =SUMIFS(Data!$H$2:$H$1729,Data!$B$2:$B$1729,$A22,Data!$F$2:$F$1729,"Joy",Data!$D$2:$D$1729,E$4) | F22: =SUMIFS(Data!$H$2:$H$1729,Data!$B$2:$B$1729,$A22,Data!$F$2:$F$1729,"Joy",Data!$D$2:$D$1729,F$4) | G22: =SUMIFS(Data!$H$2:$H$1729,Data!$B$2:$B$1729,$A22,Data!$F$2:$F$1729,"Joy",Data!$D$2:$D$1729,G$4) | H22: =SUMIFS(Data!$H$2:$H$1729,Data!$B$2:$B$1729,$A22,Data!$F$2:$F$1729,"Joy",Data!$D$2:$D$1729,"Commercial") | I22: =AVERAGE(B22:G22) | J22: =_xlfn.RANK.AVG(B22,$B22:$G22,1) | K22: =_xlfn.RANK.AVG(C22,$B22:$G22,1) | L22: =_xlfn.RANK.AVG(D22,$B22:$G22,1) | M22: =_xlfn.RANK.AVG(E22,$B22:$G22,1) | N22: =_xlfn.RANK.AVG(F22,$B22:$G22,1) | O22: =_xlfn.RANK.AVG(G22,$B22:$G22,1) | P22: =SUMPRODUCT(COUNTIF($B22:$G22,$B22:$G22)^2-1) | R22: Friedman test by hand (nonparametric check, ties corrected as in R)
A23: V21 | B23: =SUMIFS(Data!$H$2:$H$1729,Data!$B$2:$B$1729,$A23,Data!$F$2:$F$1729,"Joy",Data!$D$2:$D$1729,B$4) | C23: =SUMIFS(Data!$H$2:$H$1729,Data!$B$2:$B$1729,$A23,Data!$F$2:$F$1729,"Joy",Data!$D$2:$D$1729,C$4) | D23: =SUMIFS(Data!$H$2:$H$1729,Data!$B$2:$B$1729,$A23,Data!$F$2:$F$1729,"Joy",Data!$D$2:$D$1729,D$4) | E23: =SUMIFS(Data!$H$2:$H$1729,Data!$B$2:$B$1729,$A23,Data!$F$2:$F$1729,"Joy",Data!$D$2:$D$1729,E$4) | F23: =SUMIFS(Data!$H$2:$H$1729,Data!$B$2:$B$1729,$A23,Data!$F$2:$F$1729,"Joy",Data!$D$2:$D$1729,F$4) | G23: =SUMIFS(Data!$H$2:$H$1729,Data!$B$2:$B$1729,$A23,Data!$F$2:$F$1729,"Joy",Data!$D$2:$D$1729,G$4) | H23: =SUMIFS(Data!$H$2:$H$1729,Data!$B$2:$B$1729,$A23,Data!$F$2:$F$1729,"Joy",Data!$D$2:$D$1729,"Commercial") | I23: =AVERAGE(B23:G23) | J23: =_xlfn.RANK.AVG(B23,$B23:$G23,1) | K23: =_xlfn.RANK.AVG(C23,$B23:$G23,1) | L23: =_xlfn.RANK.AVG(D23,$B23:$G23,1) | M23: =_xlfn.RANK.AVG(E23,$B23:$G23,1) | N23: =_xlfn.RANK.AVG(F23,$B23:$G23,1) | O23: =_xlfn.RANK.AVG(G23,$B23:$G23,1) | P23: =SUMPRODUCT(COUNTIF($B23:$G23,$B23:$G23)^2-1) | R23: 12 x sum of squared deviations of the rank sums | S23: =12*SUMPRODUCT((B44:G44-S6*(S7+1)/2)^2) | T23: =12*SUMPRODUCT((B44:G44-S6*(S7+1)/2)^2) | U23: rank sums are in the Friedman rank sum row
A24: V22 | B24: =SUMIFS(Data!$H$2:$H$1729,Data!$B$2:$B$1729,$A24,Data!$F$2:$F$1729,"Joy",Data!$D$2:$D$1729,B$4) | C24: =SUMIFS(Data!$H$2:$H$1729,Data!$B$2:$B$1729,$A24,Data!$F$2:$F$1729,"Joy",Data!$D$2:$D$1729,C$4) | D24: =SUMIFS(Data!$H$2:$H$1729,Data!$B$2:$B$1729,$A24,Data!$F$2:$F$1729,"Joy",Data!$D$2:$D$1729,D$4) | E24: =SUMIFS(Data!$H$2:$H$1729,Data!$B$2:$B$1729,$A24,Data!$F$2:$F$1729,"Joy",Data!$D$2:$D$1729,E$4) | F24: =SUMIFS(Data!$H$2:$H$1729,Data!$B$2:$B$1729,$A24,Data!$F$2:$F$1729,"Joy",Data!$D$2:$D$1729,F$4) | G24: =SUMIFS(Data!$H$2:$H$1729,Data!$B$2:$B$1729,$A24,Data!$F$2:$F$1729,"Joy",Data!$D$2:$D$1729,G$4) | H24: =SUMIFS(Data!$H$2:$H$1729,Data!$B$2:$B$1729,$A24,Data!$F$2:$F$1729,"Joy",Data!$D$2:$D$1729,"Commercial") | I24: =AVERAGE(B24:G24) | J24: =_xlfn.RANK.AVG(B24,$B24:$G24,1) | K24: =_xlfn.RANK.AVG(C24,$B24:$G24,1) | L24: =_xlfn.RANK.AVG(D24,$B24:$G24,1) | M24: =_xlfn.RANK.AVG(E24,$B24:$G24,1) | N24: =_xlfn.RANK.AVG(F24,$B24:$G24,1) | O24: =_xlfn.RANK.AVG(G24,$B24:$G24,1) | P24: =SUMPRODUCT(COUNTIF($B24:$G24,$B24:$G24)^2-1) | R24: Denominator with tie correction | S24: =S6*S7*(S7+1)-SUM(P5:P34)/(S7-1) | T24: =S6*S7*(S7+1)-SUM(P5:P34)/(S7-1) | U24: n k (k + 1) minus the tie sum / (k - 1)
A25: V23 | B25: =SUMIFS(Data!$H$2:$H$1729,Data!$B$2:$B$1729,$A25,Data!$F$2:$F$1729,"Joy",Data!$D$2:$D$1729,B$4) | C25: =SUMIFS(Data!$H$2:$H$1729,Data!$B$2:$B$1729,$A25,Data!$F$2:$F$1729,"Joy",Data!$D$2:$D$1729,C$4) | D25: =SUMIFS(Data!$H$2:$H$1729,Data!$B$2:$B$1729,$A25,Data!$F$2:$F$1729,"Joy",Data!$D$2:$D$1729,D$4) | E25: =SUMIFS(Data!$H$2:$H$1729,Data!$B$2:$B$1729,$A25,Data!$F$2:$F$1729,"Joy",Data!$D$2:$D$1729,E$4) | F25: =SUMIFS(Data!$H$2:$H$1729,Data!$B$2:$B$1729,$A25,Data!$F$2:$F$1729,"Joy",Data!$D$2:$D$1729,F$4) | G25: =SUMIFS(Data!$H$2:$H$1729,Data!$B$2:$B$1729,$A25,Data!$F$2:$F$1729,"Joy",Data!$D$2:$D$1729,G$4) | H25: =SUMIFS(Data!$H$2:$H$1729,Data!$B$2:$B$1729,$A25,Data!$F$2:$F$1729,"Joy",Data!$D$2:$D$1729,"Commercial") | I25: =AVERAGE(B25:G25) | J25: =_xlfn.RANK.AVG(B25,$B25:$G25,1) | K25: =_xlfn.RANK.AVG(C25,$B25:$G25,1) | L25: =_xlfn.RANK.AVG(D25,$B25:$G25,1) | M25: =_xlfn.RANK.AVG(E25,$B25:$G25,1) | N25: =_xlfn.RANK.AVG(F25,$B25:$G25,1) | O25: =_xlfn.RANK.AVG(G25,$B25:$G25,1) | P25: =SUMPRODUCT(COUNTIF($B25:$G25,$B25:$G25)^2-1) | R25: Friedman chi-squared | S25: =S23/S24 | T25: =S23/S24
A26: V24 | B26: =SUMIFS(Data!$H$2:$H$1729,Data!$B$2:$B$1729,$A26,Data!$F$2:$F$1729,"Joy",Data!$D$2:$D$1729,B$4) | C26: =SUMIFS(Data!$H$2:$H$1729,Data!$B$2:$B$1729,$A26,Data!$F$2:$F$1729,"Joy",Data!$D$2:$D$1729,C$4) | D26: =SUMIFS(Data!$H$2:$H$1729,Data!$B$2:$B$1729,$A26,Data!$F$2:$F$1729,"Joy",Data!$D$2:$D$1729,D$4) | E26: =SUMIFS(Data!$H$2:$H$1729,Data!$B$2:$B$1729,$A26,Data!$F$2:$F$1729,"Joy",Data!$D$2:$D$1729,E$4) | F26: =SUMIFS(Data!$H$2:$H$1729,Data!$B$2:$B$1729,$A26,Data!$F$2:$F$1729,"Joy",Data!$D$2:$D$1729,F$4) | G26: =SUMIFS(Data!$H$2:$H$1729,Data!$B$2:$B$1729,$A26,Data!$F$2:$F$1729,"Joy",Data!$D$2:$D$1729,G$4) | H26: =SUMIFS(Data!$H$2:$H$1729,Data!$B$2:$B$1729,$A26,Data!$F$2:$F$1729,"Joy",Data!$D$2:$D$1729,"Commercial") | I26: =AVERAGE(B26:G26) | J26: =_xlfn.RANK.AVG(B26,$B26:$G26,1) | K26: =_xlfn.RANK.AVG(C26,$B26:$G26,1) | L26: =_xlfn.RANK.AVG(D26,$B26:$G26,1) | M26: =_xlfn.RANK.AVG(E26,$B26:$G26,1) | N26: =_xlfn.RANK.AVG(F26,$B26:$G26,1) | O26: =_xlfn.RANK.AVG(G26,$B26:$G26,1) | P26: =SUMPRODUCT(COUNTIF($B26:$G26,$B26:$G26)^2-1) | R26: p (CHISQ.DIST.RT) | S26: =_xlfn.CHISQ.DIST.RT(S25,S7-1) | T26: =CHISQ.DIST.RT(S25,S7-1)
A27: V25 | B27: =SUMIFS(Data!$H$2:$H$1729,Data!$B$2:$B$1729,$A27,Data!$F$2:$F$1729,"Joy",Data!$D$2:$D$1729,B$4) | C27: =SUMIFS(Data!$H$2:$H$1729,Data!$B$2:$B$1729,$A27,Data!$F$2:$F$1729,"Joy",Data!$D$2:$D$1729,C$4) | D27: =SUMIFS(Data!$H$2:$H$1729,Data!$B$2:$B$1729,$A27,Data!$F$2:$F$1729,"Joy",Data!$D$2:$D$1729,D$4) | E27: =SUMIFS(Data!$H$2:$H$1729,Data!$B$2:$B$1729,$A27,Data!$F$2:$F$1729,"Joy",Data!$D$2:$D$1729,E$4) | F27: =SUMIFS(Data!$H$2:$H$1729,Data!$B$2:$B$1729,$A27,Data!$F$2:$F$1729,"Joy",Data!$D$2:$D$1729,F$4) | G27: =SUMIFS(Data!$H$2:$H$1729,Data!$B$2:$B$1729,$A27,Data!$F$2:$F$1729,"Joy",Data!$D$2:$D$1729,G$4) | H27: =SUMIFS(Data!$H$2:$H$1729,Data!$B$2:$B$1729,$A27,Data!$F$2:$F$1729,"Joy",Data!$D$2:$D$1729,"Commercial") | I27: =AVERAGE(B27:G27) | J27: =_xlfn.RANK.AVG(B27,$B27:$G27,1) | K27: =_xlfn.RANK.AVG(C27,$B27:$G27,1) | L27: =_xlfn.RANK.AVG(D27,$B27:$G27,1) | M27: =_xlfn.RANK.AVG(E27,$B27:$G27,1) | N27: =_xlfn.RANK.AVG(F27,$B27:$G27,1) | O27: =_xlfn.RANK.AVG(G27,$B27:$G27,1) | P27: =SUMPRODUCT(COUNTIF($B27:$G27,$B27:$G27)^2-1) | R27: Kendall's W | S27: =S25/(S6*(S7-1)) | T27: =S25/(S6*(S7-1)) | U27: effect size for the Friedman test: chi-squared / (n (k - 1))
A28: V26 | B28: =SUMIFS(Data!$H$2:$H$1729,Data!$B$2:$B$1729,$A28,Data!$F$2:$F$1729,"Joy",Data!$D$2:$D$1729,B$4) | C28: =SUMIFS(Data!$H$2:$H$1729,Data!$B$2:$B$1729,$A28,Data!$F$2:$F$1729,"Joy",Data!$D$2:$D$1729,C$4) | D28: =SUMIFS(Data!$H$2:$H$1729,Data!$B$2:$B$1729,$A28,Data!$F$2:$F$1729,"Joy",Data!$D$2:$D$1729,D$4) | E28: =SUMIFS(Data!$H$2:$H$1729,Data!$B$2:$B$1729,$A28,Data!$F$2:$F$1729,"Joy",Data!$D$2:$D$1729,E$4) | F28: =SUMIFS(Data!$H$2:$H$1729,Data!$B$2:$B$1729,$A28,Data!$F$2:$F$1729,"Joy",Data!$D$2:$D$1729,F$4) | G28: =SUMIFS(Data!$H$2:$H$1729,Data!$B$2:$B$1729,$A28,Data!$F$2:$F$1729,"Joy",Data!$D$2:$D$1729,G$4) | H28: =SUMIFS(Data!$H$2:$H$1729,Data!$B$2:$B$1729,$A28,Data!$F$2:$F$1729,"Joy",Data!$D$2:$D$1729,"Commercial") | I28: =AVERAGE(B28:G28) | J28: =_xlfn.RANK.AVG(B28,$B28:$G28,1) | K28: =_xlfn.RANK.AVG(C28,$B28:$G28,1) | L28: =_xlfn.RANK.AVG(D28,$B28:$G28,1) | M28: =_xlfn.RANK.AVG(E28,$B28:$G28,1) | N28: =_xlfn.RANK.AVG(F28,$B28:$G28,1) | O28: =_xlfn.RANK.AVG(G28,$B28:$G28,1) | P28: =SUMPRODUCT(COUNTIF($B28:$G28,$B28:$G28)^2-1)
A29: V27 | B29: =SUMIFS(Data!$H$2:$H$1729,Data!$B$2:$B$1729,$A29,Data!$F$2:$F$1729,"Joy",Data!$D$2:$D$1729,B$4) | C29: =SUMIFS(Data!$H$2:$H$1729,Data!$B$2:$B$1729,$A29,Data!$F$2:$F$1729,"Joy",Data!$D$2:$D$1729,C$4) | D29: =SUMIFS(Data!$H$2:$H$1729,Data!$B$2:$B$1729,$A29,Data!$F$2:$F$1729,"Joy",Data!$D$2:$D$1729,D$4) | E29: =SUMIFS(Data!$H$2:$H$1729,Data!$B$2:$B$1729,$A29,Data!$F$2:$F$1729,"Joy",Data!$D$2:$D$1729,E$4) | F29: =SUMIFS(Data!$H$2:$H$1729,Data!$B$2:$B$1729,$A29,Data!$F$2:$F$1729,"Joy",Data!$D$2:$D$1729,F$4) | G29: =SUMIFS(Data!$H$2:$H$1729,Data!$B$2:$B$1729,$A29,Data!$F$2:$F$1729,"Joy",Data!$D$2:$D$1729,G$4) | H29: =SUMIFS(Data!$H$2:$H$1729,Data!$B$2:$B$1729,$A29,Data!$F$2:$F$1729,"Joy",Data!$D$2:$D$1729,"Commercial") | I29: =AVERAGE(B29:G29) | J29: =_xlfn.RANK.AVG(B29,$B29:$G29,1) | K29: =_xlfn.RANK.AVG(C29,$B29:$G29,1) | L29: =_xlfn.RANK.AVG(D29,$B29:$G29,1) | M29: =_xlfn.RANK.AVG(E29,$B29:$G29,1) | N29: =_xlfn.RANK.AVG(F29,$B29:$G29,1) | O29: =_xlfn.RANK.AVG(G29,$B29:$G29,1) | P29: =SUMPRODUCT(COUNTIF($B29:$G29,$B29:$G29)^2-1) | R29: Contrasts: a late bin against the mean of Bin_01 to Bin_04 (no multiplicity adjustment here)
A30: V28 | B30: =SUMIFS(Data!$H$2:$H$1729,Data!$B$2:$B$1729,$A30,Data!$F$2:$F$1729,"Joy",Data!$D$2:$D$1729,B$4) | C30: =SUMIFS(Data!$H$2:$H$1729,Data!$B$2:$B$1729,$A30,Data!$F$2:$F$1729,"Joy",Data!$D$2:$D$1729,C$4) | D30: =SUMIFS(Data!$H$2:$H$1729,Data!$B$2:$B$1729,$A30,Data!$F$2:$F$1729,"Joy",Data!$D$2:$D$1729,D$4) | E30: =SUMIFS(Data!$H$2:$H$1729,Data!$B$2:$B$1729,$A30,Data!$F$2:$F$1729,"Joy",Data!$D$2:$D$1729,E$4) | F30: =SUMIFS(Data!$H$2:$H$1729,Data!$B$2:$B$1729,$A30,Data!$F$2:$F$1729,"Joy",Data!$D$2:$D$1729,F$4) | G30: =SUMIFS(Data!$H$2:$H$1729,Data!$B$2:$B$1729,$A30,Data!$F$2:$F$1729,"Joy",Data!$D$2:$D$1729,G$4) | H30: =SUMIFS(Data!$H$2:$H$1729,Data!$B$2:$B$1729,$A30,Data!$F$2:$F$1729,"Joy",Data!$D$2:$D$1729,"Commercial") | I30: =AVERAGE(B30:G30) | J30: =_xlfn.RANK.AVG(B30,$B30:$G30,1) | K30: =_xlfn.RANK.AVG(C30,$B30:$G30,1) | L30: =_xlfn.RANK.AVG(D30,$B30:$G30,1) | M30: =_xlfn.RANK.AVG(E30,$B30:$G30,1) | N30: =_xlfn.RANK.AVG(F30,$B30:$G30,1) | O30: =_xlfn.RANK.AVG(G30,$B30:$G30,1) | P30: =SUMPRODUCT(COUNTIF($B30:$G30,$B30:$G30)^2-1) | R30: Bin_05 minus mean(Bin_01..Bin_04) (percentage points) | S30: =F41-AVERAGE(B41:E41) | T30: =F41-AVERAGE(B41:E41) | U30: difference of the bin means
A31: V29 | B31: =SUMIFS(Data!$H$2:$H$1729,Data!$B$2:$B$1729,$A31,Data!$F$2:$F$1729,"Joy",Data!$D$2:$D$1729,B$4) | C31: =SUMIFS(Data!$H$2:$H$1729,Data!$B$2:$B$1729,$A31,Data!$F$2:$F$1729,"Joy",Data!$D$2:$D$1729,C$4) | D31: =SUMIFS(Data!$H$2:$H$1729,Data!$B$2:$B$1729,$A31,Data!$F$2:$F$1729,"Joy",Data!$D$2:$D$1729,D$4) | E31: =SUMIFS(Data!$H$2:$H$1729,Data!$B$2:$B$1729,$A31,Data!$F$2:$F$1729,"Joy",Data!$D$2:$D$1729,E$4) | F31: =SUMIFS(Data!$H$2:$H$1729,Data!$B$2:$B$1729,$A31,Data!$F$2:$F$1729,"Joy",Data!$D$2:$D$1729,F$4) | G31: =SUMIFS(Data!$H$2:$H$1729,Data!$B$2:$B$1729,$A31,Data!$F$2:$F$1729,"Joy",Data!$D$2:$D$1729,G$4) | H31: =SUMIFS(Data!$H$2:$H$1729,Data!$B$2:$B$1729,$A31,Data!$F$2:$F$1729,"Joy",Data!$D$2:$D$1729,"Commercial") | I31: =AVERAGE(B31:G31) | J31: =_xlfn.RANK.AVG(B31,$B31:$G31,1) | K31: =_xlfn.RANK.AVG(C31,$B31:$G31,1) | L31: =_xlfn.RANK.AVG(D31,$B31:$G31,1) | M31: =_xlfn.RANK.AVG(E31,$B31:$G31,1) | N31: =_xlfn.RANK.AVG(F31,$B31:$G31,1) | O31: =_xlfn.RANK.AVG(G31,$B31:$G31,1) | P31: =SUMPRODUCT(COUNTIF($B31:$G31,$B31:$G31)^2-1) | R31: SE of the contrast | S31: =SQRT(S16*1.25/S6) | T31: =SQRT(S16*1.25/S6) | U31: sqrt(MS error x sum of squared weights / n); the weights are 1 and four of -1/4, sum of squares 1.25
A32: V30 | B32: =SUMIFS(Data!$H$2:$H$1729,Data!$B$2:$B$1729,$A32,Data!$F$2:$F$1729,"Joy",Data!$D$2:$D$1729,B$4) | C32: =SUMIFS(Data!$H$2:$H$1729,Data!$B$2:$B$1729,$A32,Data!$F$2:$F$1729,"Joy",Data!$D$2:$D$1729,C$4) | D32: =SUMIFS(Data!$H$2:$H$1729,Data!$B$2:$B$1729,$A32,Data!$F$2:$F$1729,"Joy",Data!$D$2:$D$1729,D$4) | E32: =SUMIFS(Data!$H$2:$H$1729,Data!$B$2:$B$1729,$A32,Data!$F$2:$F$1729,"Joy",Data!$D$2:$D$1729,E$4) | F32: =SUMIFS(Data!$H$2:$H$1729,Data!$B$2:$B$1729,$A32,Data!$F$2:$F$1729,"Joy",Data!$D$2:$D$1729,F$4) | G32: =SUMIFS(Data!$H$2:$H$1729,Data!$B$2:$B$1729,$A32,Data!$F$2:$F$1729,"Joy",Data!$D$2:$D$1729,G$4) | H32: =SUMIFS(Data!$H$2:$H$1729,Data!$B$2:$B$1729,$A32,Data!$F$2:$F$1729,"Joy",Data!$D$2:$D$1729,"Commercial") | I32: =AVERAGE(B32:G32) | J32: =_xlfn.RANK.AVG(B32,$B32:$G32,1) | K32: =_xlfn.RANK.AVG(C32,$B32:$G32,1) | L32: =_xlfn.RANK.AVG(D32,$B32:$G32,1) | M32: =_xlfn.RANK.AVG(E32,$B32:$G32,1) | N32: =_xlfn.RANK.AVG(F32,$B32:$G32,1) | O32: =_xlfn.RANK.AVG(G32,$B32:$G32,1) | P32: =SUMPRODUCT(COUNTIF($B32:$G32,$B32:$G32)^2-1) | R32: t | S32: =S30/S31 | T32: =S30/S31
A33: V31 | B33: =SUMIFS(Data!$H$2:$H$1729,Data!$B$2:$B$1729,$A33,Data!$F$2:$F$1729,"Joy",Data!$D$2:$D$1729,B$4) | C33: =SUMIFS(Data!$H$2:$H$1729,Data!$B$2:$B$1729,$A33,Data!$F$2:$F$1729,"Joy",Data!$D$2:$D$1729,C$4) | D33: =SUMIFS(Data!$H$2:$H$1729,Data!$B$2:$B$1729,$A33,Data!$F$2:$F$1729,"Joy",Data!$D$2:$D$1729,D$4) | E33: =SUMIFS(Data!$H$2:$H$1729,Data!$B$2:$B$1729,$A33,Data!$F$2:$F$1729,"Joy",Data!$D$2:$D$1729,E$4) | F33: =SUMIFS(Data!$H$2:$H$1729,Data!$B$2:$B$1729,$A33,Data!$F$2:$F$1729,"Joy",Data!$D$2:$D$1729,F$4) | G33: =SUMIFS(Data!$H$2:$H$1729,Data!$B$2:$B$1729,$A33,Data!$F$2:$F$1729,"Joy",Data!$D$2:$D$1729,G$4) | H33: =SUMIFS(Data!$H$2:$H$1729,Data!$B$2:$B$1729,$A33,Data!$F$2:$F$1729,"Joy",Data!$D$2:$D$1729,"Commercial") | I33: =AVERAGE(B33:G33) | J33: =_xlfn.RANK.AVG(B33,$B33:$G33,1) | K33: =_xlfn.RANK.AVG(C33,$B33:$G33,1) | L33: =_xlfn.RANK.AVG(D33,$B33:$G33,1) | M33: =_xlfn.RANK.AVG(E33,$B33:$G33,1) | N33: =_xlfn.RANK.AVG(F33,$B33:$G33,1) | O33: =_xlfn.RANK.AVG(G33,$B33:$G33,1) | P33: =SUMPRODUCT(COUNTIF($B33:$G33,$B33:$G33)^2-1) | R33: p, two tailed | S33: =_xlfn.T.DIST.2T(ABS(S32),S14) | T33: =T.DIST.2T(ABS(S32),S14)
A34: V32 | B34: =SUMIFS(Data!$H$2:$H$1729,Data!$B$2:$B$1729,$A34,Data!$F$2:$F$1729,"Joy",Data!$D$2:$D$1729,B$4) | C34: =SUMIFS(Data!$H$2:$H$1729,Data!$B$2:$B$1729,$A34,Data!$F$2:$F$1729,"Joy",Data!$D$2:$D$1729,C$4) | D34: =SUMIFS(Data!$H$2:$H$1729,Data!$B$2:$B$1729,$A34,Data!$F$2:$F$1729,"Joy",Data!$D$2:$D$1729,D$4) | E34: =SUMIFS(Data!$H$2:$H$1729,Data!$B$2:$B$1729,$A34,Data!$F$2:$F$1729,"Joy",Data!$D$2:$D$1729,E$4) | F34: =SUMIFS(Data!$H$2:$H$1729,Data!$B$2:$B$1729,$A34,Data!$F$2:$F$1729,"Joy",Data!$D$2:$D$1729,F$4) | G34: =SUMIFS(Data!$H$2:$H$1729,Data!$B$2:$B$1729,$A34,Data!$F$2:$F$1729,"Joy",Data!$D$2:$D$1729,G$4) | H34: =SUMIFS(Data!$H$2:$H$1729,Data!$B$2:$B$1729,$A34,Data!$F$2:$F$1729,"Joy",Data!$D$2:$D$1729,"Commercial") | I34: =AVERAGE(B34:G34) | J34: =_xlfn.RANK.AVG(B34,$B34:$G34,1) | K34: =_xlfn.RANK.AVG(C34,$B34:$G34,1) | L34: =_xlfn.RANK.AVG(D34,$B34:$G34,1) | M34: =_xlfn.RANK.AVG(E34,$B34:$G34,1) | N34: =_xlfn.RANK.AVG(F34,$B34:$G34,1) | O34: =_xlfn.RANK.AVG(G34,$B34:$G34,1) | P34: =SUMPRODUCT(COUNTIF($B34:$G34,$B34:$G34)^2-1) | R34: Bin_06 minus mean(Bin_01..Bin_04) (percentage points) | S34: =G41-AVERAGE(B41:E41) | T34: =G41-AVERAGE(B41:E41)
R35: SE of the contrast | S35: =SQRT(S16*1.25/S6) | T35: =SQRT(S16*1.25/S6)
R36: t | S36: =S34/S35 | T36: =S34/S35
A37: Viewers (n) | B37: =COUNTIFS(Data!$F$2:$F$1729,"Joy",Data!$D$2:$D$1729,B$4,Data!$L$2:$L$1729,"Yes") | C37: =COUNTIFS(Data!$F$2:$F$1729,"Joy",Data!$D$2:$D$1729,C$4,Data!$L$2:$L$1729,"Yes") | D37: =COUNTIFS(Data!$F$2:$F$1729,"Joy",Data!$D$2:$D$1729,D$4,Data!$L$2:$L$1729,"Yes") | E37: =COUNTIFS(Data!$F$2:$F$1729,"Joy",Data!$D$2:$D$1729,E$4,Data!$L$2:$L$1729,"Yes") | F37: =COUNTIFS(Data!$F$2:$F$1729,"Joy",Data!$D$2:$D$1729,F$4,Data!$L$2:$L$1729,"Yes") | G37: =COUNTIFS(Data!$F$2:$F$1729,"Joy",Data!$D$2:$D$1729,G$4,Data!$L$2:$L$1729,"Yes") | R37: p, two tailed | S37: =_xlfn.T.DIST.2T(ABS(S36),S14) | T37: =T.DIST.2T(ABS(S36),S14)
A38: Viewers with Joy present | B38: =COUNTIFS(Data!$F$2:$F$1729,"Joy",Data!$D$2:$D$1729,B$4,Data!$L$2:$L$1729,"Yes",Data!$H$2:$H$1729,">0") | C38: =COUNTIFS(Data!$F$2:$F$1729,"Joy",Data!$D$2:$D$1729,C$4,Data!$L$2:$L$1729,"Yes",Data!$H$2:$H$1729,">0") | D38: =COUNTIFS(Data!$F$2:$F$1729,"Joy",Data!$D$2:$D$1729,D$4,Data!$L$2:$L$1729,"Yes",Data!$H$2:$H$1729,">0") | E38: =COUNTIFS(Data!$F$2:$F$1729,"Joy",Data!$D$2:$D$1729,E$4,Data!$L$2:$L$1729,"Yes",Data!$H$2:$H$1729,">0") | F38: =COUNTIFS(Data!$F$2:$F$1729,"Joy",Data!$D$2:$D$1729,F$4,Data!$L$2:$L$1729,"Yes",Data!$H$2:$H$1729,">0") | G38: =COUNTIFS(Data!$F$2:$F$1729,"Joy",Data!$D$2:$D$1729,G$4,Data!$L$2:$L$1729,"Yes",Data!$H$2:$H$1729,">0")
A39: Proportion with Joy present | B39: =B38/B37 | C39: =C38/C37 | D39: =D38/D37 | E39: =E38/E37 | F39: =F38/F37 | G39: =G38/G37 | R39: Checks
A40: Percent of viewers with Joy present | B40: =100*B39 | C40: =100*C39 | D40: =100*D39 | E40: =100*E39 | F40: =100*F39 | G40: =100*G39 | R40: Largest gap between Commercial Joy and the mean of the six bins (percentage points) | S40: =SUMPRODUCT(MAX(ABS(H5:H34-I5:I34))) | T40: =SUMPRODUCT(MAX(ABS(H5:H34-I5:I34))) | U40: the bins tile the commercial; any gap is rounding only
A41: Mean Joy (%) | B41: =AVERAGE(B5:B34) | C41: =AVERAGE(C5:C34) | D41: =AVERAGE(D5:D34) | E41: =AVERAGE(E5:E34) | F41: =AVERAGE(F5:F34) | G41: =AVERAGE(G5:G34) | R41: Rank sums add up to n k (k + 1) / 2 | S41: =SUM(B44:G44)-S6*S7*(S7+1)/2 | T41: =SUM(B44:G44)-S6*S7*(S7+1)/2 | U41: must be 0
A42: SD (%) | B42: =_xlfn.STDEV.S(B5:B34) | C42: =_xlfn.STDEV.S(C5:C34) | D42: =_xlfn.STDEV.S(D5:D34) | E42: =_xlfn.STDEV.S(E5:E34) | F42: =_xlfn.STDEV.S(F5:F34) | G42: =_xlfn.STDEV.S(G5:G34)
A43: 95% CI half width | B43: =_xlfn.CONFIDENCE.T(0.05,B42,B37) | C43: =_xlfn.CONFIDENCE.T(0.05,C42,C37) | D43: =_xlfn.CONFIDENCE.T(0.05,D42,D37) | E43: =_xlfn.CONFIDENCE.T(0.05,E42,E37) | F43: =_xlfn.CONFIDENCE.T(0.05,F42,F37) | G43: =_xlfn.CONFIDENCE.T(0.05,G42,G37)
A44: Friedman rank sum | B44: =SUM(J5:J34) | C44: =SUM(K5:K34) | D44: =SUM(L5:L34) | E44: =SUM(M5:M34) | F44: =SUM(N5:N34) | G44: =SUM(O5:O34)

Sheet H3
A1: H3. Positive Valence Percent of time present (Commercial) and Ad_liking_1to7. SIMULATED data.
A3: Respondent Name | B3: Gender | C3: Age | D3: Ad_liking_1to7 | E3: Brand_attitude_1to7 | F3: Would_share_Yes_No | G3: Keep | H3: Positive Valence during the Commercial (%) | I3: Rank of Ad_liking_1to7 | J3: Rank of Positive Valence (%) | L3: Statistic | M3: Value | N3: Formula shown | O3: Note
A4: V01 | B4: F | C4: 31 | D4: 5 | E4: 6 | F4: Yes | G4: =IF(INDEX(Data!$K$2:$K$1729,MATCH($A4,Data!$B$2:$B$1729,0))>=80,"Yes","No") | H4: =SUMIFS(Data!$H$2:$H$1729,Data!$B$2:$B$1729,$A4,Data!$F$2:$F$1729,"Positive Valence",Data!$D$2:$D$1729,"Commercial") | I4: =_xlfn.RANK.AVG(D4,$D$4:$D$33,1) | J4: =_xlfn.RANK.AVG(H4,$H$4:$H$33,1) | L4: Descriptives (kept respondents)
A5: V02 | B5: M | C5: 25 | D5: 3 | E5: 2 | F5: No | G5: =IF(INDEX(Data!$K$2:$K$1729,MATCH($A5,Data!$B$2:$B$1729,0))>=80,"Yes","No") | H5: =SUMIFS(Data!$H$2:$H$1729,Data!$B$2:$B$1729,$A5,Data!$F$2:$F$1729,"Positive Valence",Data!$D$2:$D$1729,"Commercial") | I5: =_xlfn.RANK.AVG(D5,$D$4:$D$33,1) | J5: =_xlfn.RANK.AVG(H5,$H$4:$H$33,1) | L5: n (kept respondents) | M5: =COUNT(H4:H33) | N5: =COUNT(H4:H33)
A6: V03 | B6: F | C6: 32 | D6: 7 | E6: 7 | F6: Yes | G6: =IF(INDEX(Data!$K$2:$K$1729,MATCH($A6,Data!$B$2:$B$1729,0))>=80,"Yes","No") | H6: =SUMIFS(Data!$H$2:$H$1729,Data!$B$2:$B$1729,$A6,Data!$F$2:$F$1729,"Positive Valence",Data!$D$2:$D$1729,"Commercial") | I6: =_xlfn.RANK.AVG(D6,$D$4:$D$33,1) | J6: =_xlfn.RANK.AVG(H6,$H$4:$H$33,1) | L6: Positive Valence mean (%) | M6: =AVERAGE(H4:H33) | N6: =AVERAGE(H4:H33)
A7: V04 | B7: F | C7: 25 | D7: 5 | E7: 5 | F7: No | G7: =IF(INDEX(Data!$K$2:$K$1729,MATCH($A7,Data!$B$2:$B$1729,0))>=80,"Yes","No") | H7: =SUMIFS(Data!$H$2:$H$1729,Data!$B$2:$B$1729,$A7,Data!$F$2:$F$1729,"Positive Valence",Data!$D$2:$D$1729,"Commercial") | I7: =_xlfn.RANK.AVG(D7,$D$4:$D$33,1) | J7: =_xlfn.RANK.AVG(H7,$H$4:$H$33,1) | L7: Positive Valence SD (%) | M7: =_xlfn.STDEV.S(H4:H33) | N7: =STDEV.S(H4:H33)
A8: V05 | B8: F | C8: 25 | D8: 5 | E8: 5 | F8: No | G8: =IF(INDEX(Data!$K$2:$K$1729,MATCH($A8,Data!$B$2:$B$1729,0))>=80,"Yes","No") | H8: =SUMIFS(Data!$H$2:$H$1729,Data!$B$2:$B$1729,$A8,Data!$F$2:$F$1729,"Positive Valence",Data!$D$2:$D$1729,"Commercial") | I8: =_xlfn.RANK.AVG(D8,$D$4:$D$33,1) | J8: =_xlfn.RANK.AVG(H8,$H$4:$H$33,1) | L8: Ad_liking_1to7 mean | M8: =AVERAGE(D4:D33) | N8: =AVERAGE(D4:D33)
A9: V06 | B9: F | C9: 25 | D9: 4 | E9: 5 | F9: No | G9: =IF(INDEX(Data!$K$2:$K$1729,MATCH($A9,Data!$B$2:$B$1729,0))>=80,"Yes","No") | H9: =SUMIFS(Data!$H$2:$H$1729,Data!$B$2:$B$1729,$A9,Data!$F$2:$F$1729,"Positive Valence",Data!$D$2:$D$1729,"Commercial") | I9: =_xlfn.RANK.AVG(D9,$D$4:$D$33,1) | J9: =_xlfn.RANK.AVG(H9,$H$4:$H$33,1) | L9: Ad_liking_1to7 SD | M9: =_xlfn.STDEV.S(D4:D33) | N9: =STDEV.S(D4:D33)
A10: V08 | B10: M | C10: 21 | D10: 5 | E10: 4 | F10: No | G10: =IF(INDEX(Data!$K$2:$K$1729,MATCH($A10,Data!$B$2:$B$1729,0))>=80,"Yes","No") | H10: =SUMIFS(Data!$H$2:$H$1729,Data!$B$2:$B$1729,$A10,Data!$F$2:$F$1729,"Positive Valence",Data!$D$2:$D$1729,"Commercial") | I10: =_xlfn.RANK.AVG(D10,$D$4:$D$33,1) | J10: =_xlfn.RANK.AVG(H10,$H$4:$H$33,1)
A11: V09 | B11: M | C11: 21 | D11: 5 | E11: 5 | F11: Yes | G11: =IF(INDEX(Data!$K$2:$K$1729,MATCH($A11,Data!$B$2:$B$1729,0))>=80,"Yes","No") | H11: =SUMIFS(Data!$H$2:$H$1729,Data!$B$2:$B$1729,$A11,Data!$F$2:$F$1729,"Positive Valence",Data!$D$2:$D$1729,"Commercial") | I11: =_xlfn.RANK.AVG(D11,$D$4:$D$33,1) | J11: =_xlfn.RANK.AVG(H11,$H$4:$H$33,1) | L11: Pearson correlation
A12: V10 | B12: M | C12: 29 | D12: 5 | E12: 2 | F12: Yes | G12: =IF(INDEX(Data!$K$2:$K$1729,MATCH($A12,Data!$B$2:$B$1729,0))>=80,"Yes","No") | H12: =SUMIFS(Data!$H$2:$H$1729,Data!$B$2:$B$1729,$A12,Data!$F$2:$F$1729,"Positive Valence",Data!$D$2:$D$1729,"Commercial") | I12: =_xlfn.RANK.AVG(D12,$D$4:$D$33,1) | J12: =_xlfn.RANK.AVG(H12,$H$4:$H$33,1) | L12: Pearson r (CORREL) | M12: =CORREL(H4:H33,D4:D33) | N12: =CORREL(H4:H33,D4:D33) | O12: Pearson r of the two columns
A13: V11 | B13: F | C13: 22 | D13: 4 | E13: 5 | F13: No | G13: =IF(INDEX(Data!$K$2:$K$1729,MATCH($A13,Data!$B$2:$B$1729,0))>=80,"Yes","No") | H13: =SUMIFS(Data!$H$2:$H$1729,Data!$B$2:$B$1729,$A13,Data!$F$2:$F$1729,"Positive Valence",Data!$D$2:$D$1729,"Commercial") | I13: =_xlfn.RANK.AVG(D13,$D$4:$D$33,1) | J13: =_xlfn.RANK.AVG(H13,$H$4:$H$33,1) | L13: t for r | M13: =M12*SQRT((M5-2)/(1-M12^2)) | N13: =M12*SQRT((M5-2)/(1-M12^2)) | O13: t = r sqrt((n - 2) / (1 - r^2))
A14: V12 | B14: M | C14: 32 | D14: 5 | E14: 6 | F14: No | G14: =IF(INDEX(Data!$K$2:$K$1729,MATCH($A14,Data!$B$2:$B$1729,0))>=80,"Yes","No") | H14: =SUMIFS(Data!$H$2:$H$1729,Data!$B$2:$B$1729,$A14,Data!$F$2:$F$1729,"Positive Valence",Data!$D$2:$D$1729,"Commercial") | I14: =_xlfn.RANK.AVG(D14,$D$4:$D$33,1) | J14: =_xlfn.RANK.AVG(H14,$H$4:$H$33,1) | L14: df | M14: =M5-2 | N14: =M5-2
A15: V13 | B15: F | C15: 27 | D15: 4 | E15: 6 | F15: No | G15: =IF(INDEX(Data!$K$2:$K$1729,MATCH($A15,Data!$B$2:$B$1729,0))>=80,"Yes","No") | H15: =SUMIFS(Data!$H$2:$H$1729,Data!$B$2:$B$1729,$A15,Data!$F$2:$F$1729,"Positive Valence",Data!$D$2:$D$1729,"Commercial") | I15: =_xlfn.RANK.AVG(D15,$D$4:$D$33,1) | J15: =_xlfn.RANK.AVG(H15,$H$4:$H$33,1) | L15: p, two tailed | M15: =_xlfn.T.DIST.2T(ABS(M13),M14) | N15: =T.DIST.2T(ABS(M13),M14)
A16: V14 | B16: M | C16: 19 | D16: 6 | E16: 6 | F16: Yes | G16: =IF(INDEX(Data!$K$2:$K$1729,MATCH($A16,Data!$B$2:$B$1729,0))>=80,"Yes","No") | H16: =SUMIFS(Data!$H$2:$H$1729,Data!$B$2:$B$1729,$A16,Data!$F$2:$F$1729,"Positive Valence",Data!$D$2:$D$1729,"Commercial") | I16: =_xlfn.RANK.AVG(D16,$D$4:$D$33,1) | J16: =_xlfn.RANK.AVG(H16,$H$4:$H$33,1) | L16: r 95% CI lower (Fisher z) | M16: =TANH(ATANH(M12)-_xlfn.NORM.S.INV(0.975)/SQRT(M5-3)) | N16: =TANH(ATANH(M12)-NORM.S.INV(0.975)/SQRT(M5-3))
A17: V15 | B17: F | C17: 27 | D17: 7 | E17: 7 | F17: Yes | G17: =IF(INDEX(Data!$K$2:$K$1729,MATCH($A17,Data!$B$2:$B$1729,0))>=80,"Yes","No") | H17: =SUMIFS(Data!$H$2:$H$1729,Data!$B$2:$B$1729,$A17,Data!$F$2:$F$1729,"Positive Valence",Data!$D$2:$D$1729,"Commercial") | I17: =_xlfn.RANK.AVG(D17,$D$4:$D$33,1) | J17: =_xlfn.RANK.AVG(H17,$H$4:$H$33,1) | L17: r 95% CI upper (Fisher z) | M17: =TANH(ATANH(M12)+_xlfn.NORM.S.INV(0.975)/SQRT(M5-3)) | N17: =TANH(ATANH(M12)+NORM.S.INV(0.975)/SQRT(M5-3))
A18: V16 | B18: F | C18: 34 | D18: 6 | E18: 6 | F18: Yes | G18: =IF(INDEX(Data!$K$2:$K$1729,MATCH($A18,Data!$B$2:$B$1729,0))>=80,"Yes","No") | H18: =SUMIFS(Data!$H$2:$H$1729,Data!$B$2:$B$1729,$A18,Data!$F$2:$F$1729,"Positive Valence",Data!$D$2:$D$1729,"Commercial") | I18: =_xlfn.RANK.AVG(D18,$D$4:$D$33,1) | J18: =_xlfn.RANK.AVG(H18,$H$4:$H$33,1) | L18: Least squares slope (percentage points per liking point) | M18: =SLOPE(H4:H33,D4:D33) | N18: =SLOPE(H4:H33,D4:D33)
A19: V17 | B19: F | C19: 34 | D19: 2 | E19: 3 | F19: No | G19: =IF(INDEX(Data!$K$2:$K$1729,MATCH($A19,Data!$B$2:$B$1729,0))>=80,"Yes","No") | H19: =SUMIFS(Data!$H$2:$H$1729,Data!$B$2:$B$1729,$A19,Data!$F$2:$F$1729,"Positive Valence",Data!$D$2:$D$1729,"Commercial") | I19: =_xlfn.RANK.AVG(D19,$D$4:$D$33,1) | J19: =_xlfn.RANK.AVG(H19,$H$4:$H$33,1) | L19: Least squares intercept (%) | M19: =INTERCEPT(H4:H33,D4:D33) | N19: =INTERCEPT(H4:H33,D4:D33)
A20: V18 | B20: M | C20: 26 | D20: 5 | E20: 6 | F20: No | G20: =IF(INDEX(Data!$K$2:$K$1729,MATCH($A20,Data!$B$2:$B$1729,0))>=80,"Yes","No") | H20: =SUMIFS(Data!$H$2:$H$1729,Data!$B$2:$B$1729,$A20,Data!$F$2:$F$1729,"Positive Valence",Data!$D$2:$D$1729,"Commercial") | I20: =_xlfn.RANK.AVG(D20,$D$4:$D$33,1) | J20: =_xlfn.RANK.AVG(H20,$H$4:$H$33,1) | L20: R squared | M20: =RSQ(H4:H33,D4:D33) | N20: =RSQ(H4:H33,D4:D33)
A21: V20 | B21: M | C21: 24 | D21: 6 | E21: 3 | F21: Yes | G21: =IF(INDEX(Data!$K$2:$K$1729,MATCH($A21,Data!$B$2:$B$1729,0))>=80,"Yes","No") | H21: =SUMIFS(Data!$H$2:$H$1729,Data!$B$2:$B$1729,$A21,Data!$F$2:$F$1729,"Positive Valence",Data!$D$2:$D$1729,"Commercial") | I21: =_xlfn.RANK.AVG(D21,$D$4:$D$33,1) | J21: =_xlfn.RANK.AVG(H21,$H$4:$H$33,1)
A22: V21 | B22: F | C22: 21 | D22: 7 | E22: 6 | F22: Yes | G22: =IF(INDEX(Data!$K$2:$K$1729,MATCH($A22,Data!$B$2:$B$1729,0))>=80,"Yes","No") | H22: =SUMIFS(Data!$H$2:$H$1729,Data!$B$2:$B$1729,$A22,Data!$F$2:$F$1729,"Positive Valence",Data!$D$2:$D$1729,"Commercial") | I22: =_xlfn.RANK.AVG(D22,$D$4:$D$33,1) | J22: =_xlfn.RANK.AVG(H22,$H$4:$H$33,1) | L22: Spearman correlation (Pearson r of the average ranks)
A23: V22 | B23: F | C23: 45 | D23: 4 | E23: 5 | F23: No | G23: =IF(INDEX(Data!$K$2:$K$1729,MATCH($A23,Data!$B$2:$B$1729,0))>=80,"Yes","No") | H23: =SUMIFS(Data!$H$2:$H$1729,Data!$B$2:$B$1729,$A23,Data!$F$2:$F$1729,"Positive Valence",Data!$D$2:$D$1729,"Commercial") | I23: =_xlfn.RANK.AVG(D23,$D$4:$D$33,1) | J23: =_xlfn.RANK.AVG(H23,$H$4:$H$33,1) | L23: Spearman rho | M23: =CORREL(I4:I33,J4:J33) | N23: =CORREL(I4:I33,J4:J33) | O23: RANK.AVG gives tied values the average rank, as R does
A24: V23 | B24: F | C24: 34 | D24: 7 | E24: 6 | F24: Yes | G24: =IF(INDEX(Data!$K$2:$K$1729,MATCH($A24,Data!$B$2:$B$1729,0))>=80,"Yes","No") | H24: =SUMIFS(Data!$H$2:$H$1729,Data!$B$2:$B$1729,$A24,Data!$F$2:$F$1729,"Positive Valence",Data!$D$2:$D$1729,"Commercial") | I24: =_xlfn.RANK.AVG(D24,$D$4:$D$33,1) | J24: =_xlfn.RANK.AVG(H24,$H$4:$H$33,1) | L24: t for rho | M24: =M23*SQRT((M5-2)/(1-M23^2)) | N24: =M23*SQRT((M5-2)/(1-M23^2)) | O24: the t approximation that R uses when there are ties
A25: V24 | B25: M | C25: 29 | D25: 5 | E25: 5 | F25: Yes | G25: =IF(INDEX(Data!$K$2:$K$1729,MATCH($A25,Data!$B$2:$B$1729,0))>=80,"Yes","No") | H25: =SUMIFS(Data!$H$2:$H$1729,Data!$B$2:$B$1729,$A25,Data!$F$2:$F$1729,"Positive Valence",Data!$D$2:$D$1729,"Commercial") | I25: =_xlfn.RANK.AVG(D25,$D$4:$D$33,1) | J25: =_xlfn.RANK.AVG(H25,$H$4:$H$33,1) | L25: p, two tailed | M25: =_xlfn.T.DIST.2T(ABS(M24),M5-2) | N25: =T.DIST.2T(ABS(M24),M5-2)
A26: V25 | B26: F | C26: 28 | D26: 4 | E26: 3 | F26: No | G26: =IF(INDEX(Data!$K$2:$K$1729,MATCH($A26,Data!$B$2:$B$1729,0))>=80,"Yes","No") | H26: =SUMIFS(Data!$H$2:$H$1729,Data!$B$2:$B$1729,$A26,Data!$F$2:$F$1729,"Positive Valence",Data!$D$2:$D$1729,"Commercial") | I26: =_xlfn.RANK.AVG(D26,$D$4:$D$33,1) | J26: =_xlfn.RANK.AVG(H26,$H$4:$H$33,1) | L26: rho 95% CI lower (Bonett and Wright) | M26: =TANH(ATANH(M23)-_xlfn.NORM.S.INV(0.975)*SQRT((1+M23^2/2)/(M5-3))) | N26: =TANH(ATANH(M23)-NORM.S.INV(0.975)*SQRT((1+M23^2/2)/(M5-3)))
A27: V26 | B27: M | C27: 25 | D27: 5 | E27: 4 | F27: No | G27: =IF(INDEX(Data!$K$2:$K$1729,MATCH($A27,Data!$B$2:$B$1729,0))>=80,"Yes","No") | H27: =SUMIFS(Data!$H$2:$H$1729,Data!$B$2:$B$1729,$A27,Data!$F$2:$F$1729,"Positive Valence",Data!$D$2:$D$1729,"Commercial") | I27: =_xlfn.RANK.AVG(D27,$D$4:$D$33,1) | J27: =_xlfn.RANK.AVG(H27,$H$4:$H$33,1) | L27: rho 95% CI upper (Bonett and Wright) | M27: =TANH(ATANH(M23)+_xlfn.NORM.S.INV(0.975)*SQRT((1+M23^2/2)/(M5-3))) | N27: =TANH(ATANH(M23)+NORM.S.INV(0.975)*SQRT((1+M23^2/2)/(M5-3)))
A28: V27 | B28: M | C28: 24 | D28: 7 | E28: 5 | F28: Yes | G28: =IF(INDEX(Data!$K$2:$K$1729,MATCH($A28,Data!$B$2:$B$1729,0))>=80,"Yes","No") | H28: =SUMIFS(Data!$H$2:$H$1729,Data!$B$2:$B$1729,$A28,Data!$F$2:$F$1729,"Positive Valence",Data!$D$2:$D$1729,"Commercial") | I28: =_xlfn.RANK.AVG(D28,$D$4:$D$33,1) | J28: =_xlfn.RANK.AVG(H28,$H$4:$H$33,1)
A29: V28 | B29: F | C29: 31 | D29: 5 | E29: 5 | F29: No | G29: =IF(INDEX(Data!$K$2:$K$1729,MATCH($A29,Data!$B$2:$B$1729,0))>=80,"Yes","No") | H29: =SUMIFS(Data!$H$2:$H$1729,Data!$B$2:$B$1729,$A29,Data!$F$2:$F$1729,"Positive Valence",Data!$D$2:$D$1729,"Commercial") | I29: =_xlfn.RANK.AVG(D29,$D$4:$D$33,1) | J29: =_xlfn.RANK.AVG(H29,$H$4:$H$33,1) | L29: Checks
A30: V29 | B30: F | C30: 30 | D30: 7 | E30: 7 | F30: Yes | G30: =IF(INDEX(Data!$K$2:$K$1729,MATCH($A30,Data!$B$2:$B$1729,0))>=80,"Yes","No") | H30: =SUMIFS(Data!$H$2:$H$1729,Data!$B$2:$B$1729,$A30,Data!$F$2:$F$1729,"Positive Valence",Data!$D$2:$D$1729,"Commercial") | I30: =_xlfn.RANK.AVG(D30,$D$4:$D$33,1) | J30: =_xlfn.RANK.AVG(H30,$H$4:$H$33,1) | L30: Kept respondents in the Keep column | M30: =COUNTIF(G4:G35,"Yes") | N30: =COUNTIF(G4:G35,"Yes") | O30: must equal n
A31: V30 | B31: M | C31: 24 | D31: 3 | E31: 2 | F31: No | G31: =IF(INDEX(Data!$K$2:$K$1729,MATCH($A31,Data!$B$2:$B$1729,0))>=80,"Yes","No") | H31: =SUMIFS(Data!$H$2:$H$1729,Data!$B$2:$B$1729,$A31,Data!$F$2:$F$1729,"Positive Valence",Data!$D$2:$D$1729,"Commercial") | I31: =_xlfn.RANK.AVG(D31,$D$4:$D$33,1) | J31: =_xlfn.RANK.AVG(H31,$H$4:$H$33,1) | L31: Rows listed in the roster flagged Yes | M31: =COUNTIF(G4:G33,"Yes") | N31: =COUNTIF(G4:G33,"Yes") | O31: must equal n; the excluded rows sit below the roster
A32: V31 | B32: M | C32: 29 | D32: 6 | E32: 5 | F32: Yes | G32: =IF(INDEX(Data!$K$2:$K$1729,MATCH($A32,Data!$B$2:$B$1729,0))>=80,"Yes","No") | H32: =SUMIFS(Data!$H$2:$H$1729,Data!$B$2:$B$1729,$A32,Data!$F$2:$F$1729,"Positive Valence",Data!$D$2:$D$1729,"Commercial") | I32: =_xlfn.RANK.AVG(D32,$D$4:$D$33,1) | J32: =_xlfn.RANK.AVG(H32,$H$4:$H$33,1)
A33: V32 | B33: F | C33: 23 | D33: 6 | E33: 5 | F33: Yes | G33: =IF(INDEX(Data!$K$2:$K$1729,MATCH($A33,Data!$B$2:$B$1729,0))>=80,"Yes","No") | H33: =SUMIFS(Data!$H$2:$H$1729,Data!$B$2:$B$1729,$A33,Data!$F$2:$F$1729,"Positive Valence",Data!$D$2:$D$1729,"Commercial") | I33: =_xlfn.RANK.AVG(D33,$D$4:$D$33,1) | J33: =_xlfn.RANK.AVG(H33,$H$4:$H$33,1)
A34: V07 | B34: F | C34: 25 | D34: 4 | E34: 4 | F34: No | G34: =IF(INDEX(Data!$K$2:$K$1729,MATCH($A34,Data!$B$2:$B$1729,0))>=80,"Yes","No") | H34: =SUMIFS(Data!$H$2:$H$1729,Data!$B$2:$B$1729,$A34,Data!$F$2:$F$1729,"Positive Valence",Data!$D$2:$D$1729,"Commercial")
A35: V19 | B35: M | C35: 30 | D35: 6 | E35: 4 | F35: No | G35: =IF(INDEX(Data!$K$2:$K$1729,MATCH($A35,Data!$B$2:$B$1729,0))>=80,"Yes","No") | H35: =SUMIFS(Data!$H$2:$H$1729,Data!$B$2:$B$1729,$A35,Data!$F$2:$F$1729,"Positive Valence",Data!$D$2:$D$1729,"Commercial")
A37: Rows 4 to 33 are the 30 kept respondents; the excluded respondents (V07, V19) are listed last (rows 34 to 35) and left out of every test range and rank range.

Sheet Check
A1: Live Excel results next to the values analysis.R produced (SIMULATED data). Status is OK when they agree within the tolerance.
A3: Quantity | B3: Excel (live formula) | C3: analysis.R | D3: Difference | E3: Tolerance | F3: Status
A4: H1 Joy: mean Baseline (%) | B4: ='H1'!L6 | C4: 1.606 | D4: =B4-C4 | E4: 0.0001 | F4: =IF(ABS(D4)<=E4,"OK","CHECK")
A5: H1 Joy: mean Commercial (%) | B5: ='H1'!L8 | C5: 10.365333 | D5: =B5-C5 | E5: 0.0001 | F5: =IF(ABS(D5)<=E5,"OK","CHECK")
A6: H1 Joy: n pairs | B6: ='H1'!L10 | C6: 30 | D6: =B6-C6 | E6: 1e-09 | F6: =IF(ABS(D6)<=E6,"OK","CHECK")
A7: H1 Joy: mean difference | B7: ='H1'!L11 | C7: 8.759333 | D7: =B7-C7 | E7: 0.0001 | F7: =IF(ABS(D7)<=E7,"OK","CHECK")
A8: H1 Joy: mean difference CI lower | B8: ='H1'!L19 | C8: 4.339579 | D8: =B8-C8 | E8: 0.0001 | F8: =IF(ABS(D8)<=E8,"OK","CHECK")
A9: H1 Joy: mean difference CI upper | B9: ='H1'!L20 | C9: 13.179087 | D9: =B9-C9 | E9: 0.0001 | F9: =IF(ABS(D9)<=E9,"OK","CHECK")
A10: H1 Joy: paired t | B10: ='H1'!L14 | C10: 4.053359 | D10: =B10-C10 | E10: 0.0001 | F10: =IF(ABS(D10)<=E10,"OK","CHECK")
A11: H1 Joy: df | B11: ='H1'!L15 | C11: 29 | D11: =B11-C11 | E11: 1e-09 | F11: =IF(ABS(D11)<=E11,"OK","CHECK")
A12: H1 Joy: p (T.TEST type 1) | B12: ='H1'!L16 | C12: 0.000346 | D12: =B12-C12 | E12: 1.74e-07 | F12: =IF(ABS(D12)<=E12,"OK","CHECK")
A13: H1 Joy: Cohen's d_z | B13: ='H1'!L21 | C13: 0.740039 | D13: =B13-C13 | E13: 0.0001 | F13: =IF(ABS(D13)<=E13,"OK","CHECK")
A14: H1 Joy: d_z CI lower (method differs) | B14: ='H1'!L23 | C14: 0.330068 | D14: =B14-C14 | E14: 0.1 | F14: =IF(ABS(D14)<=E14,"OK","CHECK") | G14: Excel: large sample approximation; R: noncentral t
A15: H1 Joy: d_z CI upper (method differs) | B15: ='H1'!L24 | C15: 1.140004 | D15: =B15-C15 | E15: 0.1 | F15: =IF(ABS(D15)<=E15,"OK","CHECK") | G15: Excel: large sample approximation; R: noncentral t
A16: H1 Joy: viewers with Joy, Baseline | B16: ='H1'!L28 | C16: 8 | D16: =B16-C16 | E16: 1e-09 | F16: =IF(ABS(D16)<=E16,"OK","CHECK")
A17: H1 Joy: viewers with Joy, Commercial | B17: ='H1'!L29 | C17: 25 | D17: =B17-C17 | E17: 1e-09 | F17: =IF(ABS(D17)<=E17,"OK","CHECK")
A18: H1 Joy: exact McNemar p | B18: ='H1'!L34 | C18: 7.629e-05 | D18: =B18-C18 | E18: 3.9145e-08 | F18: =IF(ABS(D18)<=E18,"OK","CHECK")
A19: H1 Joy: Wilcoxon V | B19: ='H1'!L41 | C19: 331 | D19: =B19-C19 | E19: 1e-06 | F19: =IF(ABS(D19)<=E19,"OK","CHECK")
A20: H1 Joy: Wilcoxon p | B20: ='H1'!L48 | C20: 8.261e-05 | D20: =B20-C20 | E20: 4.2305e-08 | F20: =IF(ABS(D20)<=E20,"OK","CHECK")
A21: H1 Joy: rank biserial correlation | B21: ='H1'!L49 | C21: 0.88604 | D21: =B21-C21 | E21: 0.0001 | F21: =IF(ABS(D21)<=E21,"OK","CHECK")
A22: H2 Joy by bin: F | B22: ='Bins'!S17 | C22: 8.524304 | D22: =B22-C22 | E22: 0.0001 | F22: =IF(ABS(D22)<=E22,"OK","CHECK")
A23: H2 Joy by bin: denominator df | B23: ='Bins'!S14 | C23: 145 | D23: =B23-C23 | E23: 1e-06 | F23: =IF(ABS(D23)<=E23,"OK","CHECK")
A24: H2 Joy by bin: p | B24: ='Bins'!S18 | C24: 4.251e-07 | D24: =B24-C24 | E24: 1.21255e-09 | F24: =IF(ABS(D24)<=E24,"OK","CHECK")
A25: H2 Joy by bin: ICC adjusted | B25: ='Bins'!S20 | C25: 0.431271 | D25: =B25-C25 | E25: 0.0001 | F25: =IF(ABS(D25)<=E25,"OK","CHECK")
A26: H2 Friedman chi-squared | B26: ='Bins'!S25 | C26: 34.682663 | D26: =B26-C26 | E26: 0.0001 | F26: =IF(ABS(D26)<=E26,"OK","CHECK")
A27: H2 Friedman p | B27: ='Bins'!S26 | C27: 1.741e-06 | D27: =B27-C27 | E27: 1.8705e-09 | F27: =IF(ABS(D27)<=E27,"OK","CHECK")
A28: H2 Kendall's W | B28: ='Bins'!S27 | C28: 0.231218 | D28: =B28-C28 | E28: 0.0001 | F28: =IF(ABS(D28)<=E28,"OK","CHECK")
A29: H2 contrast Bin_05 minus Bin_01..04: estimate | B29: ='Bins'!S30 | C29: 18.256083 | D29: =B29-C29 | E29: 0.0001 | F29: =IF(ABS(D29)<=E29,"OK","CHECK")
A30: H2 contrast Bin_05 minus Bin_01..04: t | B30: ='Bins'!S32 | C30: 6.339375 | D30: =B30-C30 | E30: 0.001 | F30: =IF(ABS(D30)<=E30,"OK","CHECK")
A31: H2 contrast Bin_06 minus Bin_01..04: estimate | B31: ='Bins'!S34 | C31: 7.333417 | D31: =B31-C31 | E31: 0.0001 | F31: =IF(ABS(D31)<=E31,"OK","CHECK")
A32: H2 contrast Bin_06 minus Bin_01..04: t | B32: ='Bins'!S36 | C32: 2.546509 | D32: =B32-C32 | E32: 0.001 | F32: =IF(ABS(D32)<=E32,"OK","CHECK")
A33: H2 Bin_01: proportion of viewers with Joy present | B33: =Bins!B39 | C33: 0.233333 | D33: =B33-C33 | E33: 1e-06 | F33: =IF(ABS(D33)<=E33,"OK","CHECK")
A34: H2 Bin_02: proportion of viewers with Joy present | B34: =Bins!C39 | C34: 0.266667 | D34: =B34-C34 | E34: 1e-06 | F34: =IF(ABS(D34)<=E34,"OK","CHECK")
A35: H2 Bin_03: proportion of viewers with Joy present | B35: =Bins!D39 | C35: 0.233333 | D35: =B35-C35 | E35: 1e-06 | F35: =IF(ABS(D35)<=E35,"OK","CHECK")
A36: H2 Bin_04: proportion of viewers with Joy present | B36: =Bins!E39 | C36: 0.3 | D36: =B36-C36 | E36: 1e-06 | F36: =IF(ABS(D36)<=E36,"OK","CHECK")
A37: H2 Bin_05: proportion of viewers with Joy present | B37: =Bins!F39 | C37: 0.666667 | D37: =B37-C37 | E37: 1e-06 | F37: =IF(ABS(D37)<=E37,"OK","CHECK")
A38: H2 Bin_06: proportion of viewers with Joy present | B38: =Bins!G39 | C38: 0.533333 | D38: =B38-C38 | E38: 1e-06 | F38: =IF(ABS(D38)<=E38,"OK","CHECK")
A39: H2 Bin_01: mean Joy (%) | B39: =Bins!B41 | C39: 4.833667 | D39: =B39-C39 | E39: 0.0001 | F39: =IF(ABS(D39)<=E39,"OK","CHECK")
A40: H2 Bin_02: mean Joy (%) | B40: =Bins!C41 | C40: 7.733 | D40: =B40-C40 | E40: 0.0001 | F40: =IF(ABS(D40)<=E40,"OK","CHECK")
A41: H2 Bin_03: mean Joy (%) | B41: =Bins!D41 | C41: 6.422 | D41: =B41-C41 | E41: 0.0001 | F41: =IF(ABS(D41)<=E41,"OK","CHECK")
A42: H2 Bin_04: mean Joy (%) | B42: =Bins!E41 | C42: 5.411 | D42: =B42-C42 | E42: 0.0001 | F42: =IF(ABS(D42)<=E42,"OK","CHECK")
A43: H2 Bin_05: mean Joy (%) | B43: =Bins!F41 | C43: 24.356 | D43: =B43-C43 | E43: 0.0001 | F43: =IF(ABS(D43)<=E43,"OK","CHECK")
A44: H2 Bin_06: mean Joy (%) | B44: =Bins!G41 | C44: 13.433333 | D44: =B44-C44 | E44: 0.0001 | F44: =IF(ABS(D44)<=E44,"OK","CHECK")
A45: H3 Pearson r | B45: ='H3'!M12 | C45: 0.454838 | D45: =B45-C45 | E45: 0.0001 | F45: =IF(ABS(D45)<=E45,"OK","CHECK")
A46: H3 Pearson: t | B46: ='H3'!M13 | C46: 2.7025 | D46: =B46-C46 | E46: 0.001 | F46: =IF(ABS(D46)<=E46,"OK","CHECK")
A47: H3 Pearson: p | B47: ='H3'!M15 | C47: 0.01156 | D47: =B47-C47 | E47: 5.781e-06 | F47: =IF(ABS(D47)<=E47,"OK","CHECK")
A48: H3 Pearson: CI lower | B48: ='H3'!M16 | C48: 0.113102 | D48: =B48-C48 | E48: 0.0001 | F48: =IF(ABS(D48)<=E48,"OK","CHECK")
A49: H3 Pearson: CI upper | B49: ='H3'!M17 | C49: 0.700346 | D49: =B49-C49 | E49: 0.0001 | F49: =IF(ABS(D49)<=E49,"OK","CHECK")
A50: H3 Spearman rho | B50: ='H3'!M23 | C50: 0.414595 | D50: =B50-C50 | E50: 0.0001 | F50: =IF(ABS(D50)<=E50,"OK","CHECK")
A51: H3 Spearman: t | B51: ='H3'!M24 | C51: 2.410788 | D51: =B51-C51 | E51: 0.001 | F51: =IF(ABS(D51)<=E51,"OK","CHECK")
A52: H3 Spearman: p | B52: ='H3'!M25 | C52: 0.02273 | D52: =B52-C52 | E52: 1.1366e-05 | F52: =IF(ABS(D52)<=E52,"OK","CHECK")
A53: H3 Spearman: CI lower (Bonett and Wright) | B53: ='H3'!M26 | C53: 0.04804 | D53: =B53-C53 | E53: 0.0001 | F53: =IF(ABS(D53)<=E53,"OK","CHECK")
A54: H3 Spearman: CI upper (Bonett and Wright) | B54: ='H3'!M27 | C54: 0.682734 | D54: =B54-C54 | E54: 0.0001 | F54: =IF(ABS(D54)<=E54,"OK","CHECK")
A55: H3 least squares slope | B55: ='H3'!M18 | C55: 4.976645 | D55: =B55-C55 | E55: 0.0001 | F55: =IF(ABS(D55)<=E55,"OK","CHECK")
A57: Rows with status CHECK | B57: =COUNTIF(F4:F55,"CHECK")
A58: Not reproducible in Excel: the mixed model's random intercept estimates and Satterthwaite output (the F test above is its balanced design equivalent), the Hodges-Lehmann estimate, the noncentral t interval for d_z, the exact Clopper-Pearson intervals for the proportions, the square root model, and the threshold 25 and 75 sensitivity runs. See analysis_output.txt.
A60: analysis.R: tests (SIMULATED_test_results.csv)
A61: hypothesis | B61: analysis | C61: quantity | D61: estimate | E61: ci_low | F61: ci_high | G61: statistic | H61: df | I61: p | J61: n
A62: H1 threshold 50 | B62: Descriptive | C62: Baseline mean Percent of time present | D62: 1.606 | E62: NA | F62: NA | G62: NA | H62: NA | I62: NA | J62: 30
A63: H1 threshold 50 | B63: Descriptive | C63: Commercial mean Percent of time present | D63: 10.365333 | E63: NA | F63: NA | G63: NA | H63: NA | I63: NA | J63: 30
A64: H1 threshold 50 | B64: Descriptive | C64: Viewers with any Joy, Baseline | D64: 8 | E64: NA | F64: NA | G64: NA | H64: NA | I64: NA | J64: 30
A65: H1 threshold 50 | B65: Descriptive | C65: Viewers with any Joy, Commercial | D65: 25 | E65: NA | F65: NA | G65: NA | H65: NA | I65: NA | J65: 30
A66: H1 threshold 50 | B66: Exact McNemar test | C66: Joy present only at Baseline versus only during the Commercial | D66: 17 | E66: NA | F66: NA | G66: NA | H66: NA | I66: 7.629e-05 | J66: 30
A67: H1 threshold 50 | B67: Wilcoxon signed rank (primary) | C67: V (sum of positive ranks) | D67: NA | E67: NA | F67: NA | G67: 331 | H67: NA | I67: 8.261e-05 | J67: 26
A68: H1 threshold 50 | B68: Wilcoxon signed rank (primary) | C68: Matched pairs rank biserial correlation | D68: 0.88604 | E68: NA | F68: NA | G68: NA | H68: NA | I68: NA | J68: 26
A69: H1 threshold 50 | B69: Wilcoxon signed rank (primary) | C69: Hodges-Lehmann median difference | D69: 8.360068 | E69: 4.475048 | F69: 13.639941 | G69: NA | H69: NA | I69: NA | J69: 26
A70: H1 threshold 50 | B70: Paired t test | C70: Mean difference (Commercial minus Baseline) | D70: 8.759333 | E70: 4.339579 | F70: 13.179087 | G70: 4.053359 | H70: 29 | I70: 0.000346 | J70: 30
A71: H1 threshold 50 | B71: Paired t test | C71: Cohen's d_z | D71: 0.740039 | E71: 0.330068 | F71: 1.140004 | G71: NA | H71: NA | I71: NA | J71: 30
A72: H1 sensitivity threshold 25 | B72: Descriptive | C72: Baseline mean Percent of time present | D72: 3.439333 | E72: NA | F72: NA | G72: NA | H72: NA | I72: NA | J72: 30
A73: H1 sensitivity threshold 25 | B73: Descriptive | C73: Commercial mean Percent of time present | D73: 17.755333 | E73: NA | F73: NA | G73: NA | H73: NA | I73: NA | J73: 30
A74: H1 sensitivity threshold 25 | B74: Descriptive | C74: Viewers with any Joy, Baseline | D74: 13 | E74: NA | F74: NA | G74: NA | H74: NA | I74: NA | J74: 30
A75: H1 sensitivity threshold 25 | B75: Descriptive | C75: Viewers with any Joy, Commercial | D75: 28 | E75: NA | F75: NA | G75: NA | H75: NA | I75: NA | J75: 30
A76: H1 sensitivity threshold 25 | B76: Exact McNemar test | C76: Joy present only at Baseline versus only during the Commercial | D76: 15 | E76: NA | F76: NA | G76: NA | H76: NA | I76: 6.104e-05 | J76: 30
A77: H1 sensitivity threshold 25 | B77: Wilcoxon signed rank (primary) | C77: V (sum of positive ranks) | D77: NA | E77: NA | F77: NA | G77: 389 | H77: NA | I77: 2.399e-05 | J77: 28
A78: H1 sensitivity threshold 25 | B78: Wilcoxon signed rank (primary) | C78: Matched pairs rank biserial correlation | D78: 0.916256 | E78: NA | F78: NA | G78: NA | H78: NA | I78: NA | J78: 28
A79: H1 sensitivity threshold 25 | B79: Wilcoxon signed rank (primary) | C79: Hodges-Lehmann median difference | D79: 13.63734 | E79: 7.694974 | F79: 21.30505 | G79: NA | H79: NA | I79: NA | J79: 28
A80: H1 sensitivity threshold 25 | B80: Paired t test | C80: Mean difference (Commercial minus Baseline) | D80: 14.316 | E80: 8.347916 | F80: 20.284084 | G80: 4.906014 | H80: 29 | I80: 3.294e-05 | J80: 30
A81: H1 sensitivity threshold 25 | B81: Paired t test | C81: Cohen's d_z | D81: 0.895712 | E81: 0.465096 | F81: 1.315295 | G81: NA | H81: NA | I81: NA | J81: 30
A82: H1 sensitivity threshold 75 | B82: Descriptive | C82: Baseline mean Percent of time present | D82: 0.561333 | E82: NA | F82: NA | G82: NA | H82: NA | I82: NA | J82: 30
A83: H1 sensitivity threshold 75 | B83: Descriptive | C83: Commercial mean Percent of time present | D83: 4.210667 | E83: NA | F83: NA | G83: NA | H83: NA | I83: NA | J83: 30
A84: H1 sensitivity threshold 75 | B84: Descriptive | C84: Viewers with any Joy, Baseline | D84: 7 | E84: NA | F84: NA | G84: NA | H84: NA | I84: NA | J84: 30
A85: H1 sensitivity threshold 75 | B85: Descriptive | C85: Viewers with any Joy, Commercial | D85: 18 | E85: NA | F85: NA | G85: NA | H85: NA | I85: NA | J85: 30
A86: H1 sensitivity threshold 75 | B86: Exact McNemar test | C86: Joy present only at Baseline versus only during the Commercial | D86: 11 | E86: NA | F86: NA | G86: NA | H86: NA | I86: 0.003418 | J86: 30
A87: H1 sensitivity threshold 75 | B87: Wilcoxon signed rank (primary) | C87: V (sum of positive ranks) | D87: NA | E87: NA | F87: NA | G87: 183.5 | H87: NA | I87: 0.0003971 | J87: 19
A88: H1 sensitivity threshold 75 | B88: Wilcoxon signed rank (primary) | C88: Matched pairs rank biserial correlation | D88: 0.931579 | E88: NA | F88: NA | G88: NA | H88: NA | I88: NA | J88: 19
A89: H1 sensitivity threshold 75 | B89: Wilcoxon signed rank (primary) | C89: Hodges-Lehmann median difference | D89: 4.173724 | E89: 2.080001 | F89: 7.695007 | G89: NA | H89: NA | I89: NA | J89: 19
A90: H1 sensitivity threshold 75 | B90: Paired t test | C90: Mean difference (Commercial minus Baseline) | D90: 3.649333 | E90: 1.27693 | F90: 6.021737 | G90: 3.14606 | H90: 29 | I90: 0.003807 | J90: 30
A91: H1 sensitivity threshold 75 | B91: Paired t test | C91: Cohen's d_z | D91: 0.574389 | E91: 0.18323 | F91: 0.957071 | G91: NA | H91: NA | I91: NA | J91: 30
A92: H2 | B92: Mixed model pct ~ bin + (1 | respondent) | C92: Bin factor F test | D92: NA | E92: NA | F92: NA | G92: 8.524304 | H92: 145 | I92: 4.251e-07 | J92: 30
A93: H2 | B93: Mixed model pct ~ bin + (1 | respondent) | C93: ICC adjusted | D93: 0.431271 | E93: NA | F93: NA | G93: NA | H93: NA | I93: NA | J93: 30
A94: H2 | B94: Contrast (Satterthwaite) | C94: Bin_05 minus mean(Bin_01..Bin_04) | D94: 18.256083 | E94: 12.56429 | F94: 23.947877 | G94: 6.339375 | H94: 145 | I94: 2.751e-09 | J94: 30
A95: H2 | B95: Contrast (Satterthwaite) | C95: Bin_06 minus mean(Bin_01..Bin_04) | D95: 7.333417 | E95: 1.641623 | F95: 13.02521 | G95: 2.546509 | H95: 145 | I95: 0.01192 | J95: 30
A96: H2 | B96: Mixed model on sqrt(percent) | C96: Bin factor F test | D96: NA | E96: NA | F96: NA | G96: 9.095109 | H96: 145 | I96: 1.526e-07 | J96: 30
A97: H2 | B97: Friedman test | C97: Chi-squared | D97: NA | E97: NA | F97: NA | G97: 34.682663 | H97: 5 | I97: 1.741e-06 | J97: 30
A98: H2 | B98: Friedman test | C98: Kendall's W | D98: 0.231218 | E98: NA | F98: NA | G98: NA | H98: NA | I98: NA | J98: 30
A99: H2 | B99: Proportion of viewers with Joy present | C99: Bin_01: proportion with Joy present | D99: 0.233333 | E99: 0.099338 | F99: 0.422837 | G99: NA | H99: NA | I99: NA | J99: 30
A100: H2 | B100: Proportion of viewers with Joy present | C100: Bin_02: proportion with Joy present | D100: 0.266667 | E100: 0.122795 | F100: 0.458894 | G100: NA | H100: NA | I100: NA | J100: 30
A101: H2 | B101: Proportion of viewers with Joy present | C101: Bin_03: proportion with Joy present | D101: 0.233333 | E101: 0.099338 | F101: 0.422837 | G101: NA | H101: NA | I101: NA | J101: 30
A102: H2 | B102: Proportion of viewers with Joy present | C102: Bin_04: proportion with Joy present | D102: 0.3 | E102: 0.147345 | F102: 0.493959 | G102: NA | H102: NA | I102: NA | J102: 30
A103: H2 | B103: Proportion of viewers with Joy present | C103: Bin_05: proportion with Joy present | D103: 0.666667 | E103: 0.47188 | F103: 0.827126 | G103: NA | H103: NA | I103: NA | J103: 30
...
