Workbook

Sheet README
A1: SIMULATED ad test workbook (teaching material)
A3: Every number in this workbook is SIMULATED. It was generated by make_simulated_data.py (seed 20268242) to
A4: resemble a two commercial test in the style of the iMotions demonstration study DEMO - SonyBravia:
A5: each respondent watched BOTH commercials (Commercial_1_Balls, Commercial_2_Paint, 60 s each) on a
A6: monitor with the Smart Eye Aurora tracker. No real viewer was recorded.
A8: Sheets:
A9: Data Individual AOI metrics export as imported (rows 2 to 241). NA is kept as text, as iMotions writes it.
A10: Helper columns Z to AD: Keep (Valid data >= 70), Position (first or second viewing),
A11: Dwell_pct_clean (NA counts as 0), Fixated (1 or 0), Fix_count_clean (NA counts as 0).
A12: Summary Mean, SD, n by AOI and commercial, built with COUNTIFS, AVERAGEIFS, STDEV.S(IF(...)).
A13: ProductTV H1. One row per kept respondent; paired t test (T.TEST type 1), hand computed t, d_z, CI;
A14: simple order effect estimate.
... A27: analysis_output.txt (its console output), results_text.md (model paragraphs).

Sheet Data
A1: Study Name | B1: Respondent Name | C1: Gender | D1: Age | E1: Group | F1: Session Date | G1: Stimulus | H1: AOI Name | I1: Stimulus duration | J1: AOI duration (ms) | K1: AOI duration (%) | L1: Valid data | M1: Gaze Hit time AOI (ms) | N1: Gaze Dwell count | O1: Gaze Dwell time (ms) | P1: Dwells with fixations | Q1: Revisit count | R1: Fixation count | S1: TTFF AOI (ms) | T1: TTFF parent (ms) | U1: TTFF max. (ms) | V1: Dwell time (ms) | W1: Dwell time (%) | X1: Fixation duration (ms) | Y1: First fixation duration (ms) | Z1: Keep | AA1: Position | AB1: Dwell_pct_clean | AC1: Fixated | AD1: Fix_count_clean
A2: SIMULATED_AdTest_Balls_vs_Paint | B2: R01 | C2: F | D2: 45 | E2: A | F2: 2026-10-19 | G2: Commercial_1_Balls | H2: Product_TV | I2: 60000 | J2: 14000 | K2: 23.33 | L2: 92.6 | M2: 932 | N2: 2 | O2: 3122 | P2: 1 | Q2: 0 | R2: 9 | S2: 1068 | T2: 13068 | U2: 13068 | V2: 2730 | W2: 19.5 | X2: 303 | Y2: 282 | Z2: =IF(L2>=70,"Yes","No") | AA2: =IF(OR(AND(E2="A",G2="Commercial_1_Balls"),AND(E2="B",G2="Commercial_2_Paint")),"first","second") | AB2: =IF(ISNUMBER(W2),W2,0) | AC2: =IF(ISNUMBER(S2),1,0) | AD2: =IF(ISNUMBER(R2),R2,0)
A3: SIMULATED_AdTest_Balls_vs_Paint | B3: R01 | C3: F | D3: 45 | E3: A | F3: 2026-10-19 | G3: Commercial_1_Balls | H3: Brand_Logo | I3: 60000 | J3: 5000 | K3: 8.33 | L3: 92.6 | M3: 530 | N3: 1 | O3: 2164 | P3: 1 | Q3: 0 | R3: 4 | S3: 766 | T3: 55766 | U3: 55766 | V3: 1903 | W3: 38.06 | X3: 476 | Y3: 228 | Z3: =IF(L3>=70,"Yes","No") | AA3: =IF(OR(AND(E3="A",G3="Commercial_1_Balls"),AND(E3="B",G3="Commercial_2_Paint")),"first","second") | AB3: =IF(ISNUMBER(W3),W3,0) | AC3: =IF(ISNUMBER(S3),1,0) | AD3: =IF(ISNUMBER(R3),R3,0)
A4: SIMULATED_AdTest_Balls_vs_Paint | B4: R01 | C4: F | D4: 45 | E4: A | F4: 2026-10-19 | G4: Commercial_1_Balls | H4: Tagline_Text | I4: 60000 | J4: 4000 | K4: 6.67 | L4: 92.6 | M4: 783 | N4: 2 | O4: 861 | P4: 1 | Q4: 0 | R4: 2 | S4: 1081 | T4: 57081 | U4: 57081 | V4: 784 | W4: 19.6 | X4: 392 | Y4: 266 | Z4: =IF(L4>=70,"Yes","No") | AA4: =IF(OR(AND(E4="A",G4="Commercial_1_Balls"),AND(E4="B",G4="Commercial_2_Paint")),"first","second") | AB4: =IF(ISNUMBER(W4),W4,0) | AC4: =IF(ISNUMBER(S4),1,0) | AD4: =IF(ISNUMBER(R4),R4,0)
A5: SIMULATED_AdTest_Balls_vs_Paint | B5: R01 | C5: F | D5: 45 | E5: A | F5: 2026-10-19 | G5: Commercial_1_Balls | H5: Hero_Element | I5: 60000 | J5: 40000 | K5: 66.67 | L5: 92.6 | M5: 347 | N5: 2 | O5: 20787 | P5: 2 | Q5: 1 | R5: 83 | S5: 589 | T5: 2589 | U5: 2589 | V5: 19068 | W5: 47.67 | X5: 230 | Y5: 273 | Z5: =IF(L5>=70,"Yes","No") | AA5: =IF(OR(AND(E5="A",G5="Commercial_1_Balls"),AND(E5="B",G5="Commercial_2_Paint")),"first","second") | AB5: =IF(ISNUMBER(W5),W5,0) | AC5: =IF(ISNUMBER(S5),1,0) | AD5: =IF(ISNUMBER(R5),R5,0)
A6: SIMULATED_AdTest_Balls_vs_Paint | B6: R01 | C6: F | D6: 45 | E6: A | F6: 2026-10-19 | G6: Commercial_2_Paint | H6: Product_TV | I6: 60000 | J6: 20000 | K6: 33.33 | L6: 92.6 | M6: 2119 | N6: 3 | O6: 5534 | P6: 2 | Q6: 1 | R6: 15 | S6: 2319 | T6: 11319 | U6: 11319 | V6: 4971 | W6: 24.86 | X6: 331 | Y6: 331 | Z6: =IF(L6>=70,"Yes","No") | AA6: =IF(OR(AND(E6="A",G6="Commercial_1_Balls"),AND(E6="B",G6="Commercial_2_Paint")),"first","second") | AB6: =IF(ISNUMBER(W6),W6,0) | AC6: =IF(ISNUMBER(S6),1,0) | AD6: =IF(ISNUMBER(R6),R6,0)
A7: SIMULATED_AdTest_Balls_vs_Paint | B7: R01 | C7: F | D7: 45 | E7: A | F7: 2026-10-19 | G7: Commercial_2_Paint | H7: Brand_Logo | I7: 60000 | J7: 5000 | K7: 8.33 | L7: 92.6 | M7: 646 | N7: 1 | O7: 2990 | P7: 1 | Q7: 0 | R7: 7 | S7: 920 | T7: 55920 | U7: 55920 | V7: 2690 | W7: 53.8 | X7: 384 | Y7: 210 | Z7: =IF(L7>=70,"Yes","No") | AA7: =IF(OR(AND(E7="A",G7="Commercial_1_Balls"),AND(E7="B",G7="Commercial_2_Paint")),"first","second") | AB7: =IF(ISNUMBER(W7),W7,0) | AC7: =IF(ISNUMBER(S7),1,0) | AD7: =IF(ISNUMBER(R7),R7,0)
A8: SIMULATED_AdTest_Balls_vs_Paint | B8: R01 | C8: F | D8: 45 | E8: A | F8: 2026-10-19 | G8: Commercial_2_Paint | H8: Tagline_Text | I8: 60000 | J8: 4000 | K8: 6.67 | L8: 92.6 | M8: 680 | N8: 1 | O8: 957 | P8: 1 | Q8: 0 | R8: 4 | S8: 821 | T8: 56821 | U8: 56821 | V8: 928 | W8: 23.2 | X8: 232 | Y8: 201 | Z8: =IF(L8>=70,"Yes","No") | AA8: =IF(OR(AND(E8="A",G8="Commercial_1_Balls"),AND(E8="B",G8="Commercial_2_Paint")),"first","second") | AB8: =IF(ISNUMBER(W8),W8,0) | AC8: =IF(ISNUMBER(S8),1,0) | AD8: =IF(ISNUMBER(R8),R8,0)
A9: SIMULATED_AdTest_Balls_vs_Paint | B9: R01 | C9: F | D9: 45 | E9: A | F9: 2026-10-19 | G9: Commercial_2_Paint | H9: Hero_Element | I9: 60000 | J9: 32000 | K9: 53.33 | L9: 92.6 | M9: 386 | N9: 3 | O9: 19378 | P9: 3 | Q9: 2 | R9: 55 | S9: 591 | T9: 3591 | U9: 3591 | V9: 17821 | W9: 55.69 | X9: 324 | Y9: 192 | Z9: =IF(L9>=70,"Yes","No") | AA9: =IF(OR(AND(E9="A",G9="Commercial_1_Balls"),AND(E9="B",G9="Commercial_2_Paint")),"first","second") | AB9: =IF(ISNUMBER(W9),W9,0) | AC9: =IF(ISNUMBER(S9),1,0) | AD9: =IF(ISNUMBER(R9),R9,0)
A10: SIMULATED_AdTest_Balls_vs_Paint | B10: R02 | C10: M | D10: 22 | E10: B | F10: 2026-10-19 | G10: Commercial_1_Balls | H10: Product_TV | I10: 60000 | J10: 14000 | K10: 23.33 | L10: 90.1 | M10: 720 | N10: 2 | O10: 5195 | P10: 2 | Q10: 1 | R10: 22 | S10: 931 | T10: 12931 | U10: 12931 | V10: 4540 | W10: 32.43 | X10: 206 | Y10: 173 | Z10: =IF(L10>=70,"Yes","No") | AA10: =IF(OR(AND(E10="A",G10="Commercial_1_Balls"),AND(E10="B",G10="Commercial_2_Paint")),"first","second") | AB10: =IF(ISNUMBER(W10),W10,0) | AC10: =IF(ISNUMBER(S10),1,0) | AD10: =IF(ISNUMBER(R10),R10,0)
A11: SIMULATED_AdTest_Balls_vs_Paint | B11: R02 | C11: M | D11: 22 | E11: B | F11: 2026-10-19 | G11: Commercial_1_Balls | H11: Brand_Logo | I11: 60000 | J11: 5000 | K11: 8.33 | L11: 90.1 | M11: 542 | N11: 1 | O11: 1766 | P11: 1 | Q11: 0 | R11: 5 | S11: 785 | T11: 55785 | U11: 55785 | V11: 1548 | W11: 30.96 | X11: 310 | Y11: 419 | Z11: =IF(L11>=70,"Yes","No") | AA11: =IF(OR(AND(E11="A",G11="Commercial_1_Balls"),AND(E11="B",G11="Commercial_2_Paint")),"first","second") | AB11: =IF(ISNUMBER(W11),W11,0) | AC11: =IF(ISNUMBER(S11),1,0) | AD11: =IF(ISNUMBER(R11),R11,0)
A12: SIMULATED_AdTest_Balls_vs_Paint | B12: R02 | C12: M | D12: 22 | E12: B | F12: 2026-10-19 | G12: Commercial_1_Balls | H12: Tagline_Text | I12: 60000 | J12: 4000 | K12: 6.67 | L12: 90.1 | M12: 1316 | N12: 3 | O12: 1410 | P12: 2 | Q12: 1 | R12: 4 | S12: 1582 | T12: 57582 | U12: 57582 | V12: 1276 | W12: 31.9 | X12: 319 | Y12: 245 | Z12: =IF(L12>=70,"Yes","No") | AA12: =IF(OR(AND(E12="A",G12="Commercial_1_Balls"),AND(E12="B",G12="Commercial_2_Paint")),"first","second") | AB12: =IF(ISNUMBER(W12),W12,0) | AC12: =IF(ISNUMBER(S12),1,0) | AD12: =IF(ISNUMBER(R12),R12,0)
A13: SIMULATED_AdTest_Balls_vs_Paint | B13: R02 | C13: M | D13: 22 | E13: B | F13: 2026-10-19 | G13: Commercial_1_Balls | H13: Hero_Element | I13: 60000 | J13: 40000 | K13: 66.67 | L13: 90.1 | M13: 333 | N13: 7 | O13: 17025 | P13: 6 | Q13: 5 | R13: 50 | S13: 469 | T13: 2469 | U13: 2469 | V13: 15561 | W13: 38.9 | X13: 311 | Y13: 128 | Z13: =IF(L13>=70,"Yes","No") | AA13: =IF(OR(AND(E13="A",G13="Commercial_1_Balls"),AND(E13="B",G13="Commercial_2_Paint")),"first","second") | AB13: =IF(ISNUMBER(W13),W13,0) | AC13: =IF(ISNUMBER(S13),1,0) | AD13: =IF(ISNUMBER(R13),R13,0)
... A55: SIMULATED_AdTest_Balls_vs_Paint | B55: R07 | C55: F | D55: 26 | E55: A | F55: 2026-10-19 | G55: Commercial_2_Paint | H55: Brand_Logo | I55: 60000 | J55: 5000 | K55: 8.33 | L55: 92.3 | M55: 513 | N55: 2 | O55: 1477 | P55: 2 | Q55: 1 | R55: 3 | S55: 675 | T55: 55675 | U55: 55675 | V55: 1427 | W55: 28.54 | X55: 476 | Y55: 267 | Z55: =IF(L55>=70,"Yes","No") | AA55: =IF(OR(AND(E55="A",G55="Commercial_1_Balls"),AND(E55="B",G55="Commercial_2_Paint")),"first","second") | AB55: =IF(ISNUMBER(W55),W55,0) | AC55: =IF(ISNUMBER(S55),1,0) | AD55: =IF(ISNUMBER(R55),R55,0)
A56: SIMULATED_AdTest_Balls_vs_Paint | B56: R07 | C56: F | D56: 26 | E56: A | F56: 2026-10-19 | G56: Commercial_2_Paint | H56: Tagline_Text | I56: 60000 | J56: 4000 | K56: 6.67 | L56: 92.3 | M56: NA | N56: NA | O56: NA | P56: NA | Q56: NA | R56: NA | S56: NA | T56: NA | U56: 60000 | V56: NA | W56: NA | X56: NA | Y56: NA | Z56: =IF(L56>=70,"Yes","No") | AA56: =IF(OR(AND(E56="A",G56="Commercial_1_Balls"),AND(E56="B",G56="Commercial_2_Paint")),"first","second") | AB56: =IF(ISNUMBER(W56),W56,0) | AC56: =IF(ISNUMBER(S56),1,0) | AD56: =IF(ISNUMBER(R56),R56,0)
A57: SIMULATED_AdTest_Balls_vs_Paint | B57: R07 | C57: F | D57: 26 | E57: A | F57: 2026-10-19 | G57: Commercial_2_Paint | H57: Hero_Element | I57: 60000 | J57: 32000 | K57: 53.33 | L57: 92.3 | M57: 778 | N57: 4 | O57: 14329 | P57: 4 | Q57: 3 | R57: 43 | S57: 933 | T57: 3933 | U57: 3933 | V57: 13856 | W57: 43.3 | X57: 322 | Y57: 286 | Z57: =IF(L57>=70,"Yes","No") | AA57: =IF(OR(AND(E57="A",G57="Commercial_1_Balls"),AND(E57="B",G57="Commercial_2_Paint")),"first","second") | AB57: =IF(ISNUMBER(W57),W57,0) | AC57: =IF(ISNUMBER(S57),1,0) | AD57: =IF(ISNUMBER(R57),R57,0)
A58: SIMULATED_AdTest_Balls_vs_Paint | B58: R08 | C58: F | D58: 38 | E58: B | F58: 2026-10-19 | G58: Commercial_1_Balls | H58: Product_TV | I58: 60000 | J58: 14000 | K58: 23.33 | L58: 98 | M58: 1176 | N58: 2 | O58: 4839 | P58: 2 | Q58: 1 | R58: 18 | S58: 1258 | T58: 13258 | U58: 13258 | V58: 4215 | W58: 30.11 | X58: 234 | Y58: 217 | Z58: =IF(L58>=70,"Yes","No") | AA58: =IF(OR(AND(E58="A",G58="Commercial_1_Balls"),AND(E58="B",G58="Commercial_2_Paint")),"first","second") | AB58: =IF(ISNUMBER(W58),W58,0) | AC58: =IF(ISNUMBER(S58),1,0) | AD58: =IF(ISNUMBER(R58),R58,0)
A59: SIMULATED_AdTest_Balls_vs_Paint | B59: R08 | C59: F | D59: 38 | E59: B | F59: 2026-10-19 | G59: Commercial_1_Balls | H59: Brand_Logo | I59: 60000 | J59: 5000 | K59: 8.33 | L59: 98 | M59: 368 | N59: 1 | O59: 2428 | P59: 1 | Q59: 0 | R59: 14 | S59: 581 | T59: 55581 | U59: 55581 | V59: 2306 | W59: 46.12 | X59: 165 | Y59: 199 | Z59: =IF(L59>=70,"Yes","No") | AA59: =IF(OR(AND(E59="A",G59="Commercial_1_Balls"),AND(E59="B",G59="Commercial_2_Paint")),"first","second") | AB59: =IF(ISNUMBER(W59),W59,0) | AC59: =IF(ISNUMBER(S59),1,0) | AD59: =IF(ISNUMBER(R59),R59,0)
A60: SIMULATED_AdTest_Balls_vs_Paint | B60: R08 | C60: F | D60: 38 | E60: B | F60: 2026-10-19 | G60: Commercial_1_Balls | H60: Tagline_Text | I60: 60000 | J60: 4000 | K60: 6.67 | L60: 98 | M60: 1080 | N60: 1 | O60: 1149 | P60: 1 | Q60: 0 | R60: 3 | S60: 1286 | T60: 57286 | U60: 57286 | V60: 1018 | W60: 25.45 | X60: 339 | Y60: 287 | Z60: =IF(L60>=70,"Yes","No") | AA60: =IF(OR(AND(E60="A",G60="Commercial_1_Balls"),AND(E60="B",G60="Commercial_2_Paint")),"first","second") | AB60: =IF(ISNUMBER(W60),W60,0) | AC60: =IF(ISNUMBER(S60),1,0) | AD60: =IF(ISNUMBER(R60),R60,0)
A61: SIMULATED_AdTest_Balls_vs_Paint | B61: R08 | C61: F | D61: 38 | E61: B | F61: 2026-10-19 | G61: Commercial_1_Balls | H61: Hero_Element | I61: 60000 | J61: 40000 | K61: 66.67 | L61: 98 | M61: 478 | N61: 3 | O61: 15441 | P61: 3 | Q61: 2 | R61: 52 | S61: 663 | T61: 2663 | U61: 2663 | V61: 14465 | W61: 36.16 | X61: 278 | Y61: 231 | Z61: =IF(L61>=70,"Yes","No") | AA61: =IF(OR(AND(E61="A",G61="Commercial_1_Balls"),AND(E61="B",G61="Commercial_2_Paint")),"first","second") | AB61: =IF(ISNUMBER(W61),W61,0) | AC61: =IF(ISNUMBER(S61),1,0) | AD61: =IF(ISNUMBER(R61),R61,0)
A62: SIMULATED_AdTest_Balls_vs_Paint | B62: R08 | C62: F | D62: 38 | E62: B | F62: 2026-10-19 | G62: Commercial_2_Paint | H62: Product_TV | I62: 60000 | J62: 20000 | K62: 33.33 | L62: 98 | M62: 747 | N62: 3 | O62: 4138 | P62: 2 | Q62: 1 | R62: 12 | S62: 837 | T62: 9837 | U62: 9837 | V62: 3889 | W62: 19.45 | X62: 324 | Y62: 399 | Z62: =IF(L62>=70,"Yes","No") | AA62: =IF(OR(AND(E62="A",G62="Commercial_1_Balls"),AND(E62="B",G62="Commercial_2_Paint")),"first","second") | AB62: =IF(ISNUMBER(W62),W62,0) | AC62: =IF(ISNUMBER(S62),1,0) | AD62: =IF(ISNUMBER(R62),R62,0)
A63: SIMULATED_AdTest_Balls_vs_Paint | B63: R08 | C63: F | D63: 38 | E63: B | F63: 2026-10-19 | G63: Commercial_2_Paint | H63: Brand_Logo | I63: 60000 | J63: 5000 | K63: 8.33 | L63: 98 | M63: 524 | N63: 3 | O63: 1459 | P63: 3 | Q63: 2 | R63: 4 | S63: 703 | T63: 55703 | U63: 55703 | V63: 1362 | W63: 27.24 | X63: 340 | Y63: 383 | Z63: =IF(L63>=70,"Yes","No") | AA63: =IF(OR(AND(E63="A",G63="Commercial_1_Balls"),AND(E63="B",G63="Commercial_2_Paint")),"first","second") | AB63: =IF(ISNUMBER(W63),W63,0) | AC63: =IF(ISNUMBER(S63),1,0) | AD63: =IF(ISNUMBER(R63),R63,0)
A64: SIMULATED_AdTest_Balls_vs_Paint | B64: R08 | C64: F | D64: 38 | E64: B | F64: 2026-10-19 | G64: Commercial_2_Paint | H64: Tagline_Text | I64: 60000 | J64: 4000 | K64: 6.67 | L64: 98 | M64: 959 | N64: 1 | O64: 2411 | P64: 1 | Q64: 0 | R64: 8 | S64: 1222 | T64: 57222 | U64: 57222 | V64: 2340 | W64: 58.5 | X64: 292 | Y64: 163 | Z64: =IF(L64>=70,"Yes","No") | AA64: =IF(OR(AND(E64="A",G64="Commercial_1_Balls"),AND(E64="B",G64="Commercial_2_Paint")),"first","second") | AB64: =IF(ISNUMBER(W64),W64,0) | AC64: =IF(ISNUMBER(S64),1,0) | AD64: =IF(ISNUMBER(R64),R64,0)
A65: SIMULATED_AdTest_Balls_vs_Paint | B65: R08 | C65: F | D65: 38 | E65: B | F65: 2026-10-19 | G65: Commercial_2_Paint | H65: Hero_Element | I65: 60000 | J65: 32000 | K65: 53.33 | L65: 98 | M65: 270 | N65: 2 | O65: 12962 | P65: 2 | Q65: 1 | R65: 40 | S65: 428 | T65: 3428 | U65: 3428 | V65: 11512 | W65: 35.98 | X65: 288 | Y65: 233 | Z65: =IF(L65>=70,"Yes","No") | AA65: =IF(OR(AND(E65="A",G65="Commercial_1_Balls"),AND(E65="B",G65="Commercial_2_Paint")),"first","second") | AB65: =IF(ISNUMBER(W65),W65,0) | AC65: =IF(ISNUMBER(S65),1,0) | AD65: =IF(ISNUMBER(R65),R65,0)
A66: SIMULATED_AdTest_Balls_vs_Paint | B66: R09 | C66: M | D66: 30 | E66: A | F66: 2026-10-19 | G66: Commercial_1_Balls | H66: Product_TV | I66: 60000 | J66: 14000 | K66: 23.33 | L66: 85.6 | M66: 1512 | N66: 2 | O66: 2004 | P66: 1 | Q66: 0 | R66: 6 | S66: 1730 | T66: 13730 | U66: 13730 | V66: 1891 | W66: 13.51 | X66: 315 | Y66: 350 | Z66: =IF(L66>=70,"Yes","No") | AA66: =IF(OR(AND(E66="A",G66="Commercial_1_Balls"),AND(E66="B",G66="Commercial_2_Paint")),"first","second") | AB66: =IF(ISNUMBER(W66),W66,0) | AC66: =IF(ISNUMBER(S66),1,0) | AD66: =IF(ISNUMBER(R66),R66,0)
A67: SIMULATED_AdTest_Balls_vs_Paint | B67: R09 | C67: M | D67: 30 | E67: A | F67: 2026-10-19 | G67: Commercial_1_Balls | H67: Brand_Logo | I67: 60000 | J67: 5000 | K67: 8.33 | L67: 85.6 | M67: 1088 | N67: 1 | O67: 1773 | P67: 1 | Q67: 0 | R67: 5 | S67: 1237 | T67: 56237 | U67: 56237 | V67: 1549 | W67: 30.98 | X67: 310 | Y67: 230 | Z67: =IF(L67>=70,"Yes","No") | AA67: =IF(OR(AND(E67="A",G67="Commercial_1_Balls"),AND(E67="B",G67="Commercial_2_Paint")),"first","second") | AB67: =IF(ISNUMBER(W67),W67,0) | AC67: =IF(ISNUMBER(S67),1,0) | AD67: =IF(ISNUMBER(R67),R67,0)
A68: SIMULATED_AdTest_Balls_vs_Paint | B68: R09 | C68: M | D68: 30 | E68: A | F68: 2026-10-19 | G68: Commercial_1_Balls | H68: Tagline_Text | I68: 60000 | J68: 4000 | K68: 6.67 | L68: 85.6 | M68: 1376 | N68: 2 | O68: 2435 | P68: 2 | Q68: 1 | R68: 9 | S68: 1593 | T68: 57593 | U68: 57593 | V68: 2166 | W68: 54.15 | X68: 241 | Y68: 446 | Z68: =IF(L68>=70,"Yes","No") | AA68: =IF(OR(AND(E68="A",G68="Commercial_1_Balls"),AND(E68="B",G68="Commercial_2_Paint")),"first","second") | AB68: =IF(ISNUMBER(W68),W68,0) | AC68: =IF(ISNUMBER(S68),1,0) | AD68: =IF(ISNUMBER(R68),R68,0)
... A70: SIMULATED_AdTest_Balls_vs_Paint | B70: R09 | C70: M | D70: 30 | E70: A | F70: 2026-10-19 | G70: Commercial_2_Paint | H70: Product_TV | I70: 60000 | J70: 20000 | K70: 33.33 | L70: 85.6 | M70: 656 | N70: 2 | O70: 5243 | P70: 2 | Q70: 1 | R70: 17 | S70: 903 | T70: 9903 | U70: 9903 | V70: 4974 | W70: 24.87 | X70: 293 | Y70: 426 | Z70: =IF(L70>=70,"Yes","No") | AA70: =IF(OR(AND(E70="A",G70="Commercial_1_Balls"),AND(E70="B",G70="Commercial_2_Paint")),"first","second") | AB70: =IF(ISNUMBER(W70),W70,0) | AC70: =IF(ISNUMBER(S70),1,0) | AD70: =IF(ISNUMBER(R70),R70,0)
A71: SIMULATED_AdTest_Balls_vs_Paint | B71: R09 | C71: M | D71: 30 | E71: A | F71: 2026-10-19 | G71: Commercial_2_Paint | H71: Brand_Logo | I71: 60000 | J71: 5000 | K71: 8.33 | L71: 85.6 | M71: 3881 | N71: 1 | O71: 127 | P71: NA | Q71: NA | R71: NA | S71: NA | T71: NA | U71: 60000 | V71: NA | W71: NA | X71: NA | Y71: NA | Z71: =IF(L71>=70,"Yes","No") | AA71: =IF(OR(AND(E71="A",G71="Commercial_1_Balls"),AND(E71="B",G71="Commercial_2_Paint")),"first","second") | AB71: =IF(ISNUMBER(W71),W71,0) | AC71: =IF(ISNUMBER(S71),1,0) | AD71: =IF(ISNUMBER(R71),R71,0)
A72: SIMULATED_AdTest_Balls_vs_Paint | B72: R09 | C72: M | D72: 30 | E72: A | F72: 2026-10-19 | G72: Commercial_2_Paint | H72: Tagline_Text | I72: 60000 | J72: 4000 | K72: 6.67 | L72: 85.6 | M72: 1116 | N72: 1 | O72: 958 | P72: 1 | Q72: 0 | R72: 5 | S72: 1303 | T72: 57303 | U72: 57303 | V72: 900 | W72: 22.5 | X72: 180 | Y72: 267 | Z72: =IF(L72>=70,"Yes","No") | AA72: =IF(OR(AND(E72="A",G72="Commercial_1_Balls"),AND(E72="B",G72="Commercial_2_Paint")),"first","second") | AB72: =IF(ISNUMBER(W72),W72,0) | AC72: =IF(ISNUMBER(S72),1,0) | AD72: =IF(ISNUMBER(R72),R72,0)
A73: SIMULATED_AdTest_Balls_vs_Paint | B73: R09 | C73: M | D73: 30 | E73: A | F73: 2026-10-19 | G73: Commercial_2_Paint | H73: Hero_Element | I73: 60000 | J73: 32000 | K73: 53.33 | L73: 85.6 | M73: 717 | N73: 4 | O73: 20025 | P73: 3 | Q73: 2 | R73: 66 | S73: 937 | T73: 3937 | U73: 3937 | V73: 18628 | W73: 58.21 | X73: 282 | Y73: 463 | Z73: =IF(L73>=70,"Yes","No") | AA73: =IF(OR(AND(E73="A",G73="Commercial_1_Balls"),AND(E73="B",G73="Commercial_2_Paint")),"first","second") | AB73: =IF(ISNUMBER(W73),W73,0) | AC73: =IF(ISNUMBER(S73),1,0) | AD73: =IF(ISNUMBER(R73),R73,0)
A74: SIMULATED_AdTest_Balls_vs_Paint | B74: R10 | C74: M | D74: 28 | E74: B | F74: 2026-10-19 | G74: Commercial_1_Balls | H74: Product_TV | I74: 60000 | J74: 14000 | K74: 23.33 | L74: 89 | M74: 708 | N74: 1 | O74: 1828 | P74: 1 | Q74: 0 | R74: 6 | S74: 996 | T74: 12996 | U74: 12996 | V74: 1672 | W74: 11.94 | X74: 279 | Y74: 221 | Z74: =IF(L74>=70,"Yes","No") | AA74: =IF(OR(AND(E74="A",G74="Commercial_1_Balls"),AND(E74="B",G74="Commercial_2_Paint")),"first","second") | AB74: =IF(ISNUMBER(W74),W74,0) | AC74: =IF(ISNUMBER(S74),1,0) | AD74: =IF(ISNUMBER(R74),R74,0)
A75: SIMULATED_AdTest_Balls_vs_Paint | B75: R10 | C75: M | D75: 28 | E75: B | F75: 2026-10-19 | G75: Commercial_1_Balls | H75: Brand_Logo | I75: 60000 | J75: 5000 | K75: 8.33 | L75: 89 | M75: 429 | N75: 1 | O75: 1024 | P75: 1 | Q75: 0 | R75: 4 | S75: 581 | T75: 55581 | U75: 55581 | V75: 891 | W75: 17.82 | X75: 223 | Y75: 356 | Z75: =IF(L75>=70,"Yes","No") | AA75: =IF(OR(AND(E75="A",G75="Commercial_1_Balls"),AND(E75="B",G75="Commercial_2_Paint")),"first","second") | AB75: =IF(ISNUMBER(W75),W75,0) | AC75: =IF(ISNUMBER(S75),1,0) | AD75: =IF(ISNUMBER(R75),R75,0)
A76: SIMULATED_AdTest_Balls_vs_Paint | B76: R10 | C76: M | D76: 28 | E76: B | F76: 2026-10-19 | G76: Commercial_1_Balls | H76: Tagline_Text | I76: 60000 | J76: 4000 | K76: 6.67 | L76: 89 | M76: 736 | N76: 1 | O76: 1111 | P76: 1 | Q76: 0 | R76: 3 | S76: 987 | T76: 56987 | U76: 56987 | V76: 1013 | W76: 25.32 | X76: 338 | Y76: 317 | Z76: =IF(L76>=70,"Yes","No") | AA76: =IF(OR(AND(E76="A",G76="Commercial_1_Balls"),AND(E76="B",G76="Commercial_2_Paint")),"first","second") | AB76: =IF(ISNUMBER(W76),W76,0) | AC76: =IF(ISNUMBER(S76),1,0) | AD76: =IF(ISNUMBER(R76),R76,0)
A77: SIMULATED_AdTest_Balls_vs_Paint | B77: R10 | C77: M | D77: 28 | E77: B | F77: 2026-10-19 | G77: Commercial_1_Balls | H77: Hero_Element | I77: 60000 | J77: 40000 | K77: 66.67 | L77: 89 | M77: 558 | N77: 6 | O77: 30245 | P77: 6 | Q77: 5 | R77: 124 | S77: 643 | T77: 2643 | U77: 2643 | V77: 26522 | W77: 66.31 | X77: 214 | Y77: 182 | Z77: =IF(L77>=70,"Yes","No") | AA77: =IF(OR(AND(E77="A",G77="Commercial_1_Balls"),AND(E77="B",G77="Commercial_2_Paint")),"first","second") | AB77: =IF(ISNUMBER(W77),W77,0) | AC77: =IF(ISNUMBER(S77),1,0) | AD77: =IF(ISNUMBER(R77),R77,0)
A78: SIMULATED_AdTest_Balls_vs_Paint | B78: R10 | C78: M | D78: 28 | E78: B | F78: 2026-10-19 | G78: Commercial_2_Paint | H78: Product_TV | I78: 60000 | J78: 20000 | K78: 33.33 | L78: 89 | M78: 876 | N78: 2 | O78: 2730 | P78: 2 | Q78: 1 | R78: 14 | S78: 1094 | T78: 10094 | U78: 10094 | V78: 2516 | W78: 12.58 | X78: 180 | Y78: 245 | Z78: =IF(L78>=70,"Yes","No") | AA78: =IF(OR(AND(E78="A",G78="Commercial_1_Balls"),AND(E78="B",G78="Commercial_2_Paint")),"first","second") | AB78: =IF(ISNUMBER(W78),W78,0) | AC78: =IF(ISNUMBER(S78),1,0) | AD78: =IF(ISNUMBER(R78),R78,0)
A79: SIMULATED_AdTest_Balls_vs_Paint | B79: R10 | C79: M | D79: 28 | E79: B | F79: 2026-10-19 | G79: Commercial_2_Paint | H79: Brand_Logo | I79: 60000 | J79: 5000 | K79: 8.33 | L79: 89 | M79: NA | N79: NA | O79: NA | P79: NA | Q79: NA | R79: NA | S79: NA | T79: NA | U79: 60000 | V79: NA | W79: NA | X79: NA | Y79: NA | Z79: =IF(L79>=70,"Yes","No") | AA79: =IF(OR(AND(E79="A",G79="Commercial_1_Balls"),AND(E79="B",G79="Commercial_2_Paint")),"first","second") | AB79: =IF(ISNUMBER(W79),W79,0) | AC79: =IF(ISNUMBER(S79),1,0) | AD79: =IF(ISNUMBER(R79),R79,0)
A80: SIMULATED_AdTest_Balls_vs_Paint | B80: R10 | C80: M | D80: 28 | E80: B | F80: 2026-10-19 | G80: Commercial_2_Paint | H80: Tagline_Text | I80: 60000 | J80: 4000 | K80: 6.67 | L80: 89 | M80: 608 | N80: 2 | O80: 1174 | P80: 2 | Q80: 1 | R80: 7 | S80: 886 | T80: 56886 | U80: 56886 | V80: 1107 | W80: 27.68 | X80: 158 | Y80: 249 | Z80: =IF(L80>=70,"Yes","No") | AA80: =IF(OR(AND(E80="A",G80="Commercial_1_Balls"),AND(E80="B",G80="Commercial_2_Paint")),"first","second") | AB80: =IF(ISNUMBER(W80),W80,0) | AC80: =IF(ISNUMBER(S80),1,0) | AD80: =IF(ISNUMBER(R80),R80,0)
A81: SIMULATED_AdTest_Balls_vs_Paint | B81: R10 | C81: M | D81: 28 | E81: B | F81: 2026-10-19 | G81: Commercial_2_Paint | H81: Hero_Element | I81: 60000 | J81: 32000 | K81: 53.33 | L81: 89 | M81: 238 | N81: 5 | O81: 15229 | P81: 5 | Q81: 4 | R81: 43 | S81: 483 | T81: 3483 | U81: 3483 | V81: 13588 | W81: 42.46 | X81: 316 | Y81: 214 | Z81: =IF(L81>=70,"Yes","No") | AA81: =IF(OR(AND(E81="A",G81="Commercial_1_Balls"),AND(E81="B",G81="Commercial_2_Paint")),"first","second") | AB81: =IF(ISNUMBER(W81),W81,0) | AC81: =IF(ISNUMBER(S81),1,0) | AD81: =IF(ISNUMBER(R81),R81,0)
A82: SIMULATED_AdTest_Balls_vs_Paint | B82: R11 | C82: F | D82: 21 | E82: A | F82: 2026-10-19 | G82: Commercial_1_Balls | H82: Product_TV | I82: 60000 | J82: 14000 | K82: 23.33 | L82: 89.7 | M82: 429 | N82: 1 | O82: 3539 | P82: 1 | Q82: 0 | R82: 9 | S82: 582 | T82: 12582 | U82: 12582 | V82: 3371 | W82: 24.08 | X82: 375 | Y82: 343 | Z82: =IF(L82>=70,"Yes","No") | AA82: =IF(OR(AND(E82="A",G82="Commercial_1_Balls"),AND(E82="B",G82="Commercial_2_Paint")),"first","second") | AB82: =IF(ISNUMBER(W82),W82,0) | AC82: =IF(ISNUMBER(S82),1,0) | AD82: =IF(ISNUMBER(R82),R82,0)
A83: SIMULATED_AdTest_Balls_vs_Paint | B83: R11 | C83: F | D83: 21 | E83: A | F83: 2026-10-19 | G83: Commercial_1_Balls | H83: Brand_Logo | I83: 60000 | J83: 5000 | K83: 8.33 | L83: 89.7 | M83: 915 | N83: 1 | O83: 2323 | P83: 1 | Q83: 0 | R83: 7 | S83: 1163 | T83: 56163 | U83: 56163 | V83: 2106 | W83: 42.12 | X83: 301 | Y83: 269 | Z83: =IF(L83>=70,"Yes","No") | AA83: =IF(OR(AND(E83="A",G83="Commercial_1_Balls"),AND(E83="B",G83="Commercial_2_Paint")),"first","second") | AB83: =IF(ISNUMBER(W83),W83,0) | AC83: =IF(ISNUMBER(S83),1,0) | AD83: =IF(ISNUMBER(R83),R83,0)
A84: SIMULATED_AdTest_Balls_vs_Paint | B84: R11 | C84: F | D84: 21 | E84: A | F84: 2026-10-19 | G84: Commercial_1_Balls | H84: Tagline_Text | I84: 60000 | J84: 4000 | K84: 6.67 | L84: 89.7 | M84: 1594 | N84: 2 | O84: 1440 | P84: 2 | Q84: 1 | R84: 4 | S84: 1768 | T84: 57768 | U84: 57768 | V84: 1299 | W84: 32.48 | X84: 325 | Y84: 269 | Z84: =IF(L84>=70,"Yes","No") | AA84: =IF(OR(AND(E84="A",G84="Commercial_1_Balls"),AND(E84="B",G84="Commercial_2_Paint")),"first","second") | AB84: =IF(ISNUMBER(W84),W84,0) | AC84: =IF(ISNUMBER(S84),1,0) | AD84: =IF(ISNUMBER(R84),R84,0)
A85: SIMULATED_AdTest_Balls_vs_Paint | B85: R11 | C85: F | D85: 21 | E85: A | F85: 2026-10-19 | G85: Commercial_1_Balls | H85: Hero_Element | I85: 60000 | J85: 40000 | K85: 66.67 | L85: 89.7 | M85: 571 | N85: 10 | O85: 25306 | P85: 9 | Q85: 8 | R85: 100 | S85: 682 | T85: 2682 | U85: 2682 | V85: 23619 | W85: 59.05 | X85: 236 | Y85: 235 | Z85: =IF(L85>=70,"Yes","No") | AA85: =IF(OR(AND(E85="A",G85="Commercial_1_Balls"),AND(E85="B",G85="Commercial_2_Paint")),"first","second") | AB85: =IF(ISNUMBER(W85),W85,0) | AC85: =IF(ISNUMBER(S85),1,0) | AD85: =IF(ISNUMBER(R85),R85,0)
A86: SIMULATED_AdTest_Balls_vs_Paint | B86: R11 | C86: F | D86: 21 | E86: A | F86: 2026-10-19 | G86: Commercial_2_Paint | H86: Product_TV | I86: 60000 | J86: 20000 | K86: 33.33 | L86: 89.7 | M86: 549 | N86: 3 | O86: 9495 | P86: 3 | Q86: 2 | R86: 21 | S86: 735 | T86: 9735 | U86: 9735 | V86: 8669 | W86: 43.34 | X86: 413 | Y86: 250 | Z86: =IF(L86>=70,"Yes","No") | AA86: =IF(OR(AND(E86="A",G86="Commercial_1_Balls"),AND(E86="B",G86="Commercial_2_Paint")),"first","second") | AB86: =IF(ISNUMBER(W86),W86,0) | AC86: =IF(ISNUMBER(S86),1,0) | AD86: =IF(ISNUMBER(R86),R86,0)
A87: SIMULATED_AdTest_Balls_vs_Paint | B87: R11 | C87: F | D87: 21 | E87: A | F87: 2026-10-19 | G87: Commercial_2_Paint | H87: Brand_Logo | I87: 60000 | J87: 5000 | K87: 8.33 | L87: 89.7 | M87: 936 | N87: 1 | O87: 1280 | P87: 1 | Q87: 0 | R87: 5 | S87: 1211 | T87: 56211 | U87: 56211 | V87: 1171 | W87: 23.42 | X87: 234 | Y87: 177 | Z87: =IF(L87>=70,"Yes","No") | AA87: =IF(OR(AND(E87="A",G87="Commercial_1_Balls"),AND(E87="B",G87="Commercial_2_Paint")),"first","second") | AB87: =IF(ISNUMBER(W87),W87,0) | AC87: =IF(ISNUMBER(S87),1,0) | AD87: =IF(ISNUMBER(R87),R87,0)
A88: SIMULATED_AdTest_Balls_vs_Paint | B88: R11 | C88: F | D88: 21 | E88: A | F88: 2026-10-19 | G88: Commercial_2_Paint | H88: Tagline_Text | I88: 60000 | J88: 4000 | K88: 6.67 | L88: 89.7 | M88: 1430 | N88: 1 | O88: 1414 | P88: 1 | Q88: 0 | R88: 4 | S88: 1666 | T88: 57666 | U88: 57666 | V88: 1232 | W88: 30.8 | X88: 308 | Y88: 214 | Z88: =IF(L88>=70,"Yes","No") | AA88: =IF(OR(AND(E88="A",G88="Commercial_1_Balls"),AND(E88="B",G88="Commercial_2_Paint")),"first","second") | AB88: =IF(ISNUMBER(W88),W88,0) | AC88: =IF(ISNUMBER(S88),1,0) | AD88: =IF(ISNUMBER(R88),R88,0)
A89: SIMULATED_AdTest_Balls_vs_Paint | B89: R11 | C89: F | D89: 21 | E89: A | F89: 2026-10-19 | G89: Commercial_2_Paint | H89: Hero_Element | I89: 60000 | J89: 32000 | K89: 53.33 | L89: 89.7 | M89: 349 | N89: 6 | O89: 17140 | P89: 4 | Q89: 3 | R89: 41 | S89: 627 | T89: 3627 | U89: 3627 | V89: 15671 | W89: 48.97 | X89: 382 | Y89: 252 | Z89: =IF(L89>=70,"Yes","No") | AA89: =IF(OR(AND(E89="A",G89="Commercial_1_Balls"),AND(E89="B",G89="Commercial_2_Paint")),"first","second") | AB89: =IF(ISNUMBER(W89),W89,0) | AC89: =IF(ISNUMBER(S89),1,0) | AD89: =IF(ISNUMBER(R89),R89,0)
A90: SIMULATED_AdTest_Balls_vs_Paint | B90: R12 | C90: M | D90: 39 | E90: B | F90: 2026-10-19 | G90: Commercial_1_Balls | H90: Product_TV | I90: 60000 | J90: 14000 | K90: 23.33 | L90: 91.3 | M90: 636 | N90: 1 | O90: 3257 | P90: 1 | Q90: 0 | R90: 12 | S90: 820 | T90: 12820 | U90: 12820 | V90: 2884 | W90: 20.6 | X90: 240 | Y90: 365 | Z90: =IF(L90>=70,"Yes","No") | AA90: =IF(OR(AND(E90="A",G90="Commercial_1_Balls"),AND(E90="B",G90="Commercial_2_Paint")),"first","second") | AB90: =IF(ISNUMBER(W90),W90,0) | AC90: =IF(ISNUMBER(S90),1,0) | AD90: =IF(ISNUMBER(R90),R90,0)
A91: SIMULATED_AdTest_Balls_vs_Paint | B91: R12 | C91: M | D91: 39 | E91: B | F91: 2026-10-19 | G91: Commercial_1_Balls | H91: Brand_Logo | I91: 60000 | J91: 5000 | K91: 8.33 | L91: 91.3 | M91: 588 | N91: 3 | O91: 2477 | P91: 3 | Q91: 2 | R91: 7 | S91: 826 | T91: 55826 | U91: 55826 | V91: 2203 | W91: 44.06 | X91: 315 | Y91: 307 | Z91: =IF(L91>=70,"Yes","No") | AA91: =IF(OR(AND(E91="A",G91="Commercial_1_Balls"),AND(E91="B",G91="Commercial_2_Paint")),"first","second") | AB91: =IF(ISNUMBER(W91),W91,0) | AC91: =IF(ISNUMBER(S91),1,0) | AD91: =IF(ISNUMBER(R91),R91,0)
... A210: SIMULATED_AdTest_Balls_vs_Paint | B210: R27 | C210: M | D210: 28 | E210: A | F210: 2026-10-20 | G210: Commercial_1_Balls | H210: Product_TV | I210: 60000 | J210: 14000 | K210: 23.33 | L210: 86.5 | M210: 1129 | N210: 2 | O210: 3595 | P210: 1 | Q210: 0 | R210: 15 | S210: 1266 | T210: 13266 | U210: 13266 | V210: 3351 | W210: 23.94 | X210: 223 | Y210: 134 | Z210: =IF(L210>=70,"Yes","No") | AA210: =IF(OR(AND(E210="A",G210="Commercial_1_Balls"),AND(E210="B",G210="Commercial_2_Paint")),"first","second") | AB210: =IF(ISNUMBER(W210),W210,0) | AC210: =IF(ISNUMBER(S210),1,0) | AD210: =IF(ISNUMBER(R210),R210,0)
A211: SIMULATED_AdTest_Balls_vs_Paint | B211: R27 | C211: M | D211: 28 | E211: A | F211: 2026-10-20 | G211: Commercial_1_Balls | H211: Brand_Logo | I211: 60000 | J211: 5000 | K211: 8.33 | L211: 86.5 | M211: NA | N211: NA | O211: NA | P211: NA | Q211: NA | R211: NA | S211: NA | T211: NA | U211: 60000 | V211: NA | W211: NA | X211: NA | Y211: NA | Z211: =IF(L211>=70,"Yes","No") | AA211: =IF(OR(AND(E211="A",G211="Commercial_1_Balls"),AND(E211="B",G211="Commercial_2_Paint")),"first","second") | AB211: =IF(ISNUMBER(W211),W211,0) | AC211: =IF(ISNUMBER(S211),1,0) | AD211: =IF(ISNUMBER(R211),R211,0)
A212: SIMULATED_AdTest_Balls_vs_Paint | B212: R27 | C212: M | D212: 28 | E212: A | F212: 2026-10-20 | G212: Commercial_1_Balls | H212: Tagline_Text | I212: 60000 | J212: 4000 | K212: 6.67 | L212: 86.5 | M212: 954 | N212: 1 | O212: 831 | P212: 1 | Q212: 0 | R212: 3 | S212: 1245 | T212: 57245 | U212: 57245 | V212: 789 | W212: 19.73 | X212: 263 | Y212: 378 | Z212: =IF(L212>=70,"Yes","No") | AA212: =IF(OR(AND(E212="A",G212="Commercial_1_Balls"),AND(E212="B",G212="Commercial_2_Paint")),"first","second") | AB212: =IF(ISNUMBER(W212),W212,0) | AC212: =IF(ISNUMBER(S212),1,0) | AD212: =IF(ISNUMBER(R212),R212,0)
A213: SIMULATED_AdTest_Balls_vs_Paint | B213: R27 | C213: M | D213: 28 | E213: A | F213: 2026-10-20 | G213: Commercial_1_Balls | H213: Hero_Element | I213: 60000 | J213: 40000 | K213: 66.67 | L213: 86.5 | M213: 569 | N213: 7 | O213: 20814 | P213: 6 | Q213: 5 | R213: 49 | S213: 856 | T213: 2856 | U213: 2856 | V213: 18716 | W213: 46.79 | X213: 382 | Y213: 385 | Z213: =IF(L213>=70,"Yes","No") | AA213: =IF(OR(AND(E213="A",G213="Commercial_1_Balls"),AND(E213="B",G213="Commercial_2_Paint")),"first","second") | AB213: =IF(ISNUMBER(W213),W213,0) | AC213: =IF(ISNUMBER(S213),1,0) | AD213: =IF(ISNUMBER(R213),R213,0)
A214: SIMULATED_AdTest_Balls_vs_Paint | B214: R27 | C214: M | D214: 28 | E214: A | F214: 2026-10-20 | G214: Commercial_2_Paint | H214: Product_TV | I214: 60000 | J214: 20000 | K214: 33.33 | L214: 86.5 | M214: 604 | N214: 1 | O214: 7622 | P214: 1 | Q214: 0 | R214: 27 | S214: 693 | T214: 9693 | U214: 9693 | V214: 7018 | W214: 35.09 | X214: 260 | Y214: 206 | Z214: =IF(L214>=70,"Yes","No") | AA214: =IF(OR(AND(E214="A",G214="Commercial_1_Balls"),AND(E214="B",G214="Commercial_2_Paint")),"first","second") | AB214: =IF(ISNUMBER(W214),W214,0) | AC214: =IF(ISNUMBER(S214),1,0) | AD214: =IF(ISNUMBER(R214),R214,0)
A215: SIMULATED_AdTest_Balls_vs_Paint | B215: R27 | C215: M | D215: 28 | E215: A | F215: 2026-10-20 | G215: Commercial_2_Paint | H215: Brand_Logo | I215: 60000 | J215: 5000 | K215: 8.33 | L215: 86.5 | M215: 633 | N215: 1 | O215: 2367 | P215: 1 | Q215: 0 | R215: 9 | S215: 809 | T215: 55809 | U215: 55809 | V215: 2165 | W215: 43.3 | X215: 241 | Y215: 337 | Z215: =IF(L215>=70,"Yes","No") | AA215: =IF(OR(AND(E215="A",G215="Commercial_1_Balls"),AND(E215="B",G215="Commercial_2_Paint")),"first","second") | AB215: =IF(ISNUMBER(W215),W215,0) | AC215: =IF(ISNUMBER(S215),1,0) | AD215: =IF(ISNUMBER(R215),R215,0)
A216: SIMULATED_AdTest_Balls_vs_Paint | B216: R27 | C216: M | D216: 28 | E216: A | F216: 2026-10-20 | G216: Commercial_2_Paint | H216: Tagline_Text | I216: 60000 | J216: 4000 | K216: 6.67 | L216: 86.5 | M216: 894 | N216: 1 | O216: 1042 | P216: 1 | Q216: 0 | R216: 4 | S216: 1093 | T216: 57093 | U216: 57093 | V216: 989 | W216: 24.73 | X216: 247 | Y216: 177 | Z216: =IF(L216>=70,"Yes","No") | AA216: =IF(OR(AND(E216="A",G216="Commercial_1_Balls"),AND(E216="B",G216="Commercial_2_Paint")),"first","second") | AB216: =IF(ISNUMBER(W216),W216,0) | AC216: =IF(ISNUMBER(S216),1,0) | AD216: =IF(ISNUMBER(R216),R216,0)
A217: SIMULATED_AdTest_Balls_vs_Paint | B217: R27 | C217: M | D217: 28 | E217: A | F217: 2026-10-20 | G217: Commercial_2_Paint | H217: Hero_Element | I217: 60000 | J217: 32000 | K217: 53.33 | L217: 86.5 | M217: 439 | N217: 1 | O217: 18125 | P217: 1 | Q217: 0 | R217: 61 | S217: 716 | T217: 3716 | U217: 3716 | V217: 16862 | W217: 52.69 | X217: 276 | Y217: 188 | Z217: =IF(L217>=70,"Yes","No") | AA217: =IF(OR(AND(E217="A",G217="Commercial_1_Balls"),AND(E217="B",G217="Commercial_2_Paint")),"first","second") | AB217: =IF(ISNUMBER(W217),W217,0) | AC217: =IF(ISNUMBER(S217),1,0) | AD217: =IF(ISNUMBER(R217),R217,0)
A218: SIMULATED_AdTest_Balls_vs_Paint | B218: R28 | C218: M | D218: 23 | E218: B | F218: 2026-10-20 | G218: Commercial_1_Balls | H218: Product_TV | I218: 60000 | J218: 14000 | K218: 23.33 | L218: 82.5 | M218: 1331 | N218: 4 | O218: 2468 | P218: 1 | Q218: 0 | R218: 7 | S218: 1469 | T218: 13469 | U218: 13469 | V218: 2275 | W218: 16.25 | X218: 325 | Y218: 319 | Z218: =IF(L218>=70,"Yes","No") | AA218: =IF(OR(AND(E218="A",G218="Commercial_1_Balls"),AND(E218="B",G218="Commercial_2_Paint")),"first","second") | AB218: =IF(ISNUMBER(W218),W218,0) | AC218: =IF(ISNUMBER(S218),1,0) | AD218: =IF(ISNUMBER(R218),R218,0)
A219: SIMULATED_AdTest_Balls_vs_Paint | B219: R28 | C219: M | D219: 23 | E219: B | F219: 2026-10-20 | G219: Commercial_1_Balls | H219: Brand_Logo | I219: 60000 | J219: 5000 | K219: 8.33 | L219: 82.5 | M219: 724 | N219: 1 | O219: 1625 | P219: 1 | Q219: 0 | R219: 5 | S219: 918 | T219: 55918 | U219: 55918 | V219: 1433 | W219: 28.66 | X219: 287 | Y219: 244 | Z219: =IF(L219>=70,"Yes","No") | AA219: =IF(OR(AND(E219="A",G219="Commercial_1_Balls"),AND(E219="B",G219="Commercial_2_Paint")),"first","second") | AB219: =IF(ISNUMBER(W219),W219,0) | AC219: =IF(ISNUMBER(S219),1,0) | AD219: =IF(ISNUMBER(R219),R219,0)
A220: SIMULATED_AdTest_Balls_vs_Paint | B220: R28 | C220: M | D220: 23 | E220: B | F220: 2026-10-20 | G220: Commercial_1_Balls | H220: Tagline_Text | I220: 60000 | J220: 4000 | K220: 6.67 | L220: 82.5 | M220: 1294 | N220: 1 | O220: 1413 | P220: 1 | Q220: 0 | R220: 5 | S220: 1441 | T220: 57441 | U220: 57441 | V220: 1294 | W220: 32.35 | X220: 259 | Y220: 330 | Z220: =IF(L220>=70,"Yes","No") | AA220: =IF(OR(AND(E220="A",G220="Commercial_1_Balls"),AND(E220="B",G220="Commercial_2_Paint")),"first","second") | AB220: =IF(ISNUMBER(W220),W220,0) | AC220: =IF(ISNUMBER(S220),1,0) | AD220: =IF(ISNUMBER(R220),R220,0)
A221: SIMULATED_AdTest_Balls_vs_Paint | B221: R28 | C221: M | D221: 23 | E221: B | F221: 2026-10-20 | G221: Commercial_1_Balls | H221: Hero_Element | I221: 60000 | J221: 40000 | K221: 66.67 | L221: 82.5 | M221: 340 | N221: 2 | O221: 13124 | P221: 2 | Q221: 1 | R221: 36 | S221: 596 | T221: 2596 | U221: 2596 | V221: 12484 | W221: 31.21 | X221: 347 | Y221: 201 | Z221: =IF(L221>=70,"Yes","No") | AA221: =IF(OR(AND(E221="A",G221="Commercial_1_Balls"),AND(E221="B",G221="Commercial_2_Paint")),"first","second") | AB221: =IF(ISNUMBER(W221),W221,0) | AC221: =IF(ISNUMBER(S221),1,0) | AD221: =IF(ISNUMBER(R221),R221,0)
A222: SIMULATED_AdTest_Balls_vs_Paint | B222: R28 | C222: M | D222: 23 | E222: B | F222: 2026-10-20 | G222: Commercial_2_Paint | H222: Product_TV | I222: 60000 | J222: 20000 | K222: 33.33 | L222: 82.5 | M222: 1414 | N222: 5 | O222: 3866 | P222: 3 | Q222: 2 | R222: 9 | S222: 1594 | T222: 10594 | U222: 10594 | V222: 3421 | W222: 17.11 | X222: 380 | Y222: 397 | Z222: =IF(L222>=70,"Yes","No") | AA222: =IF(OR(AND(E222="A",G222="Commercial_1_Balls"),AND(E222="B",G222="Commercial_2_Paint")),"first","second") | AB222: =IF(ISNUMBER(W222),W222,0) | AC222: =IF(ISNUMBER(S222),1,0) | AD222: =IF(ISNUMBER(R222),R222,0)
A223: SIMULATED_AdTest_Balls_vs_Paint | B223: R28 | C223: M | D223: 23 | E223: B | F223: 2026-10-20 | G223: Commercial_2_Paint | H223: Brand_Logo | I223: 60000 | J223: 5000 | K223: 8.33 | L223: 82.5 | M223: 667 | N223: 1 | O223: 1596 | P223: 1 | Q223: 0 | R223: 5 | S223: 898 | T223: 55898 | U223: 55898 | V223: 1529 | W223: 30.58 | X223: 306 | Y223: 205 | Z223: =IF(L223>=70,"Yes","No") | AA223: =IF(OR(AND(E223="A",G223="Commercial_1_Balls"),AND(E223="B",G223="Commercial_2_Paint")),"first","second") | AB223: =IF(ISNUMBER(W223),W223,0) | AC223: =IF(ISNUMBER(S223),1,0) | AD223: =IF(ISNUMBER(R223),R223,0)
... A226: SIMULATED_AdTest_Balls_vs_Paint | B226: R29 | C226: M | D226: 19 | E226: A | F226: 2026-10-20 | G226: Commercial_1_Balls | H226: Product_TV | I226: 60000 | J226: 14000 | K226: 23.33 | L226: 84.1 | M226: 167 | N226: 1 | O226: 2192 | P226: 1 | Q226: 0 | R226: 7 | S226: 400 | T226: 12400 | U226: 12400 | V226: 2024 | W226: 14.46 | X226: 289 | Y226: 310 | Z226: =IF(L226>=70,"Yes","No") | AA226: =IF(OR(AND(E226="A",G226="Commercial_1_Balls"),AND(E226="B",G226="Commercial_2_Paint")),"first","second") | AB226: =IF(ISNUMBER(W226),W226,0) | AC226: =IF(ISNUMBER(S226),1,0) | AD226: =IF(ISNUMBER(R226),R226,0)
A227: SIMULATED_AdTest_Balls_vs_Paint | B227: R29 | C227: M | D227: 19 | E227: A | F227: 2026-10-20 | G227: Commercial_1_Balls | H227: Brand_Logo | I227: 60000 | J227: 5000 | K227: 8.33 | L227: 84.1 | M227: 2686 | N227: 1 | O227: 166 | P227: NA | Q227: NA | R227: NA | S227: NA | T227: NA | U227: 60000 | V227: NA | W227: NA | X227: NA | Y227: NA | Z227: =IF(L227>=70,"Yes","No") | AA227: =IF(OR(AND(E227="A",G227="Commercial_1_Balls"),AND(E227="B",G227="Commercial_2_Paint")),"first","second") | AB227: =IF(ISNUMBER(W227),W227,0) | AC227: =IF(ISNUMBER(S227),1,0) | AD227: =IF(ISNUMBER(R227),R227,0)
A228: SIMULATED_AdTest_Balls_vs_Paint | B228: R29 | C228: M | D228: 19 | E228: A | F228: 2026-10-20 | G228: Commercial_1_Balls | H228: Tagline_Text | I228: 60000 | J228: 4000 | K228: 6.67 | L228: 84.1 | M228: 1445 | N228: 2 | O228: 905 | P228: 1 | Q228: 0 | R228: 3 | S228: 1741 | T228: 57741 | U228: 57741 | V228: 854 | W228: 21.35 | X228: 285 | Y228: 172 | Z228: =IF(L228>=70,"Yes","No") | AA228: =IF(OR(AND(E228="A",G228="Commercial_1_Balls"),AND(E228="B",G228="Commercial_2_Paint")),"first","second") | AB228: =IF(ISNUMBER(W228),W228,0) | AC228: =IF(ISNUMBER(S228),1,0) | AD228: =IF(ISNUMBER(R228),R228,0)
A229: SIMULATED_AdTest_Balls_vs_Paint | B229: R29 | C229: M | D229: 19 | E229: A | F229: 2026-10-20 | G229: Commercial_1_Balls | H229: Hero_Element | I229: 60000 | J229: 40000 | K229: 66.67 | L229: 84.1 | M229: 336 | N229: 3 | O229: 23725 | P229: 3 | Q229: 2 | R229: 97 | S229: 478 | T229: 2478 | U229: 2478 | V229: 20766 | W229: 51.91 | X229: 214 | Y229: 212 | Z229: =IF(L229>=70,"Yes","No") | AA229: =IF(OR(AND(E229="A",G229="Commercial_1_Balls"),AND(E229="B",G229="Commercial_2_Paint")),"first","second") | AB229: =IF(ISNUMBER(W229),W229,0) | AC229: =IF(ISNUMBER(S229),1,0) | AD229: =IF(ISNUMBER(R229),R229,0)
A230: SIMULATED_AdTest_Balls_vs_Paint | B230: R29 | C230: M | D230: 19 | E230: A | F230: 2026-10-20 | G230: Commercial_2_Paint | H230: Product_TV | I230: 60000 | J230: 20000 | K230: 33.33 | L230: 84.1 | M230: 452 | N230: 2 | O230: 5169 | P230: 2 | Q230: 1 | R230: 16 | S230: 676 | T230: 9676 | U230: 9676 | V230: 4793 | W230: 23.96 | X230: 300 | Y230: 155 | Z230: =IF(L230>=70,"Yes","No") | AA230: =IF(OR(AND(E230="A",G230="Commercial_1_Balls"),AND(E230="B",G230="Commercial_2_Paint")),"first","second") | AB230: =IF(ISNUMBER(W230),W230,0) | AC230: =IF(ISNUMBER(S230),1,0) | AD230: =IF(ISNUMBER(R230),R230,0)
A231: SIMULATED_AdTest_Balls_vs_Paint | B231: R29 | C231: M | D231: 19 | E231: A | F231: 2026-10-20 | G231: Commercial_2_Paint | H231: Brand_Logo | I231: 60000 | J231: 5000 | K231: 8.33 | L231: 84.1 | M231: 222 | N231: 1 | O231: 2092 | P231: 1 | Q231: 0 | R231: 6 | S231: 401 | T231: 55401 | U231: 55401 | V231: 1849 | W231: 36.98 | X231: 308 | Y231: 334 | Z231: =IF(L231>=70,"Yes","No") | AA231: =IF(OR(AND(E231="A",G231="Commercial_1_Balls"),AND(E231="B",G231="Commercial_2_Paint")),"first","second") | AB231: =IF(ISNUMBER(W231),W231,0) | AC231: =IF(ISNUMBER(S231),1,0) | AD231: =IF(ISNUMBER(R231),R231,0)
A232: SIMULATED_AdTest_Balls_vs_Paint | B232: R29 | C232: M | D232: 19 | E232: A | F232: 2026-10-20 | G232: Commercial_2_Paint | H232: Tagline_Text | I232: 60000 | J232: 4000 | K232: 6.67 | L232: 84.1 | M232: 1109 | N232: 1 | O232: 1679 | P232: 1 | Q232: 0 | R232: 5 | S232: 1220 | T232: 57220 | U232: 57220 | V232: 1580 | W232: 39.5 | X232: 316 | Y232: 452 | Z232: =IF(L232>=70,"Yes","No") | AA232: =IF(OR(AND(E232="A",G232="Commercial_1_Balls"),AND(E232="B",G232="Commercial_2_Paint")),"first","second") | AB232: =IF(ISNUMBER(W232),W232,0) | AC232: =IF(ISNUMBER(S232),1,0) | AD232: =IF(ISNUMBER(R232),R232,0)
A233: SIMULATED_AdTest_Balls_vs_Paint | B233: R29 | C233: M | D233: 19 | E233: A | F233: 2026-10-20 | G233: Commercial_2_Paint | H233: Hero_Element | I233: 60000 | J233: 32000 | K233: 53.33 | L233: 84.1 | M233: 1261 | N233: 2 | O233: 14767 | P233: 2 | Q233: 1 | R233: 49 | S233: 1444 | T233: 4444 | U233: 4444 | V233: 12934 | W233: 40.42 | X233: 264 | Y233: 226 | Z233: =IF(L233>=70,"Yes","No") | AA233: =IF(OR(AND(E233="A",G233="Commercial_1_Balls"),AND(E233="B",G233="Commercial_2_Paint")),"first","second") | AB233: =IF(ISNUMBER(W233),W233,0) | AC233: =IF(ISNUMBER(S233),1,0) | AD233: =IF(ISNUMBER(R233),R233,0)
A234: SIMULATED_AdTest_Balls_vs_Paint | B234: R30 | C234: M | D234: 21 | E234: B | F234: 2026-10-20 | G234: Commercial_1_Balls | H234: Product_TV | I234: 60000 | J234: 14000 | K234: 23.33 | L234: 93.4 | M234: 211 | N234: 2 | O234: 3503 | P234: 2 | Q234: 1 | R234: 9 | S234: 343 | T234: 12343 | U234: 12343 | V234: 3225 | W234: 23.04 | X234: 358 | Y234: 223 | Z234: =IF(L234>=70,"Yes","No") | AA234: =IF(OR(AND(E234="A",G234="Commercial_1_Balls"),AND(E234="B",G234="Commercial_2_Paint")),"first","second") | AB234: =IF(ISNUMBER(W234),W234,0) | AC234: =IF(ISNUMBER(S234),1,0) | AD234: =IF(ISNUMBER(R234),R234,0)
A235: SIMULATED_AdTest_Balls_vs_Paint | B235: R30 | C235: M | D235: 21 | E235: B | F235: 2026-10-20 | G235: Commercial_1_Balls | H235: Brand_Logo | I235: 60000 | J235: 5000 | K235: 8.33 | L235: 93.4 | M235: 929 | N235: 1 | O235: 962 | P235: 1 | Q235: 0 | R235: 4 | S235: 1010 | T235: 56010 | U235: 56010 | V235: 853 | W235: 17.06 | X235: 213 | Y235: 355 | Z235: =IF(L235>=70,"Yes","No") | AA235: =IF(OR(AND(E235="A",G235="Commercial_1_Balls"),AND(E235="B",G235="Commercial_2_Paint")),"first","second") | AB235: =IF(ISNUMBER(W235),W235,0) | AC235: =IF(ISNUMBER(S235),1,0) | AD235: =IF(ISNUMBER(R235),R235,0)
A236: SIMULATED_AdTest_Balls_vs_Paint | B236: R30 | C236: M | D236: 21 | E236: B | F236: 2026-10-20 | G236: Commercial_1_Balls | H236: Tagline_Text | I236: 60000 | J236: 4000 | K236: 6.67 | L236: 93.4 | M236: 576 | N236: 1 | O236: 1489 | P236: 1 | Q236: 0 | R236: 5 | S236: 867 | T236: 56867 | U236: 56867 | V236: 1332 | W236: 33.3 | X236: 266 | Y236: 160 | Z236: =IF(L236>=70,"Yes","No") | AA236: =IF(OR(AND(E236="A",G236="Commercial_1_Balls"),AND(E236="B",G236="Commercial_2_Paint")),"first","second") | AB236: =IF(ISNUMBER(W236),W236,0) | AC236: =IF(ISNUMBER(S236),1,0) | AD236: =IF(ISNUMBER(R236),R236,0)
A237: SIMULATED_AdTest_Balls_vs_Paint | B237: R30 | C237: M | D237: 21 | E237: B | F237: 2026-10-20 | G237: Commercial_1_Balls | H237: Hero_Element | I237: 60000 | J237: 40000 | K237: 66.67 | L237: 93.4 | M237: 206 | N237: 7 | O237: 25807 | P237: 6 | Q237: 5 | R237: 58 | S237: 421 | T237: 2421 | U237: 2421 | V237: 22553 | W237: 56.38 | X237: 389 | Y237: 350 | Z237: =IF(L237>=70,"Yes","No") | AA237: =IF(OR(AND(E237="A",G237="Commercial_1_Balls"),AND(E237="B",G237="Commercial_2_Paint")),"first","second") | AB237: =IF(ISNUMBER(W237),W237,0) | AC237: =IF(ISNUMBER(S237),1,0) | AD237: =IF(ISNUMBER(R237),R237,0)
A238: SIMULATED_AdTest_Balls_vs_Paint | B238: R30 | C238: M | D238: 21 | E238: B | F238: 2026-10-20 | G238: Commercial_2_Paint | H238: Product_TV | I238: 60000 | J238: 20000 | K238: 33.33 | L238: 93.4 | M238: 456 | N238: 2 | O238: 5861 | P238: 2 | Q238: 1 | R238: 16 | S238: 697 | T238: 9697 | U238: 9697 | V238: 5394 | W238: 26.97 | X238: 337 | Y238: 366 | Z238: =IF(L238>=70,"Yes","No") | AA238: =IF(OR(AND(E238="A",G238="Commercial_1_Balls"),AND(E238="B",G238="Commercial_2_Paint")),"first","second") | AB238: =IF(ISNUMBER(W238),W238,0) | AC238: =IF(ISNUMBER(S238),1,0) | AD238: =IF(ISNUMBER(R238),R238,0)
A239: SIMULATED_AdTest_Balls_vs_Paint | B239: R30 | C239: M | D239: 21 | E239: B | F239: 2026-10-20 | G239: Commercial_2_Paint | H239: Brand_Logo | I239: 60000 | J239: 5000 | K239: 8.33 | L239: 93.4 | M239: 506 | N239: 2 | O239: 2149 | P239: 1 | Q239: 0 | R239: 10 | S239: 775 | T239: 55775 | U239: 55775 | V239: 2021 | W239: 40.42 | X239: 202 | Y239: 195 | Z239: =IF(L239>=70,"Yes","No") | AA239: =IF(OR(AND(E239="A",G239="Commercial_1_Balls"),AND(E239="B",G239="Commercial_2_Paint")),"first","second") | AB239: =IF(ISNUMBER(W239),W239,0) | AC239: =IF(ISNUMBER(S239),1,0) | AD239: =IF(ISNUMBER(R239),R239,0)
... A241: SIMULATED_AdTest_Balls_vs_Paint | B241: R30 | C241: M | D241: 21 | E241: B | F241: 2026-10-20 | G241: Commercial_2_Paint | H241: Hero_Element | I241: 60000 | J241: 32000 | K241: 53.33 | L241: 93.4 | M241: 585 | N241: 7 | O241: 14337 | P241: 6 | Q241: 5 | R241: 47 | S241: 822 | T241: 3822 | U241: 3822 | V241: 12908 | W241: 40.34 | X241: 275 | Y241: 328 | Z241: =IF(L241>=70,"Yes","No") | AA241: =IF(OR(AND(E241="A",G241="Commercial_1_Balls"),AND(E241="B",G241="Commercial_2_Paint")),"first","second") | AB241: =IF(ISNUMBER(W241),W241,0) | AC241: =IF(ISNUMBER(S241),1,0) | AD241: =IF(ISNUMBER(R241),R241,0)

Sheet Summary
A1: Descriptive table by AOI and commercial (kept respondents only). SIMULATED data.
A2: n = kept respondents with a row for the AOI; Respondent ratio = percent who fixated the AOI; TTFF statistics use fixators only; dwell and fixation count statistics count never fixated AOIs as 0.
A4: AOI | B4: Stimulus | C4: n | D4: Respondent ratio (%) | E4: n with TTFF | F4: TTFF AOI mean (ms) | G4: TTFF AOI SD (ms) | H4: Dwell time mean (%) | I4: Dwell time SD (%) | J4: Fixation count mean
A5: Product_TV | B5: Commercial_1_Balls | C5: =COUNTIFS(Data!$G$2:$G$241,$B5,Data!$H$2:$H$241,$A5,Data!$Z$2:$Z$241,"Yes") | D5: =100*AVERAGEIFS(Data!$AC$2:$AC$241,Data!$G$2:$G$241,$B5,Data!$H$2:$H$241,$A5,Data!$Z$2:$Z$241,"Yes") | E5: =COUNTIFS(Data!$G$2:$G$241,$B5,Data!$H$2:$H$241,$A5,Data!$Z$2:$Z$241,"Yes",Data!$S$2:$S$241,">0") | F5: =AVERAGEIFS(Data!$S$2:$S$241,Data!$G$2:$G$241,$B5,Data!$H$2:$H$241,$A5,Data!$Z$2:$Z$241,"Yes") | G5: {=_xlfn.STDEV.S(IF((Data!$G$2:$G$241=$B5)*(Data!$H$2:$H$241=$A5)*(Data!$Z$2:$Z$241="Yes")*ISNUMBER(Data!$S$2:$S$241),Data!$S$2:$S$241))} | H5: =AVERAGEIFS(Data!$AB$2:$AB$241,Data!$G$2:$G$241,$B5,Data!$H$2:$H$241,$A5,Data!$Z$2:$Z$241,"Yes") | I5: {=_xlfn.STDEV.S(IF((Data!$G$2:$G$241=$B5)*(Data!$H$2:$H$241=$A5)*(Data!$Z$2:$Z$241="Yes"),Data!$AB$2:$AB$241))} | J5: =AVERAGEIFS(Data!$AD$2:$AD$241,Data!$G$2:$G$241,$B5,Data!$H$2:$H$241,$A5,Data!$Z$2:$Z$241,"Yes")
A6: Product_TV | B6: Commercial_2_Paint | C6: =COUNTIFS(Data!$G$2:$G$241,$B6,Data!$H$2:$H$241,$A6,Data!$Z$2:$Z$241,"Yes") | D6: =100*AVERAGEIFS(Data!$AC$2:$AC$241,Data!$G$2:$G$241,$B6,Data!$H$2:$H$241,$A6,Data!$Z$2:$Z$241,"Yes") | E6: =COUNTIFS(Data!$G$2:$G$241,$B6,Data!$H$2:$H$241,$A6,Data!$Z$2:$Z$241,"Yes",Data!$S$2:$S$241,">0") | F6: =AVERAGEIFS(Data!$S$2:$S$241,Data!$G$2:$G$241,$B6,Data!$H$2:$H$241,$A6,Data!$Z$2:$Z$241,"Yes") | G6: {=_xlfn.STDEV.S(IF((Data!$G$2:$G$241=$B6)*(Data!$H$2:$H$241=$A6)*(Data!$Z$2:$Z$241="Yes")*ISNUMBER(Data!$S$2:$S$241),Data!$S$2:$S$241))} | H6: =AVERAGEIFS(Data!$AB$2:$AB$241,Data!$G$2:$G$241,$B6,Data!$H$2:$H$241,$A6,Data!$Z$2:$Z$241,"Yes") | I6: {=_xlfn.STDEV.S(IF((Data!$G$2:$G$241=$B6)*(Data!$H$2:$H$241=$A6)*(Data!$Z$2:$Z$241="Yes"),Data!$AB$2:$AB$241))} | J6: =AVERAGEIFS(Data!$AD$2:$AD$241,Data!$G$2:$G$241,$B6,Data!$H$2:$H$241,$A6,Data!$Z$2:$Z$241,"Yes")
A7: Brand_Logo | B7: Commercial_1_Balls | C7: =COUNTIFS(Data!$G$2:$G$241,$B7,Data!$H$2:$H$241,$A7,Data!$Z$2:$Z$241,"Yes") | D7: =100*AVERAGEIFS(Data!$AC$2:$AC$241,Data!$G$2:$G$241,$B7,Data!$H$2:$H$241,$A7,Data!$Z$2:$Z$241,"Yes") | E7: =COUNTIFS(Data!$G$2:$G$241,$B7,Data!$H$2:$H$241,$A7,Data!$Z$2:$Z$241,"Yes",Data!$S$2:$S$241,">0") | F7: =AVERAGEIFS(Data!$S$2:$S$241,Data!$G$2:$G$241,$B7,Data!$H$2:$H$241,$A7,Data!$Z$2:$Z$241,"Yes") | G7: {=_xlfn.STDEV.S(IF((Data!$G$2:$G$241=$B7)*(Data!$H$2:$H$241=$A7)*(Data!$Z$2:$Z$241="Yes")*ISNUMBER(Data!$S$2:$S$241),Data!$S$2:$S$241))} | H7: =AVERAGEIFS(Data!$AB$2:$AB$241,Data!$G$2:$G$241,$B7,Data!$H$2:$H$241,$A7,Data!$Z$2:$Z$241,"Yes") | I7: {=_xlfn.STDEV.S(IF((Data!$G$2:$G$241=$B7)*(Data!$H$2:$H$241=$A7)*(Data!$Z$2:$Z$241="Yes"),Data!$AB$2:$AB$241))} | J7: =AVERAGEIFS(Data!$AD$2:$AD$241,Data!$G$2:$G$241,$B7,Data!$H$2:$H$241,$A7,Data!$Z$2:$Z$241,"Yes")
A8: Brand_Logo | B8: Commercial_2_Paint | C8: =COUNTIFS(Data!$G$2:$G$241,$B8,Data!$H$2:$H$241,$A8,Data!$Z$2:$Z$241,"Yes") | D8: =100*AVERAGEIFS(Data!$AC$2:$AC$241,Data!$G$2:$G$241,$B8,Data!$H$2:$H$241,$A8,Data!$Z$2:$Z$241,"Yes") | E8: =COUNTIFS(Data!$G$2:$G$241,$B8,Data!$H$2:$H$241,$A8,Data!$Z$2:$Z$241,"Yes",Data!$S$2:$S$241,">0") | F8: =AVERAGEIFS(Data!$S$2:$S$241,Data!$G$2:$G$241,$B8,Data!$H$2:$H$241,$A8,Data!$Z$2:$Z$241,"Yes") | G8: {=_xlfn.STDEV.S(IF((Data!$G$2:$G$241=$B8)*(Data!$H$2:$H$241=$A8)*(Data!$Z$2:$Z$241="Yes")*ISNUMBER(Data!$S$2:$S$241),Data!$S$2:$S$241))} | H8: =AVERAGEIFS(Data!$AB$2:$AB$241,Data!$G$2:$G$241,$B8,Data!$H$2:$H$241,$A8,Data!$Z$2:$Z$241,"Yes") | I8: {=_xlfn.STDEV.S(IF((Data!$G$2:$G$241=$B8)*(Data!$H$2:$H$241=$A8)*(Data!$Z$2:$Z$241="Yes"),Data!$AB$2:$AB$241))} | J8: =AVERAGEIFS(Data!$AD$2:$AD$241,Data!$G$2:$G$241,$B8,Data!$H$2:$H$241,$A8,Data!$Z$2:$Z$241,"Yes")
A9: Tagline_Text | B9: Commercial_1_Balls | C9: =COUNTIFS(Data!$G$2:$G$241,$B9,Data!$H$2:$H$241,$A9,Data!$Z$2:$Z$241,"Yes") | D9: =100*AVERAGEIFS(Data!$AC$2:$AC$241,Data!$G$2:$G$241,$B9,Data!$H$2:$H$241,$A9,Data!$Z$2:$Z$241,"Yes") | E9: =COUNTIFS(Data!$G$2:$G$241,$B9,Data!$H$2:$H$241,$A9,Data!$Z$2:$Z$241,"Yes",Data!$S$2:$S$241,">0") | F9: =AVERAGEIFS(Data!$S$2:$S$241,Data!$G$2:$G$241,$B9,Data!$H$2:$H$241,$A9,Data!$Z$2:$Z$241,"Yes") | G9: {=_xlfn.STDEV.S(IF((Data!$G$2:$G$241=$B9)*(Data!$H$2:$H$241=$A9)*(Data!$Z$2:$Z$241="Yes")*ISNUMBER(Data!$S$2:$S$241),Data!$S$2:$S$241))} | H9: =AVERAGEIFS(Data!$AB$2:$AB$241,Data!$G$2:$G$241,$B9,Data!$H$2:$H$241,$A9,Data!$Z$2:$Z$241,"Yes") | I9: {=_xlfn.STDEV.S(IF((Data!$G$2:$G$241=$B9)*(Data!$H$2:$H$241=$A9)*(Data!$Z$2:$Z$241="Yes"),Data!$AB$2:$AB$241))} | J9: =AVERAGEIFS(Data!$AD$2:$AD$241,Data!$G$2:$G$241,$B9,Data!$H$2:$H$241,$A9,Data!$Z$2:$Z$241,"Yes")
A10: Tagline_Text | B10: Commercial_2_Paint | C10: =COUNTIFS(Data!$G$2:$G$241,$B10,Data!$H$2:$H$241,$A10,Data!$Z$2:$Z$241,"Yes") | D10: =100*AVERAGEIFS(Data!$AC$2:$AC$241,Data!$G$2:$G$241,$B10,Data!$H$2:$H$241,$A10,Data!$Z$2:$Z$241,"Yes") | E10: =COUNTIFS(Data!$G$2:$G$241,$B10,Data!$H$2:$H$241,$A10,Data!$Z$2:$Z$241,"Yes",Data!$S$2:$S$241,">0") | F10: =AVERAGEIFS(Data!$S$2:$S$241,Data!$G$2:$G$241,$B10,Data!$H$2:$H$241,$A10,Data!$Z$2:$Z$241,"Yes") | G10: {=_xlfn.STDEV.S(IF((Data!$G$2:$G$241=$B10)*(Data!$H$2:$H$241=$A10)*(Data!$Z$2:$Z$241="Yes")*ISNUMBER(Data!$S$2:$S$241),Data!$S$2:$S$241))} | H10: =AVERAGEIFS(Data!$AB$2:$AB$241,Data!$G$2:$G$241,$B10,Data!$H$2:$H$241,$A10,Data!$Z$2:$Z$241,"Yes") | I10: {=_xlfn.STDEV.S(IF((Data!$G$2:$G$241=$B10)*(Data!$H$2:$H$241=$A10)*(Data!$Z$2:$Z$241="Yes"),Data!$AB$2:$AB$241))} | J10: =AVERAGEIFS(Data!$AD$2:$AD$241,Data!$G$2:$G$241,$B10,Data!$H$2:$H$241,$A10,Data!$Z$2:$Z$241,"Yes")
A11: Hero_Element | B11: Commercial_1_Balls | C11: =COUNTIFS(Data!$G$2:$G$241,$B11,Data!$H$2:$H$241,$A11,Data!$Z$2:$Z$241,"Yes") | D11: =100*AVERAGEIFS(Data!$AC$2:$AC$241,Data!$G$2:$G$241,$B11,Data!$H$2:$H$241,$A11,Data!$Z$2:$Z$241,"Yes") | E11: =COUNTIFS(Data!$G$2:$G$241,$B11,Data!$H$2:$H$241,$A11,Data!$Z$2:$Z$241,"Yes",Data!$S$2:$S$241,">0") | F11: =AVERAGEIFS(Data!$S$2:$S$241,Data!$G$2:$G$241,$B11,Data!$H$2:$H$241,$A11,Data!$Z$2:$Z$241,"Yes") | G11: {=_xlfn.STDEV.S(IF((Data!$G$2:$G$241=$B11)*(Data!$H$2:$H$241=$A11)*(Data!$Z$2:$Z$241="Yes")*ISNUMBER(Data!$S$2:$S$241),Data!$S$2:$S$241))} | H11: =AVERAGEIFS(Data!$AB$2:$AB$241,Data!$G$2:$G$241,$B11,Data!$H$2:$H$241,$A11,Data!$Z$2:$Z$241,"Yes") | I11: {=_xlfn.STDEV.S(IF((Data!$G$2:$G$241=$B11)*(Data!$H$2:$H$241=$A11)*(Data!$Z$2:$Z$241="Yes"),Data!$AB$2:$AB$241))} | J11: =AVERAGEIFS(Data!$AD$2:$AD$241,Data!$G$2:$G$241,$B11,Data!$H$2:$H$241,$A11,Data!$Z$2:$Z$241,"Yes")
A12: Hero_Element | B12: Commercial_2_Paint | C12: =COUNTIFS(Data!$G$2:$G$241,$B12,Data!$H$2:$H$241,$A12,Data!$Z$2:$Z$241,"Yes") | D12: =100*AVERAGEIFS(Data!$AC$2:$AC$241,Data!$G$2:$G$241,$B12,Data!$H$2:$H$241,$A12,Data!$Z$2:$Z$241,"Yes") | E12: =COUNTIFS(Data!$G$2:$G$241,$B12,Data!$H$2:$H$241,$A12,Data!$Z$2:$Z$241,"Yes",Data!$S$2:$S$241,">0") | F12: =AVERAGEIFS(Data!$S$2:$S$241,Data!$G$2:$G$241,$B12,Data!$H$2:$H$241,$A12,Data!$Z$2:$Z$241,"Yes") | G12: {=_xlfn.STDEV.S(IF((Data!$G$2:$G$241=$B12)*(Data!$H$2:$H$241=$A12)*(Data!$Z$2:$Z$241="Yes")*ISNUMBER(Data!$S$2:$S$241),Data!$S$2:$S$241))} | H12: =AVERAGEIFS(Data!$AB$2:$AB$241,Data!$G$2:$G$241,$B12,Data!$H$2:$H$241,$A12,Data!$Z$2:$Z$241,"Yes") | I12: {=_xlfn.STDEV.S(IF((Data!$G$2:$G$241=$B12)*(Data!$H$2:$H$241=$A12)*(Data!$Z$2:$Z$241="Yes"),Data!$AB$2:$AB$241))} | J12: =AVERAGEIFS(Data!$AD$2:$AD$241,Data!$G$2:$G$241,$B12,Data!$H$2:$H$241,$A12,Data!$Z$2:$Z$241,"Yes")
A14: Array formulas (columns G and I): Excel 365 evaluates them with Enter; Excel 2019 or older needs Ctrl+Shift+Enter after editing.
A16: Chart table: mean Dwell time (%) by AOI and commercial
A17: AOI | B17: Balls | C17: Paint
A18: Product_TV | B18: =H5 | C18: =H6
A19: Brand_Logo | B19: =H7 | C19: =H8
A20: Tagline_Text | B20: =H9 | C20: =H10
A21: Hero_Element | B21: =H11 | C21: =H12

Sheet ProductTV
A1: H1. Product_TV Dwell time (%), Balls versus Paint, kept respondents. SIMULATED data.
A2: One row per kept respondent. Columns D and E pull the two dwell shares from the Data sheet with SUMIFS (each respondent has exactly one Product_TV row per commercial). Difference is Paint minus Balls.
A4: Respondent Name | B4: Group (order) | C4: Valid data | D4: Balls Dwell time (%) | E4: Paint Dwell time (%) | F4: Difference (Paint minus Balls) | G4: Paint seen | I4: Statistic | J4: Value | K4: Formula shown | L4: Note
A5: R01 | B5: =INDEX(Data!$E$2:$E$241,MATCH($A5,Data!$B$2:$B$241,0)) | C5: =INDEX(Data!$L$2:$L$241,MATCH($A5,Data!$B$2:$B$241,0)) | D5: =SUMIFS(Data!$AB$2:$AB$241,Data!$B$2:$B$241,$A5,Data!$H$2:$H$241,"Product_TV",Data!$G$2:$G$241,"Commercial_1_Balls") | E5: =SUMIFS(Data!$AB$2:$AB$241,Data!$B$2:$B$241,$A5,Data!$H$2:$H$241,"Product_TV",Data!$G$2:$G$241,"Commercial_2_Paint") | F5: =E5-D5 | G5: =IF(B5="A","second","first") | I5: Paired t test and d_z: Product_TV Dwell time (%)
A6: R02 | B6: =INDEX(Data!$E$2:$E$241,MATCH($A6,Data!$B$2:$B$241,0)) | C6: =INDEX(Data!$L$2:$L$241,MATCH($A6,Data!$B$2:$B$241,0)) | D6: =SUMIFS(Data!$AB$2:$AB$241,Data!$B$2:$B$241,$A6,Data!$H$2:$H$241,"Product_TV",Data!$G$2:$G$241,"Commercial_1_Balls") | E6: =SUMIFS(Data!$AB$2:$AB$241,Data!$B$2:$B$241,$A6,Data!$H$2:$H$241,"Product_TV",Data!$G$2:$G$241,"Commercial_2_Paint") | F6: =E6-D6 | G6: =IF(B6="A","second","first") | I6: Balls mean (%) | J6: =AVERAGE(D5:D33) | K6: =AVERAGE(D5:D33) | L6: AVERAGE of the Balls column
A7: R03 | B7: =INDEX(Data!$E$2:$E$241,MATCH($A7,Data!$B$2:$B$241,0)) | C7: =INDEX(Data!$L$2:$L$241,MATCH($A7,Data!$B$2:$B$241,0)) | D7: =SUMIFS(Data!$AB$2:$AB$241,Data!$B$2:$B$241,$A7,Data!$H$2:$H$241,"Product_TV",Data!$G$2:$G$241,"Commercial_1_Balls") | E7: =SUMIFS(Data!$AB$2:$AB$241,Data!$B$2:$B$241,$A7,Data!$H$2:$H$241,"Product_TV",Data!$G$2:$G$241,"Commercial_2_Paint") | F7: =E7-D7 | G7: =IF(B7="A","second","first") | I7: Balls SD (%) | J7: =_xlfn.STDEV.S(D5:D33) | K7: =STDEV.S(D5:D33) | L7: STDEV.S = sample standard deviation
A8: R04 | B8: =INDEX(Data!$E$2:$E$241,MATCH($A8,Data!$B$2:$B$241,0)) | C8: =INDEX(Data!$L$2:$L$241,MATCH($A8,Data!$B$2:$B$241,0)) | D8: =SUMIFS(Data!$AB$2:$AB$241,Data!$B$2:$B$241,$A8,Data!$H$2:$H$241,"Product_TV",Data!$G$2:$G$241,"Commercial_1_Balls") | E8: =SUMIFS(Data!$AB$2:$AB$241,Data!$B$2:$B$241,$A8,Data!$H$2:$H$241,"Product_TV",Data!$G$2:$G$241,"Commercial_2_Paint") | F8: =E8-D8 | G8: =IF(B8="A","second","first") | I8: Paint mean (%) | J8: =AVERAGE(E5:E33) | K8: =AVERAGE(E5:E33)
A9: R05 | B9: =INDEX(Data!$E$2:$E$241,MATCH($A9,Data!$B$2:$B$241,0)) | C9: =INDEX(Data!$L$2:$L$241,MATCH($A9,Data!$B$2:$B$241,0)) | D9: =SUMIFS(Data!$AB$2:$AB$241,Data!$B$2:$B$241,$A9,Data!$H$2:$H$241,"Product_TV",Data!$G$2:$G$241,"Commercial_1_Balls") | E9: =SUMIFS(Data!$AB$2:$AB$241,Data!$B$2:$B$241,$A9,Data!$H$2:$H$241,"Product_TV",Data!$G$2:$G$241,"Commercial_2_Paint") | F9: =E9-D9 | G9: =IF(B9="A","second","first") | I9: Paint SD (%) | J9: =_xlfn.STDEV.S(E5:E33) | K9: =STDEV.S(E5:E33)
A10: R06 | B10: =INDEX(Data!$E$2:$E$241,MATCH($A10,Data!$B$2:$B$241,0)) | C10: =INDEX(Data!$L$2:$L$241,MATCH($A10,Data!$B$2:$B$241,0)) | D10: =SUMIFS(Data!$AB$2:$AB$241,Data!$B$2:$B$241,$A10,Data!$H$2:$H$241,"Product_TV",Data!$G$2:$G$241,"Commercial_1_Balls") | E10: =SUMIFS(Data!$AB$2:$AB$241,Data!$B$2:$B$241,$A10,Data!$H$2:$H$241,"Product_TV",Data!$G$2:$G$241,"Commercial_2_Paint") | F10: =E10-D10 | G10: =IF(B10="A","second","first") | I10: n pairs | J10: =COUNT(F5:F33) | K10: =COUNT(F5:F33) | L10: COUNT of the difference column; must equal the check row below
A11: R07 | B11: =INDEX(Data!$E$2:$E$241,MATCH($A11,Data!$B$2:$B$241,0)) | C11: =INDEX(Data!$L$2:$L$241,MATCH($A11,Data!$B$2:$B$241,0)) | D11: =SUMIFS(Data!$AB$2:$AB$241,Data!$B$2:$B$241,$A11,Data!$H$2:$H$241,"Product_TV",Data!$G$2:$G$241,"Commercial_1_Balls") | E11: =SUMIFS(Data!$AB$2:$AB$241,Data!$B$2:$B$241,$A11,Data!$H$2:$H$241,"Product_TV",Data!$G$2:$G$241,"Commercial_2_Paint") | F11: =E11-D11 | G11: =IF(B11="A","second","first") | I11: Mean difference, Paint minus Balls (%) | J11: =AVERAGE(F5:F33) | K11: =AVERAGE(F5:F33)
A12: R08 | B12: =INDEX(Data!$E$2:$E$241,MATCH($A12,Data!$B$2:$B$241,0)) | C12: =INDEX(Data!$L$2:$L$241,MATCH($A12,Data!$B$2:$B$241,0)) | D12: =SUMIFS(Data!$AB$2:$AB$241,Data!$B$2:$B$241,$A12,Data!$H$2:$H$241,"Product_TV",Data!$G$2:$G$241,"Commercial_1_Balls") | E12: =SUMIFS(Data!$AB$2:$AB$241,Data!$B$2:$B$241,$A12,Data!$H$2:$H$241,"Product_TV",Data!$G$2:$G$241,"Commercial_2_Paint") | F12: =E12-D12 | G12: =IF(B12="A","second","first") | I12: SD of the differences (%) | J12: =_xlfn.STDEV.S(F5:F33) | K12: =STDEV.S(F5:F33) | L12: the SD that matters in a paired test
A13: R09 | B13: =INDEX(Data!$E$2:$E$241,MATCH($A13,Data!$B$2:$B$241,0)) | C13: =INDEX(Data!$L$2:$L$241,MATCH($A13,Data!$B$2:$B$241,0)) | D13: =SUMIFS(Data!$AB$2:$AB$241,Data!$B$2:$B$241,$A13,Data!$H$2:$H$241,"Product_TV",Data!$G$2:$G$241,"Commercial_1_Balls") | E13: =SUMIFS(Data!$AB$2:$AB$241,Data!$B$2:$B$241,$A13,Data!$H$2:$H$241,"Product_TV",Data!$G$2:$G$241,"Commercial_2_Paint") | F13: =E13-D13 | G13: =IF(B13="A","second","first") | I13: SE of the mean difference | J13: =J12/SQRT(J10) | K13: =J12/SQRT(J10) | L13: SD of differences / sqrt(n)
A14: R10 | B14: =INDEX(Data!$E$2:$E$241,MATCH($A14,Data!$B$2:$B$241,0)) | C14: =INDEX(Data!$L$2:$L$241,MATCH($A14,Data!$B$2:$B$241,0)) | D14: =SUMIFS(Data!$AB$2:$AB$241,Data!$B$2:$B$241,$A14,Data!$H$2:$H$241,"Product_TV",Data!$G$2:$G$241,"Commercial_1_Balls") | E14: =SUMIFS(Data!$AB$2:$AB$241,Data!$B$2:$B$241,$A14,Data!$H$2:$H$241,"Product_TV",Data!$G$2:$G$241,"Commercial_2_Paint") | F14: =E14-D14 | G14: =IF(B14="A","second","first") | I14: Paired t | J14: =J11/J13 | K14: =J11/J13 | L14: t = mean difference / SE
A15: R11 | B15: =INDEX(Data!$E$2:$E$241,MATCH($A15,Data!$B$2:$B$241,0)) | C15: =INDEX(Data!$L$2:$L$241,MATCH($A15,Data!$B$2:$B$241,0)) | D15: =SUMIFS(Data!$AB$2:$AB$241,Data!$B$2:$B$241,$A15,Data!$H$2:$H$241,"Product_TV",Data!$G$2:$G$241,"Commercial_1_Balls") | E15: =SUMIFS(Data!$AB$2:$AB$241,Data!$B$2:$B$241,$A15,Data!$H$2:$H$241,"Product_TV",Data!$G$2:$G$241,"Commercial_2_Paint") | F15: =E15-D15 | G15: =IF(B15="A","second","first") | I15: df | J15: =J10-1 | K15: =J10-1 | L15: n pairs minus 1
A16: R12 | B16: =INDEX(Data!$E$2:$E$241,MATCH($A16,Data!$B$2:$B$241,0)) | C16: =INDEX(Data!$L$2:$L$241,MATCH($A16,Data!$B$2:$B$241,0)) | D16: =SUMIFS(Data!$AB$2:$AB$241,Data!$B$2:$B$241,$A16,Data!$H$2:$H$241,"Product_TV",Data!$G$2:$G$241,"Commercial_1_Balls") | E16: =SUMIFS(Data!$AB$2:$AB$241,Data!$B$2:$B$241,$A16,Data!$H$2:$H$241,"Product_TV",Data!$G$2:$G$241,"Commercial_2_Paint") | F16: =E16-D16 | G16: =IF(B16="A","second","first") | I16: p, two tailed (T.TEST type 1) | J16: =_xlfn.T.TEST(D5:D33,E5:E33,2,1) | K16: =T.TEST(D5:D33,E5:E33,2,1) | L16: tails = 2, type = 1 means paired
A17: R13 | B17: =INDEX(Data!$E$2:$E$241,MATCH($A17,Data!$B$2:$B$241,0)) | C17: =INDEX(Data!$L$2:$L$241,MATCH($A17,Data!$B$2:$B$241,0)) | D17: =SUMIFS(Data!$AB$2:$AB$241,Data!$B$2:$B$241,$A17,Data!$H$2:$H$241,"Product_TV",Data!$G$2:$G$241,"Commercial_1_Balls") | E17: =SUMIFS(Data!$AB$2:$AB$241,Data!$B$2:$B$241,$A17,Data!$H$2:$H$241,"Product_TV",Data!$G$2:$G$241,"Commercial_2_Paint") | F17: =E17-D17 | G17: =IF(B17="A","second","first") | I17: p from the hand computed t | J17: =_xlfn.T.DIST.2T(ABS(J14),J15) | K17: =T.DIST.2T(ABS(J14),J15) | L17: should match the T.TEST cell
A18: R14 | B18: =INDEX(Data!$E$2:$E$241,MATCH($A18,Data!$B$2:$B$241,0)) | C18: =INDEX(Data!$L$2:$L$241,MATCH($A18,Data!$B$2:$B$241,0)) | D18: =SUMIFS(Data!$AB$2:$AB$241,Data!$B$2:$B$241,$A18,Data!$H$2:$H$241,"Product_TV",Data!$G$2:$G$241,"Commercial_1_Balls") | E18: =SUMIFS(Data!$AB$2:$AB$241,Data!$B$2:$B$241,$A18,Data!$H$2:$H$241,"Product_TV",Data!$G$2:$G$241,"Commercial_2_Paint") | F18: =E18-D18 | G18: =IF(B18="A","second","first") | I18: Critical t (95%) | J18: =_xlfn.T.INV.2T(0.05,J15) | K18: =T.INV.2T(0.05,J15) | L18: two tailed, alpha = .05
A19: R15 | B19: =INDEX(Data!$E$2:$E$241,MATCH($A19,Data!$B$2:$B$241,0)) | C19: =INDEX(Data!$L$2:$L$241,MATCH($A19,Data!$B$2:$B$241,0)) | D19: =SUMIFS(Data!$AB$2:$AB$241,Data!$B$2:$B$241,$A19,Data!$H$2:$H$241,"Product_TV",Data!$G$2:$G$241,"Commercial_1_Balls") | E19: =SUMIFS(Data!$AB$2:$AB$241,Data!$B$2:$B$241,$A19,Data!$H$2:$H$241,"Product_TV",Data!$G$2:$G$241,"Commercial_2_Paint") | F19: =E19-D19 | G19: =IF(B19="A","second","first") | I19: Mean difference 95% CI lower | J19: =J11-J18*J13 | K19: =J11-J18*J13
A20: R16 | B20: =INDEX(Data!$E$2:$E$241,MATCH($A20,Data!$B$2:$B$241,0)) | C20: =INDEX(Data!$L$2:$L$241,MATCH($A20,Data!$B$2:$B$241,0)) | D20: =SUMIFS(Data!$AB$2:$AB$241,Data!$B$2:$B$241,$A20,Data!$H$2:$H$241,"Product_TV",Data!$G$2:$G$241,"Commercial_1_Balls") | E20: =SUMIFS(Data!$AB$2:$AB$241,Data!$B$2:$B$241,$A20,Data!$H$2:$H$241,"Product_TV",Data!$G$2:$G$241,"Commercial_2_Paint") | F20: =E20-D20 | G20: =IF(B20="A","second","first") | I20: Mean difference 95% CI upper | J20: =J11+J18*J13 | K20: =J11+J18*J13
A21: R17 | B21: =INDEX(Data!$E$2:$E$241,MATCH($A21,Data!$B$2:$B$241,0)) | C21: =INDEX(Data!$L$2:$L$241,MATCH($A21,Data!$B$2:$B$241,0)) | D21: =SUMIFS(Data!$AB$2:$AB$241,Data!$B$2:$B$241,$A21,Data!$H$2:$H$241,"Product_TV",Data!$G$2:$G$241,"Commercial_1_Balls") | E21: =SUMIFS(Data!$AB$2:$AB$241,Data!$B$2:$B$241,$A21,Data!$H$2:$H$241,"Product_TV",Data!$G$2:$G$241,"Commercial_2_Paint") | F21: =E21-D21 | G21: =IF(B21="A","second","first") | I21: Cohen's d_z | J21: =J11/J12 | K21: =J11/J12 | L21: d_z = mean difference / SD of differences
A22: R18 | B22: =INDEX(Data!$E$2:$E$241,MATCH($A22,Data!$B$2:$B$241,0)) | C22: =INDEX(Data!$L$2:$L$241,MATCH($A22,Data!$B$2:$B$241,0)) | D22: =SUMIFS(Data!$AB$2:$AB$241,Data!$B$2:$B$241,$A22,Data!$H$2:$H$241,"Product_TV",Data!$G$2:$G$241,"Commercial_1_Balls") | E22: =SUMIFS(Data!$AB$2:$AB$241,Data!$B$2:$B$241,$A22,Data!$H$2:$H$241,"Product_TV",Data!$G$2:$G$241,"Commercial_2_Paint") | F22: =E22-D22 | G22: =IF(B22="A","second","first") | I22: SE of d_z (approximation) | J22: =SQRT(1/J10+J21^2/(2*J10)) | K22: =SQRT(1/J10+J21^2/(2*J10)) | L22: sqrt(1/n + d_z^2 / (2 n))
A23: R19 | B23: =INDEX(Data!$E$2:$E$241,MATCH($A23,Data!$B$2:$B$241,0)) | C23: =INDEX(Data!$L$2:$L$241,MATCH($A23,Data!$B$2:$B$241,0)) | D23: =SUMIFS(Data!$AB$2:$AB$241,Data!$B$2:$B$241,$A23,Data!$H$2:$H$241,"Product_TV",Data!$G$2:$G$241,"Commercial_1_Balls") | E23: =SUMIFS(Data!$AB$2:$AB$241,Data!$B$2:$B$241,$A23,Data!$H$2:$H$241,"Product_TV",Data!$G$2:$G$241,"Commercial_2_Paint") | F23: =E23-D23 | G23: =IF(B23="A","second","first") | I23: d_z 95% CI lower | J23: =J21-1.96*J22 | K23: =J21-1.96*J22 | L23: large sample approximation; R uses the noncentral t interval
A24: R20 | B24: =INDEX(Data!$E$2:$E$241,MATCH($A24,Data!$B$2:$B$241,0)) | C24: =INDEX(Data!$L$2:$L$241,MATCH($A24,Data!$B$2:$B$241,0)) | D24: =SUMIFS(Data!$AB$2:$AB$241,Data!$B$2:$B$241,$A24,Data!$H$2:$H$241,"Product_TV",Data!$G$2:$G$241,"Commercial_1_Balls") | E24: =SUMIFS(Data!$AB$2:$AB$241,Data!$B$2:$B$241,$A24,Data!$H$2:$H$241,"Product_TV",Data!$G$2:$G$241,"Commercial_2_Paint") | F24: =E24-D24 | G24: =IF(B24="A","second","first") | I24: d_z 95% CI upper | J24: =J21+1.96*J22 | K24: =J21+1.96*J22
A25: R21 | B25: =INDEX(Data!$E$2:$E$241,MATCH($A25,Data!$B$2:$B$241,0)) | C25: =INDEX(Data!$L$2:$L$241,MATCH($A25,Data!$B$2:$B$241,0)) | D25: =SUMIFS(Data!$AB$2:$AB$241,Data!$B$2:$B$241,$A25,Data!$H$2:$H$241,"Product_TV",Data!$G$2:$G$241,"Commercial_1_Balls") | E25: =SUMIFS(Data!$AB$2:$AB$241,Data!$B$2:$B$241,$A25,Data!$H$2:$H$241,"Product_TV",Data!$G$2:$G$241,"Commercial_2_Paint") | F25: =E25-D25 | G25: =IF(B25="A","second","first") | I25: Correlation of the two columns | J25: =CORREL(D5:D33,E5:E33) | K25: =CORREL(D5:D33,E5:E33) | L25: within respondent correlation
A26: R22 | B26: =INDEX(Data!$E$2:$E$241,MATCH($A26,Data!$B$2:$B$241,0)) | C26: =INDEX(Data!$L$2:$L$241,MATCH($A26,Data!$B$2:$B$241,0)) | D26: =SUMIFS(Data!$AB$2:$AB$241,Data!$B$2:$B$241,$A26,Data!$H$2:$H$241,"Product_TV",Data!$G$2:$G$241,"Commercial_1_Balls") | E26: =SUMIFS(Data!$AB$2:$AB$241,Data!$B$2:$B$241,$A26,Data!$H$2:$H$241,"Product_TV",Data!$G$2:$G$241,"Commercial_2_Paint") | F26: =E26-D26 | G26: =IF(B26="A","second","first")
A27: R24 | B27: =INDEX(Data!$E$2:$E$241,MATCH($A27,Data!$B$2:$B$241,0)) | C27: =INDEX(Data!$L$2:$L$241,MATCH($A27,Data!$B$2:$B$241,0)) | D27: =SUMIFS(Data!$AB$2:$AB$241,Data!$B$2:$B$241,$A27,Data!$H$2:$H$241,"Product_TV",Data!$G$2:$G$241,"Commercial_1_Balls") | E27: =SUMIFS(Data!$AB$2:$AB$241,Data!$B$2:$B$241,$A27,Data!$H$2:$H$241,"Product_TV",Data!$G$2:$G$241,"Commercial_2_Paint") | F27: =E27-D27 | G27: =IF(B27="A","second","first") | I27: Order effect (simple within respondent estimate)
A28: R25 | B28: =INDEX(Data!$E$2:$E$241,MATCH($A28,Data!$B$2:$B$241,0)) | C28: =INDEX(Data!$L$2:$L$241,MATCH($A28,Data!$B$2:$B$241,0)) | D28: =SUMIFS(Data!$AB$2:$AB$241,Data!$B$2:$B$241,$A28,Data!$H$2:$H$241,"Product_TV",Data!$G$2:$G$241,"Commercial_1_Balls") | E28: =SUMIFS(Data!$AB$2:$AB$241,Data!$B$2:$B$241,$A28,Data!$H$2:$H$241,"Product_TV",Data!$G$2:$G$241,"Commercial_2_Paint") | F28: =E28-D28 | G28: =IF(B28="A","second","first") | I28: Mean difference, Group A (Paint seen second) | J28: =AVERAGEIFS(F5:F33,B5:B33,"A") | K28: =AVERAGEIFS(F5:F33,B5:B33,"A") | L28: difference = commercial effect + order effect
A29: R26 | B29: =INDEX(Data!$E$2:$E$241,MATCH($A29,Data!$B$2:$B$241,0)) | C29: =INDEX(Data!$L$2:$L$241,MATCH($A29,Data!$B$2:$B$241,0)) | D29: =SUMIFS(Data!$AB$2:$AB$241,Data!$B$2:$B$241,$A29,Data!$H$2:$H$241,"Product_TV",Data!$G$2:$G$241,"Commercial_1_Balls") | E29: =SUMIFS(Data!$AB$2:$AB$241,Data!$B$2:$B$241,$A29,Data!$H$2:$H$241,"Product_TV",Data!$G$2:$G$241,"Commercial_2_Paint") | F29: =E29-D29 | G29: =IF(B29="A","second","first") | I29: Mean difference, Group B (Paint seen first) | J29: =AVERAGEIFS(F5:F33,B5:B33,"B") | K29: =AVERAGEIFS(F5:F33,B5:B33,"B") | L29: difference = commercial effect - order effect
A30: R27 | B30: =INDEX(Data!$E$2:$E$241,MATCH($A30,Data!$B$2:$B$241,0)) | C30: =INDEX(Data!$L$2:$L$241,MATCH($A30,Data!$B$2:$B$241,0)) | D30: =SUMIFS(Data!$AB$2:$AB$241,Data!$B$2:$B$241,$A30,Data!$H$2:$H$241,"Product_TV",Data!$G$2:$G$241,"Commercial_1_Balls") | E30: =SUMIFS(Data!$AB$2:$AB$241,Data!$B$2:$B$241,$A30,Data!$H$2:$H$241,"Product_TV",Data!$G$2:$G$241,"Commercial_2_Paint") | F30: =E30-D30 | G30: =IF(B30="A","second","first") | I30: n, Group A | J30: =COUNTIF(B5:B33,"A") | K30: =COUNTIF(B5:B33,"A")
A31: R28 | B31: =INDEX(Data!$E$2:$E$241,MATCH($A31,Data!$B$2:$B$241,0)) | C31: =INDEX(Data!$L$2:$L$241,MATCH($A31,Data!$B$2:$B$241,0)) | D31: =SUMIFS(Data!$AB$2:$AB$241,Data!$B$2:$B$241,$A31,Data!$H$2:$H$241,"Product_TV",Data!$G$2:$G$241,"Commercial_1_Balls") | E31: =SUMIFS(Data!$AB$2:$AB$241,Data!$B$2:$B$241,$A31,Data!$H$2:$H$241,"Product_TV",Data!$G$2:$G$241,"Commercial_2_Paint") | F31: =E31-D31 | G31: =IF(B31="A","second","first") | I31: n, Group B | J31: =COUNTIF(B5:B33,"B") | K31: =COUNTIF(B5:B33,"B")
A32: R29 | B32: =INDEX(Data!$E$2:$E$241,MATCH($A32,Data!$B$2:$B$241,0)) | C32: =INDEX(Data!$L$2:$L$241,MATCH($A32,Data!$B$2:$B$241,0)) | D32: =SUMIFS(Data!$AB$2:$AB$241,Data!$B$2:$B$241,$A32,Data!$H$2:$H$241,"Product_TV",Data!$G$2:$G$241,"Commercial_1_Balls") | E32: =SUMIFS(Data!$AB$2:$AB$241,Data!$B$2:$B$241,$A32,Data!$H$2:$H$241,"Product_TV",Data!$G$2:$G$241,"Commercial_2_Paint") | F32: =E32-D32 | G32: =IF(B32="A","second","first") | I32: Order effect (second minus first) | J32: =(J28-J29)/2 | K32: =(J28-J29)/2 | L32: same as the lmer coefficient for order_position here; Excel cannot fit the mixed model
A33: R30 | B33: =INDEX(Data!$E$2:$E$241,MATCH($A33,Data!$B$2:$B$241,0)) | C33: =INDEX(Data!$L$2:$L$241,MATCH($A33,Data!$B$2:$B$241,0)) | D33: =SUMIFS(Data!$AB$2:$AB$241,Data!$B$2:$B$241,$A33,Data!$H$2:$H$241,"Product_TV",Data!$G$2:$G$241,"Commercial_1_Balls") | E33: =SUMIFS(Data!$AB$2:$AB$241,Data!$B$2:$B$241,$A33,Data!$H$2:$H$241,"Product_TV",Data!$G$2:$G$241,"Commercial_2_Paint") | F33: =E33-D33 | G33: =IF(B33="A","second","first") | I33: Commercial effect (Paint minus Balls), order adjusted | J33: =(J28+J29)/2 | K33: =(J28+J29)/2 | L33: average of the two group differences
I35: Checks
I36: Kept respondents with a Product_TV row for Balls in Data | J36: =COUNTIFS(Data!$G$2:$G$241,"Commercial_1_Balls",Data!$H$2:$H$241,"Product_TV",Data!$Z$2:$Z$241,"Yes") | K36: =COUNTIFS(Data!$G$2:$G$241,"Commercial_1_Balls",Data!$H$2:$H$241,"Product_TV",Data!$Z$2:$Z$241,"Yes") | L36: must equal n pairs; if not, the roster in column A is out of date
I37: Smallest Valid data in column C | J37: =MIN(C5:C33) | K37: =MIN(C5:C33) | L37: must be at least 70
I40: Chart table: mean dwell share with 95% CI half width
I41: Commercial | J41: Mean dwell (%) | K41: CI half width
I42: Balls | J42: =J6 | K42: =_xlfn.CONFIDENCE.T(0.05,J7,J10)
I43: Paint | J43: =J8 | K43: =_xlfn.CONFIDENCE.T(0.05,J9,J10)

Sheet BrandLogo
A1: H2. Brand_Logo TTFF AOI (ms), Balls versus Paint, respondents with a TTFF in both commercials. SIMULATED data.
A2: A respondent who never fixated the logo has NA, which cannot enter a paired test, so the roster below lists only kept respondents with a number in BOTH commercials. TTFF AOI counts from the start of the end card. Difference is Paint minus Balls.
A4: Respondent Name | B4: Group (order) | C4: Balls TTFF AOI (ms) | D4: Paint TTFF AOI (ms) | E4: Difference (Paint minus Balls) | G4: Statistic | H4: Value | I4: Formula shown | J4: Note
A5: R01 | B5: =INDEX(Data!$E$2:$E$241,MATCH($A5,Data!$B$2:$B$241,0)) | C5: =SUMIFS(Data!$S$2:$S$241,Data!$B$2:$B$241,$A5,Data!$H$2:$H$241,"Brand_Logo",Data!$G$2:$G$241,"Commercial_1_Balls") | D5: =SUMIFS(Data!$S$2:$S$241,Data!$B$2:$B$241,$A5,Data!$H$2:$H$241,"Brand_Logo",Data!$G$2:$G$241,"Commercial_2_Paint") | E5: =D5-C5 | G5: Paired t test and d_z: Brand_Logo TTFF AOI (ms)
A6: R02 | B6: =INDEX(Data!$E$2:$E$241,MATCH($A6,Data!$B$2:$B$241,0)) | C6: =SUMIFS(Data!$S$2:$S$241,Data!$B$2:$B$241,$A6,Data!$H$2:$H$241,"Brand_Logo",Data!$G$2:$G$241,"Commercial_1_Balls") | D6: =SUMIFS(Data!$S$2:$S$241,Data!$B$2:$B$241,$A6,Data!$H$2:$H$241,"Brand_Logo",Data!$G$2:$G$241,"Commercial_2_Paint") | E6: =D6-C6 | G6: Balls mean (ms) | H6: =AVERAGE(C5:C29) | I6: =AVERAGE(C5:C29) | J6: AVERAGE of the Balls column
A7: R03 | B7: =INDEX(Data!$E$2:$E$241,MATCH($A7,Data!$B$2:$B$241,0)) | C7: =SUMIFS(Data!$S$2:$S$241,Data!$B$2:$B$241,$A7,Data!$H$2:$H$241,"Brand_Logo",Data!$G$2:$G$241,"Commercial_1_Balls") | D7: =SUMIFS(Data!$S$2:$S$241,Data!$B$2:$B$241,$A7,Data!$H$2:$H$241,"Brand_Logo",Data!$G$2:$G$241,"Commercial_2_Paint") | E7: =D7-C7 | G7: Balls SD (ms) | H7: =_xlfn.STDEV.S(C5:C29) | I7: =STDEV.S(C5:C29) | J7: STDEV.S = sample standard deviation
A8: R04 | B8: =INDEX(Data!$E$2:$E$241,MATCH($A8,Data!$B$2:$B$241,0)) | C8: =SUMIFS(Data!$S$2:$S$241,Data!$B$2:$B$241,$A8,Data!$H$2:$H$241,"Brand_Logo",Data!$G$2:$G$241,"Commercial_1_Balls") | D8: =SUMIFS(Data!$S$2:$S$241,Data!$B$2:$B$241,$A8,Data!$H$2:$H$241,"Brand_Logo",Data!$G$2:$G$241,"Commercial_2_Paint") | E8: =D8-C8 | G8: Paint mean (ms) | H8: =AVERAGE(D5:D29) | I8: =AVERAGE(D5:D29)
A9: R05 | B9: =INDEX(Data!$E$2:$E$241,MATCH($A9,Data!$B$2:$B$241,0)) | C9: =SUMIFS(Data!$S$2:$S$241,Data!$B$2:$B$241,$A9,Data!$H$2:$H$241,"Brand_Logo",Data!$G$2:$G$241,"Commercial_1_Balls") | D9: =SUMIFS(Data!$S$2:$S$241,Data!$B$2:$B$241,$A9,Data!$H$2:$H$241,"Brand_Logo",Data!$G$2:$G$241,"Commercial_2_Paint") | E9: =D9-C9 | G9: Paint SD (ms) | H9: =_xlfn.STDEV.S(D5:D29) | I9: =STDEV.S(D5:D29)
A10: R06 | B10: =INDEX(Data!$E$2:$E$241,MATCH($A10,Data!$B$2:$B$241,0)) | C10: =SUMIFS(Data!$S$2:$S$241,Data!$B$2:$B$241,$A10,Data!$H$2:$H$241,"Brand_Logo",Data!$G$2:$G$241,"Commercial_1_Balls") | D10: =SUMIFS(Data!$S$2:$S$241,Data!$B$2:$B$241,$A10,Data!$H$2:$H$241,"Brand_Logo",Data!$G$2:$G$241,"Commercial_2_Paint") | E10: =D10-C10 | G10: n pairs | H10: =COUNT(E5:E29) | I10: =COUNT(E5:E29) | J10: pairs only: respondents with a TTFF in both commercials
A11: R07 | B11: =INDEX(Data!$E$2:$E$241,MATCH($A11,Data!$B$2:$B$241,0)) | C11: =SUMIFS(Data!$S$2:$S$241,Data!$B$2:$B$241,$A11,Data!$H$2:$H$241,"Brand_Logo",Data!$G$2:$G$241,"Commercial_1_Balls") | D11: =SUMIFS(Data!$S$2:$S$241,Data!$B$2:$B$241,$A11,Data!$H$2:$H$241,"Brand_Logo",Data!$G$2:$G$241,"Commercial_2_Paint") | E11: =D11-C11 | G11: Mean difference, Paint minus Balls (ms) | H11: =AVERAGE(E5:E29) | I11: =AVERAGE(E5:E29)
A12: R08 | B12: =INDEX(Data!$E$2:$E$241,MATCH($A12,Data!$B$2:$B$241,0)) | C12: =SUMIFS(Data!$S$2:$S$241,Data!$B$2:$B$241,$A12,Data!$H$2:$H$241,"Brand_Logo",Data!$G$2:$G$241,"Commercial_1_Balls") | D12: =SUMIFS(Data!$S$2:$S$241,Data!$B$2:$B$241,$A12,Data!$H$2:$H$241,"Brand_Logo",Data!$G$2:$G$241,"Commercial_2_Paint") | E12: =D12-C12 | G12: SD of the differences (ms) | H12: =_xlfn.STDEV.S(E5:E29) | I12: =STDEV.S(E5:E29) | J12: the SD that matters in a paired test
A13: R11 | B13: =INDEX(Data!$E$2:$E$241,MATCH($A13,Data!$B$2:$B$241,0)) | C13: =SUMIFS(Data!$S$2:$S$241,Data!$B$2:$B$241,$A13,Data!$H$2:$H$241,"Brand_Logo",Data!$G$2:$G$241,"Commercial_1_Balls") | D13: =SUMIFS(Data!$S$2:$S$241,Data!$B$2:$B$241,$A13,Data!$H$2:$H$241,"Brand_Logo",Data!$G$2:$G$241,"Commercial_2_Paint") | E13: =D13-C13 | G13: SE of the mean difference | H13: =H12/SQRT(H10) | I13: =H12/SQRT(H10) | J13: SD of differences / sqrt(n)
A14: R12 | B14: =INDEX(Data!$E$2:$E$241,MATCH($A14,Data!$B$2:$B$241,0)) | C14: =SUMIFS(Data!$S$2:$S$241,Data!$B$2:$B$241,$A14,Data!$H$2:$H$241,"Brand_Logo",Data!$G$2:$G$241,"Commercial_1_Balls") | D14: =SUMIFS(Data!$S$2:$S$241,Data!$B$2:$B$241,$A14,Data!$H$2:$H$241,"Brand_Logo",Data!$G$2:$G$241,"Commercial_2_Paint") | E14: =D14-C14 | G14: Paired t | H14: =H11/H13 | I14: =H11/H13 | J14: t = mean difference / SE
A15: R13 | B15: =INDEX(Data!$E$2:$E$241,MATCH($A15,Data!$B$2:$B$241,0)) | C15: =SUMIFS(Data!$S$2:$S$241,Data!$B$2:$B$241,$A15,Data!$H$2:$H$241,"Brand_Logo",Data!$G$2:$G$241,"Commercial_1_Balls") | D15: =SUMIFS(Data!$S$2:$S$241,Data!$B$2:$B$241,$A15,Data!$H$2:$H$241,"Brand_Logo",Data!$G$2:$G$241,"Commercial_2_Paint") | E15: =D15-C15 | G15: df | H15: =H10-1 | I15: =H10-1 | J15: n pairs minus 1
A16: R14 | B16: =INDEX(Data!$E$2:$E$241,MATCH($A16,Data!$B$2:$B$241,0)) | C16: =SUMIFS(Data!$S$2:$S$241,Data!$B$2:$B$241,$A16,Data!$H$2:$H$241,"Brand_Logo",Data!$G$2:$G$241,"Commercial_1_Balls") | D16: =SUMIFS(Data!$S$2:$S$241,Data!$B$2:$B$241,$A16,Data!$H$2:$H$241,"Brand_Logo",Data!$G$2:$G$241,"Commercial_2_Paint") | E16: =D16-C16 | G16: p, two tailed (T.TEST type 1) | H16: =_xlfn.T.TEST(C5:C29,D5:D29,2,1) | I16: =T.TEST(C5:C29,D5:D29,2,1) | J16: tails = 2, type = 1 means paired
A17: R15 | B17: =INDEX(Data!$E$2:$E$241,MATCH($A17,Data!$B$2:$B$241,0)) | C17: =SUMIFS(Data!$S$2:$S$241,Data!$B$2:$B$241,$A17,Data!$H$2:$H$241,"Brand_Logo",Data!$G$2:$G$241,"Commercial_1_Balls") | D17: =SUMIFS(Data!$S$2:$S$241,Data!$B$2:$B$241,$A17,Data!$H$2:$H$241,"Brand_Logo",Data!$G$2:$G$241,"Commercial_2_Paint") | E17: =D17-C17 | G17: p from the hand computed t | H17: =_xlfn.T.DIST.2T(ABS(H14),H15) | I17: =T.DIST.2T(ABS(H14),H15) | J17: should match the T.TEST cell
A18: R16 | B18: =INDEX(Data!$E$2:$E$241,MATCH($A18,Data!$B$2:$B$241,0)) | C18: =SUMIFS(Data!$S$2:$S$241,Data!$B$2:$B$241,$A18,Data!$H$2:$H$241,"Brand_Logo",Data!$G$2:$G$241,"Commercial_1_Balls") | D18: =SUMIFS(Data!$S$2:$S$241,Data!$B$2:$B$241,$A18,Data!$H$2:$H$241,"Brand_Logo",Data!$G$2:$G$241,"Commercial_2_Paint") | E18: =D18-C18 | G18: Critical t (95%) | H18: =_xlfn.T.INV.2T(0.05,H15) | I18: =T.INV.2T(0.05,H15) | J18: two tailed, alpha = .05
A19: R17 | B19: =INDEX(Data!$E$2:$E$241,MATCH($A19,Data!$B$2:$B$241,0)) | C19: =SUMIFS(Data!$S$2:$S$241,Data!$B$2:$B$241,$A19,Data!$H$2:$H$241,"Brand_Logo",Data!$G$2:$G$241,"Commercial_1_Balls") | D19: =SUMIFS(Data!$S$2:$S$241,Data!$B$2:$B$241,$A19,Data!$H$2:$H$241,"Brand_Logo",Data!$G$2:$G$241,"Commercial_2_Paint") | E19: =D19-C19 | G19: Mean difference 95% CI lower | H19: =H11-H18*H13 | I19: =H11-H18*H13
A20: R18 | B20: =INDEX(Data!$E$2:$E$241,MATCH($A20,Data!$B$2:$B$241,0)) | C20: =SUMIFS(Data!$S$2:$S$241,Data!$B$2:$B$241,$A20,Data!$H$2:$H$241,"Brand_Logo",Data!$G$2:$G$241,"Commercial_1_Balls") | D20: =SUMIFS(Data!$S$2:$S$241,Data!$B$2:$B$241,$A20,Data!$H$2:$H$241,"Brand_Logo",Data!$G$2:$G$241,"Commercial_2_Paint") | E20: =D20-C20 | G20: Mean difference 95% CI upper | H20: =H11+H18*H13 | I20: =H11+H18*H13
A21: R19 | B21: =INDEX(Data!$E$2:$E$241,MATCH($A21,Data!$B$2:$B$241,0)) | C21: =SUMIFS(Data!$S$2:$S$241,Data!$B$2:$B$241,$A21,Data!$H$2:$H$241,"Brand_Logo",Data!$G$2:$G$241,"Commercial_1_Balls") | D21: =SUMIFS(Data!$S$2:$S$241,Data!$B$2:$B$241,$A21,Data!$H$2:$H$241,"Brand_Logo",Data!$G$2:$G$241,"Commercial_2_Paint") | E21: =D21-C21 | G21: Cohen's d_z | H21: =H11/H12 | I21: =H11/H12 | J21: d_z = mean difference / SD of differences
A22: R20 | B22: =INDEX(Data!$E$2:$E$241,MATCH($A22,Data!$B$2:$B$241,0)) | C22: =SUMIFS(Data!$S$2:$S$241,Data!$B$2:$B$241,$A22,Data!$H$2:$H$241,"Brand_Logo",Data!$G$2:$G$241,"Commercial_1_Balls") | D22: =SUMIFS(Data!$S$2:$S$241,Data!$B$2:$B$241,$A22,Data!$H$2:$H$241,"Brand_Logo",Data!$G$2:$G$241,"Commercial_2_Paint") | E22: =D22-C22 | G22: SE of d_z (approximation) | H22: =SQRT(1/H10+H21^2/(2*H10)) | I22: =SQRT(1/H10+H21^2/(2*H10)) | J22: sqrt(1/n + d_z^2 / (2 n))
A23: R21 | B23: =INDEX(Data!$E$2:$E$241,MATCH($A23,Data!$B$2:$B$241,0)) | C23: =SUMIFS(Data!$S$2:$S$241,Data!$B$2:$B$241,$A23,Data!$H$2:$H$241,"Brand_Logo",Data!$G$2:$G$241,"Commercial_1_Balls") | D23: =SUMIFS(Data!$S$2:$S$241,Data!$B$2:$B$241,$A23,Data!$H$2:$H$241,"Brand_Logo",Data!$G$2:$G$241,"Commercial_2_Paint") | E23: =D23-C23 | G23: d_z 95% CI lower | H23: =H21-1.96*H22 | I23: =H21-1.96*H22 | J23: large sample approximation; R uses the noncentral t interval
A24: R22 | B24: =INDEX(Data!$E$2:$E$241,MATCH($A24,Data!$B$2:$B$241,0)) | C24: =SUMIFS(Data!$S$2:$S$241,Data!$B$2:$B$241,$A24,Data!$H$2:$H$241,"Brand_Logo",Data!$G$2:$G$241,"Commercial_1_Balls") | D24: =SUMIFS(Data!$S$2:$S$241,Data!$B$2:$B$241,$A24,Data!$H$2:$H$241,"Brand_Logo",Data!$G$2:$G$241,"Commercial_2_Paint") | E24: =D24-C24 | G24: d_z 95% CI upper | H24: =H21+1.96*H22 | I24: =H21+1.96*H22
A25: R24 | B25: =INDEX(Data!$E$2:$E$241,MATCH($A25,Data!$B$2:$B$241,0)) | C25: =SUMIFS(Data!$S$2:$S$241,Data!$B$2:$B$241,$A25,Data!$H$2:$H$241,"Brand_Logo",Data!$G$2:$G$241,"Commercial_1_Balls") | D25: =SUMIFS(Data!$S$2:$S$241,Data!$B$2:$B$241,$A25,Data!$H$2:$H$241,"Brand_Logo",Data!$G$2:$G$241,"Commercial_2_Paint") | E25: =D25-C25 | G25: Correlation of the two columns | H25: =CORREL(C5:C29,D5:D29) | I25: =CORREL(C5:C29,D5:D29) | J25: within respondent correlation
A26: R25 | B26: =INDEX(Data!$E$2:$E$241,MATCH($A26,Data!$B$2:$B$241,0)) | C26: =SUMIFS(Data!$S$2:$S$241,Data!$B$2:$B$241,$A26,Data!$H$2:$H$241,"Brand_Logo",Data!$G$2:$G$241,"Commercial_1_Balls") | D26: =SUMIFS(Data!$S$2:$S$241,Data!$B$2:$B$241,$A26,Data!$H$2:$H$241,"Brand_Logo",Data!$G$2:$G$241,"Commercial_2_Paint") | E26: =D26-C26
A27: R26 | B27: =INDEX(Data!$E$2:$E$241,MATCH($A27,Data!$B$2:$B$241,0)) | C27: =SUMIFS(Data!$S$2:$S$241,Data!$B$2:$B$241,$A27,Data!$H$2:$H$241,"Brand_Logo",Data!$G$2:$G$241,"Commercial_1_Balls") | D27: =SUMIFS(Data!$S$2:$S$241,Data!$B$2:$B$241,$A27,Data!$H$2:$H$241,"Brand_Logo",Data!$G$2:$G$241,"Commercial_2_Paint") | E27: =D27-C27 | G27: Respondent ratio (kept respondents who fixated the logo)
A28: R28 | B28: =INDEX(Data!$E$2:$E$241,MATCH($A28,Data!$B$2:$B$241,0)) | C28: =SUMIFS(Data!$S$2:$S$241,Data!$B$2:$B$241,$A28,Data!$H$2:$H$241,"Brand_Logo",Data!$G$2:$G$241,"Commercial_1_Balls") | D28: =SUMIFS(Data!$S$2:$S$241,Data!$B$2:$B$241,$A28,Data!$H$2:$H$241,"Brand_Logo",Data!$G$2:$G$241,"Commercial_2_Paint") | E28: =D28-C28 | G28: Kept respondents with a Brand_Logo row, Balls | H28: =COUNTIFS(Data!$H$2:$H$241,"Brand_Logo",Data!$Z$2:$Z$241,"Yes",Data!$G$2:$G$241,"Commercial_1_Balls") | I28: =COUNTIFS(Data!$H$2:$H$241,"Brand_Logo",Data!$Z$2:$Z$241,"Yes",Data!$G$2:$G$241,"Commercial_1_Balls")
A29: R30 | B29: =INDEX(Data!$E$2:$E$241,MATCH($A29,Data!$B$2:$B$241,0)) | C29: =SUMIFS(Data!$S$2:$S$241,Data!$B$2:$B$241,$A29,Data!$H$2:$H$241,"Brand_Logo",Data!$G$2:$G$241,"Commercial_1_Balls") | D29: =SUMIFS(Data!$S$2:$S$241,Data!$B$2:$B$241,$A29,Data!$H$2:$H$241,"Brand_Logo",Data!$G$2:$G$241,"Commercial_2_Paint") | E29: =D29-C29 | G29: Fixated the logo, Balls | H29: =COUNTIFS(Data!$H$2:$H$241,"Brand_Logo",Data!$Z$2:$Z$241,"Yes",Data!$G$2:$G$241,"Commercial_1_Balls",Data!$AC$2:$AC$241,1) | I29: =COUNTIFS(Data!$H$2:$H$241,"Brand_Logo",Data!$Z$2:$Z$241,"Yes",Data!$G$2:$G$241,"Commercial_1_Balls",Data!$AC$2:$AC$241,1)
G30: Respondent ratio, Balls (%) | H30: =100*H29/H28 | I30: =100*H29/H28 | J30: fixation based Respondent ratio (%)
G31: Kept respondents with a Brand_Logo row, Paint | H31: =COUNTIFS(Data!$H$2:$H$241,"Brand_Logo",Data!$Z$2:$Z$241,"Yes",Data!$G$2:$G$241,"Commercial_2_Paint") | I31: =COUNTIFS(Data!$H$2:$H$241,"Brand_Logo",Data!$Z$2:$Z$241,"Yes",Data!$G$2:$G$241,"Commercial_2_Paint")
G32: Fixated the logo, Paint | H32: =COUNTIFS(Data!$H$2:$H$241,"Brand_Logo",Data!$Z$2:$Z$241,"Yes",Data!$G$2:$G$241,"Commercial_2_Paint",Data!$AC$2:$AC$241,1) | I32: =COUNTIFS(Data!$H$2:$H$241,"Brand_Logo",Data!$Z$2:$Z$241,"Yes",Data!$G$2:$G$241,"Commercial_2_Paint",Data!$AC$2:$AC$241,1)
G33: Respondent ratio, Paint (%) | H33: =100*H32/H31 | I33: =100*H32/H31
G35: Checks
G36: Kept respondents with a TTFF in both commercials (counted from Data) | H36: =SUMPRODUCT(--(COUNTIFS(Data!$B$2:$B$241,ProductTV!$A$5:$A$33,Data!$H$2:$H$241,"Brand_Logo",Data!$G$2:$G$241,"Commercial_1_Balls",Data!$AC$2:$AC$241,1)=1),--(COUNTIFS(Data!$B$2:$B$241,ProductTV!$A$5:$A$33,Data!$H$2:$H$241,"Brand_Logo",Data!$G$2:$G$241,"Commercial_2_Paint",Data!$AC$2:$AC$241,1)=1)) | I36: =SUMPRODUCT(--(COUNTIFS(Data!$B$2:$B$241,ProductTV!$A$5:$A$33,Data!$H$2:$H$241,"Brand_Logo",Data!$G$2:$G$241,"Commercial_1_Balls",Data!$AC$2:$AC$241,1)=1),--(COUNTIFS(Data!$B$2:$B$241,ProductTV!$A$5:$A$33,Data!$H$2:$H$241,"Brand_Logo",Data!$G$2:$G$241,"Commercial_2_Paint",Data!$AC$2:$AC$241,1)=1)) | J36: must equal n pairs; checks the roster against every kept respondent listed on the ProductTV sheet

Sheet Survey
A1: H3. Liking after each commercial, joined to Brand_Logo dwell time. SIMULATED data.
A3: Study Name | B3: Respondent Name | C3: Group | D3: Liking_Balls_1to7 | E3: Liking_Paint_1to7 | F3: Brand_recall | G3: Ad_preferred | H3: Keep | I3: Difference (Paint minus Balls) | J3: Brand_Logo Dwell time (ms), both commercials | K3: Recall (1 = Yes) | M3: Statistic | N3: Value | O3: Formula shown | P3: Note
A4: SIMULATED_AdTest_Balls_vs_Paint | B4: R01 | C4: A | D4: 6 | E4: 6 | F4: Yes | G4: Balls | H4: =IF(INDEX(Data!$L$2:$L$241,MATCH($B4,Data!$B$2:$B$241,0))>=70,"Yes","No") | I4: =E4-D4 | J4: =SUMIFS(Data!$V$2:$V$241,Data!$B$2:$B$241,$B4,Data!$H$2:$H$241,"Brand_Logo") | K4: =IF(F4="Yes",1,0) | M4: Paired t test and d_z: Liking (1 to 7)
A5: SIMULATED_AdTest_Balls_vs_Paint | B5: R02 | C5: B | D5: 6 | E5: 7 | F5: Yes | G5: Paint | H5: =IF(INDEX(Data!$L$2:$L$241,MATCH($B5,Data!$B$2:$B$241,0))>=70,"Yes","No") | I5: =E5-D5 | J5: =SUMIFS(Data!$V$2:$V$241,Data!$B$2:$B$241,$B5,Data!$H$2:$H$241,"Brand_Logo") | K5: =IF(F5="Yes",1,0) | M5: Balls mean (points) | N5: =AVERAGE(D4:D32) | O5: =AVERAGE(D4:D32) | P5: AVERAGE of the Balls column
A6: SIMULATED_AdTest_Balls_vs_Paint | B6: R03 | C6: A | D6: 6 | E6: 5 | F6: Yes | G6: Balls | H6: =IF(INDEX(Data!$L$2:$L$241,MATCH($B6,Data!$B$2:$B$241,0))>=70,"Yes","No") | I6: =E6-D6 | J6: =SUMIFS(Data!$V$2:$V$241,Data!$B$2:$B$241,$B6,Data!$H$2:$H$241,"Brand_Logo") | K6: =IF(F6="Yes",1,0) | M6: Balls SD (points) | N6: =_xlfn.STDEV.S(D4:D32) | O6: =STDEV.S(D4:D32) | P6: STDEV.S = sample standard deviation
A7: SIMULATED_AdTest_Balls_vs_Paint | B7: R04 | C7: B | D7: 6 | E7: 2 | F7: Yes | G7: Balls | H7: =IF(INDEX(Data!$L$2:$L$241,MATCH($B7,Data!$B$2:$B$241,0))>=70,"Yes","No") | I7: =E7-D7 | J7: =SUMIFS(Data!$V$2:$V$241,Data!$B$2:$B$241,$B7,Data!$H$2:$H$241,"Brand_Logo") | K7: =IF(F7="Yes",1,0) | M7: Paint mean (points) | N7: =AVERAGE(E4:E32) | O7: =AVERAGE(E4:E32)
A8: SIMULATED_AdTest_Balls_vs_Paint | B8: R05 | C8: A | D8: 4 | E8: 4 | F8: Yes | G8: Balls | H8: =IF(INDEX(Data!$L$2:$L$241,MATCH($B8,Data!$B$2:$B$241,0))>=70,"Yes","No") | I8: =E8-D8 | J8: =SUMIFS(Data!$V$2:$V$241,Data!$B$2:$B$241,$B8,Data!$H$2:$H$241,"Brand_Logo") | K8: =IF(F8="Yes",1,0) | M8: Paint SD (points) | N8: =_xlfn.STDEV.S(E4:E32) | O8: =STDEV.S(E4:E32)
A9: SIMULATED_AdTest_Balls_vs_Paint | B9: R06 | C9: B | D9: 4 | E9: 4 | F9: No | G9: Balls | H9: =IF(INDEX(Data!$L$2:$L$241,MATCH($B9,Data!$B$2:$B$241,0))>=70,"Yes","No") | I9: =E9-D9 | J9: =SUMIFS(Data!$V$2:$V$241,Data!$B$2:$B$241,$B9,Data!$H$2:$H$241,"Brand_Logo") | K9: =IF(F9="Yes",1,0) | M9: n pairs | N9: =COUNT(I4:I32) | O9: =COUNT(I4:I32) | P9: kept respondents only
A10: SIMULATED_AdTest_Balls_vs_Paint | B10: R07 | C10: A | D10: 7 | E10: 6 | F10: Yes | G10: Balls | H10: =IF(INDEX(Data!$L$2:$L$241,MATCH($B10,Data!$B$2:$B$241,0))>=70,"Yes","No") | I10: =E10-D10 | J10: =SUMIFS(Data!$V$2:$V$241,Data!$B$2:$B$241,$B10,Data!$H$2:$H$241,"Brand_Logo") | K10: =IF(F10="Yes",1,0) | M10: Mean difference, Paint minus Balls (points) | N10: =AVERAGE(I4:I32) | O10: =AVERAGE(I4:I32)
A11: SIMULATED_AdTest_Balls_vs_Paint | B11: R08 | C11: B | D11: 6 | E11: 4 | F11: Yes | G11: Balls | H11: =IF(INDEX(Data!$L$2:$L$241,MATCH($B11,Data!$B$2:$B$241,0))>=70,"Yes","No") | I11: =E11-D11 | J11: =SUMIFS(Data!$V$2:$V$241,Data!$B$2:$B$241,$B11,Data!$H$2:$H$241,"Brand_Logo") | K11: =IF(F11="Yes",1,0) | M11: SD of the differences (points) | N11: =_xlfn.STDEV.S(I4:I32) | O11: =STDEV.S(I4:I32) | P11: the SD that matters in a paired test
A12: SIMULATED_AdTest_Balls_vs_Paint | B12: R09 | C12: A | D12: 4 | E12: 4 | F12: Yes | G12: Balls | H12: =IF(INDEX(Data!$L$2:$L$241,MATCH($B12,Data!$B$2:$B$241,0))>=70,"Yes","No") | I12: =E12-D12 | J12: =SUMIFS(Data!$V$2:$V$241,Data!$B$2:$B$241,$B12,Data!$H$2:$H$241,"Brand_Logo") | K12: =IF(F12="Yes",1,0) | M12: SE of the mean difference | N12: =N11/SQRT(N9) | O12: =N11/SQRT(N9) | P12: SD of differences / sqrt(n)
A13: SIMULATED_AdTest_Balls_vs_Paint | B13: R10 | C13: B | D13: 5 | E13: 5 | F13: No | G13: Paint | H13: =IF(INDEX(Data!$L$2:$L$241,MATCH($B13,Data!$B$2:$B$241,0))>=70,"Yes","No") | I13: =E13-D13 | J13: =SUMIFS(Data!$V$2:$V$241,Data!$B$2:$B$241,$B13,Data!$H$2:$H$241,"Brand_Logo") | K13: =IF(F13="Yes",1,0) | M13: Paired t | N13: =N10/N12 | O13: =N10/N12 | P13: t = mean difference / SE
A14: SIMULATED_AdTest_Balls_vs_Paint | B14: R11 | C14: A | D14: 4 | E14: 5 | F14: No | G14: Paint | H14: =IF(INDEX(Data!$L$2:$L$241,MATCH($B14,Data!$B$2:$B$241,0))>=70,"Yes","No") | I14: =E14-D14 | J14: =SUMIFS(Data!$V$2:$V$241,Data!$B$2:$B$241,$B14,Data!$H$2:$H$241,"Brand_Logo") | K14: =IF(F14="Yes",1,0) | M14: df | N14: =N9-1 | O14: =N9-1 | P14: n pairs minus 1
A15: SIMULATED_AdTest_Balls_vs_Paint | B15: R12 | C15: B | D15: 6 | E15: 6 | F15: Yes | G15: Balls | H15: =IF(INDEX(Data!$L$2:$L$241,MATCH($B15,Data!$B$2:$B$241,0))>=70,"Yes","No") | I15: =E15-D15 | J15: =SUMIFS(Data!$V$2:$V$241,Data!$B$2:$B$241,$B15,Data!$H$2:$H$241,"Brand_Logo") | K15: =IF(F15="Yes",1,0) | M15: p, two tailed (T.TEST type 1) | N15: =_xlfn.T.TEST(D4:D32,E4:E32,2,1) | O15: =T.TEST(D4:D32,E4:E32,2,1) | P15: tails = 2, type = 1 means paired
A16: SIMULATED_AdTest_Balls_vs_Paint | B16: R13 | C16: A | D16: 4 | E16: 4 | F16: Yes | G16: Paint | H16: =IF(INDEX(Data!$L$2:$L$241,MATCH($B16,Data!$B$2:$B$241,0))>=70,"Yes","No") | I16: =E16-D16 | J16: =SUMIFS(Data!$V$2:$V$241,Data!$B$2:$B$241,$B16,Data!$H$2:$H$241,"Brand_Logo") | K16: =IF(F16="Yes",1,0) | M16: p from the hand computed t | N16: =_xlfn.T.DIST.2T(ABS(N13),N14) | O16: =T.DIST.2T(ABS(N13),N14) | P16: should match the T.TEST cell
A17: SIMULATED_AdTest_Balls_vs_Paint | B17: R14 | C17: B | D17: 7 | E17: 7 | F17: Yes | G17: Paint | H17: =IF(INDEX(Data!$L$2:$L$241,MATCH($B17,Data!$B$2:$B$241,0))>=70,"Yes","No") | I17: =E17-D17 | J17: =SUMIFS(Data!$V$2:$V$241,Data!$B$2:$B$241,$B17,Data!$H$2:$H$241,"Brand_Logo") | K17: =IF(F17="Yes",1,0) | M17: Critical t (95%) | N17: =_xlfn.T.INV.2T(0.05,N14) | O17: =T.INV.2T(0.05,N14) | P17: two tailed, alpha = .05
A18: SIMULATED_AdTest_Balls_vs_Paint | B18: R15 | C18: A | D18: 5 | E18: 5 | F18: Yes | G18: Balls | H18: =IF(INDEX(Data!$L$2:$L$241,MATCH($B18,Data!$B$2:$B$241,0))>=70,"Yes","No") | I18: =E18-D18 | J18: =SUMIFS(Data!$V$2:$V$241,Data!$B$2:$B$241,$B18,Data!$H$2:$H$241,"Brand_Logo") | K18: =IF(F18="Yes",1,0) | M18: Mean difference 95% CI lower | N18: =N10-N17*N12 | O18: =N10-N17*N12
A19: SIMULATED_AdTest_Balls_vs_Paint | B19: R16 | C19: B | D19: 6 | E19: 5 | F19: Yes | G19: Balls | H19: =IF(INDEX(Data!$L$2:$L$241,MATCH($B19,Data!$B$2:$B$241,0))>=70,"Yes","No") | I19: =E19-D19 | J19: =SUMIFS(Data!$V$2:$V$241,Data!$B$2:$B$241,$B19,Data!$H$2:$H$241,"Brand_Logo") | K19: =IF(F19="Yes",1,0) | M19: Mean difference 95% CI upper | N19: =N10+N17*N12 | O19: =N10+N17*N12
A20: SIMULATED_AdTest_Balls_vs_Paint | B20: R17 | C20: A | D20: 6 | E20: 3 | F20: No | G20: Balls | H20: =IF(INDEX(Data!$L$2:$L$241,MATCH($B20,Data!$B$2:$B$241,0))>=70,"Yes","No") | I20: =E20-D20 | J20: =SUMIFS(Data!$V$2:$V$241,Data!$B$2:$B$241,$B20,Data!$H$2:$H$241,"Brand_Logo") | K20: =IF(F20="Yes",1,0) | M20: Cohen's d_z | N20: =N10/N11 | O20: =N10/N11 | P20: d_z = mean difference / SD of differences
A21: SIMULATED_AdTest_Balls_vs_Paint | B21: R18 | C21: B | D21: 5 | E21: 5 | F21: Yes | G21: Paint | H21: =IF(INDEX(Data!$L$2:$L$241,MATCH($B21,Data!$B$2:$B$241,0))>=70,"Yes","No") | I21: =E21-D21 | J21: =SUMIFS(Data!$V$2:$V$241,Data!$B$2:$B$241,$B21,Data!$H$2:$H$241,"Brand_Logo") | K21: =IF(F21="Yes",1,0) | M21: SE of d_z (approximation) | N21: =SQRT(1/N9+N20^2/(2*N9)) | O21: =SQRT(1/N9+N20^2/(2*N9)) | P21: sqrt(1/n + d_z^2 / (2 n))
A22: SIMULATED_AdTest_Balls_vs_Paint | B22: R19 | C22: A | D22: 6 | E22: 6 | F22: Yes | G22: Balls | H22: =IF(INDEX(Data!$L$2:$L$241,MATCH($B22,Data!$B$2:$B$241,0))>=70,"Yes","No") | I22: =E22-D22 | J22: =SUMIFS(Data!$V$2:$V$241,Data!$B$2:$B$241,$B22,Data!$H$2:$H$241,"Brand_Logo") | K22: =IF(F22="Yes",1,0) | M22: d_z 95% CI lower | N22: =N20-1.96*N21 | O22: =N20-1.96*N21 | P22: large sample approximation; R uses the noncentral t interval
A23: SIMULATED_AdTest_Balls_vs_Paint | B23: R20 | C23: B | D23: 5 | E23: 4 | F23: Yes | G23: Balls | H23: =IF(INDEX(Data!$L$2:$L$241,MATCH($B23,Data!$B$2:$B$241,0))>=70,"Yes","No") | I23: =E23-D23 | J23: =SUMIFS(Data!$V$2:$V$241,Data!$B$2:$B$241,$B23,Data!$H$2:$H$241,"Brand_Logo") | K23: =IF(F23="Yes",1,0) | M23: d_z 95% CI upper | N23: =N20+1.96*N21 | O23: =N20+1.96*N21
A24: SIMULATED_AdTest_Balls_vs_Paint | B24: R21 | C24: A | D24: 6 | E24: 5 | F24: Yes | G24: Balls | H24: =IF(INDEX(Data!$L$2:$L$241,MATCH($B24,Data!$B$2:$B$241,0))>=70,"Yes","No") | I24: =E24-D24 | J24: =SUMIFS(Data!$V$2:$V$241,Data!$B$2:$B$241,$B24,Data!$H$2:$H$241,"Brand_Logo") | K24: =IF(F24="Yes",1,0) | M24: Correlation of the two columns | N24: =CORREL(D4:D32,E4:E32) | O24: =CORREL(D4:D32,E4:E32) | P24: within respondent correlation
A25: SIMULATED_AdTest_Balls_vs_Paint | B25: R22 | C25: B | D25: 5 | E25: 5 | F25: Yes | G25: Balls | H25: =IF(INDEX(Data!$L$2:$L$241,MATCH($B25,Data!$B$2:$B$241,0))>=70,"Yes","No") | I25: =E25-D25 | J25: =SUMIFS(Data!$V$2:$V$241,Data!$B$2:$B$241,$B25,Data!$H$2:$H$241,"Brand_Logo") | K25: =IF(F25="Yes",1,0)
A26: SIMULATED_AdTest_Balls_vs_Paint | B26: R24 | C26: B | D26: 6 | E26: 6 | F26: Yes | G26: Balls | H26: =IF(INDEX(Data!$L$2:$L$241,MATCH($B26,Data!$B$2:$B$241,0))>=70,"Yes","No") | I26: =E26-D26 | J26: =SUMIFS(Data!$V$2:$V$241,Data!$B$2:$B$241,$B26,Data!$H$2:$H$241,"Brand_Logo") | K26: =IF(F26="Yes",1,0) | M26: Preference and ratings (kept respondents)
A27: SIMULATED_AdTest_Balls_vs_Paint | B27: R25 | C27: A | D27: 5 | E27: 5 | F27: Yes | G27: Balls | H27: =IF(INDEX(Data!$L$2:$L$241,MATCH($B27,Data!$B$2:$B$241,0))>=70,"Yes","No") | I27: =E27-D27 | J27: =SUMIFS(Data!$V$2:$V$241,Data!$B$2:$B$241,$B27,Data!$H$2:$H$241,"Brand_Logo") | K27: =IF(F27="Yes",1,0) | M27: Ad_preferred = Balls (count) | N27: =COUNTIF(G4:G32,"Balls") | O27: =COUNTIF(G4:G32,"Balls")
A28: SIMULATED_AdTest_Balls_vs_Paint | B28: R26 | C28: B | D28: 6 | E28: 6 | F28: Yes | G28: Balls | H28: =IF(INDEX(Data!$L$2:$L$241,MATCH($B28,Data!$B$2:$B$241,0))>=70,"Yes","No") | I28: =E28-D28 | J28: =SUMIFS(Data!$V$2:$V$241,Data!$B$2:$B$241,$B28,Data!$H$2:$H$241,"Brand_Logo") | K28: =IF(F28="Yes",1,0) | M28: Ad_preferred = Paint (count) | N28: =COUNTIF(G4:G32,"Paint") | O28: =COUNTIF(G4:G32,"Paint")
A29: SIMULATED_AdTest_Balls_vs_Paint | B29: R27 | C29: A | D29: 5 | E29: 5 | F29: Yes | G29: Balls | H29: =IF(INDEX(Data!$L$2:$L$241,MATCH($B29,Data!$B$2:$B$241,0))>=70,"Yes","No") | I29: =E29-D29 | J29: =SUMIFS(Data!$V$2:$V$241,Data!$B$2:$B$241,$B29,Data!$H$2:$H$241,"Brand_Logo") | K29: =IF(F29="Yes",1,0) | M29: Rated Balls higher (count) | N29: =SUMPRODUCT(--(D4:D32>E4:E32)) | O29: =SUMPRODUCT(--(D4:D32>E4:E32))
A30: SIMULATED_AdTest_Balls_vs_Paint | B30: R28 | C30: B | D30: 7 | E30: 6 | F30: Yes | G30: Balls | H30: =IF(INDEX(Data!$L$2:$L$241,MATCH($B30,Data!$B$2:$B$241,0))>=70,"Yes","No") | I30: =E30-D30 | J30: =SUMIFS(Data!$V$2:$V$241,Data!$B$2:$B$241,$B30,Data!$H$2:$H$241,"Brand_Logo") | K30: =IF(F30="Yes",1,0) | M30: Rated Paint higher (count) | N30: =SUMPRODUCT(--(E4:E32>D4:D32)) | O30: =SUMPRODUCT(--(E4:E32>D4:D32))
A31: SIMULATED_AdTest_Balls_vs_Paint | B31: R29 | C31: A | D31: 6 | E31: 4 | F31: No | G31: Balls | H31: =IF(INDEX(Data!$L$2:$L$241,MATCH($B31,Data!$B$2:$B$241,0))>=70,"Yes","No") | I31: =E31-D31 | J31: =SUMIFS(Data!$V$2:$V$241,Data!$B$2:$B$241,$B31,Data!$H$2:$H$241,"Brand_Logo") | K31: =IF(F31="Yes",1,0) | M31: Equal ratings (count) | N31: =SUMPRODUCT(--(D4:D32=E4:E32)) | O31: =SUMPRODUCT(--(D4:D32=E4:E32))
A32: SIMULATED_AdTest_Balls_vs_Paint | B32: R30 | C32: B | D32: 6 | E32: 6 | F32: Yes | G32: Paint | H32: =IF(INDEX(Data!$L$2:$L$241,MATCH($B32,Data!$B$2:$B$241,0))>=70,"Yes","No") | I32: =E32-D32 | J32: =SUMIFS(Data!$V$2:$V$241,Data!$B$2:$B$241,$B32,Data!$H$2:$H$241,"Brand_Logo") | K32: =IF(F32="Yes",1,0)
A33: SIMULATED_AdTest_Balls_vs_Paint | B33: R23 | C33: A | D33: 4 | E33: 5 | F33: No | G33: Paint | H33: =IF(INDEX(Data!$L$2:$L$241,MATCH($B33,Data!$B$2:$B$241,0))>=70,"Yes","No") | I33: =E33-D33 | J33: =SUMIFS(Data!$V$2:$V$241,Data!$B$2:$B$241,$B33,Data!$H$2:$H$241,"Brand_Logo") | K33: =IF(F33="Yes",1,0) | M33: Brand recall and Brand_Logo dwell time (point biserial)
M34: Brand_recall = Yes (count) | N34: =COUNTIF(F4:F32,"Yes") | O34: =COUNTIF(F4:F32,"Yes")
A35: Rows 4 to 32 are the 29 kept respondents; the excluded respondent (R23) is listed last (row 33) and left out of every test range. | M35: Kept respondents | N35: =COUNTA(B4:B32) | O35: =COUNTA(B4:B32)
M36: Percent Yes | N36: =100*N34/N35 | O36: =100*N34/N35
M37: Mean total logo dwell (ms), recall Yes | N37: =AVERAGEIFS(J4:J32,F4:F32,"Yes") | O37: =AVERAGEIFS(J4:J32,F4:F32,"Yes")
M38: Mean total logo dwell (ms), recall No | N38: =AVERAGEIFS(J4:J32,F4:F32,"No") | O38: =AVERAGEIFS(J4:J32,F4:F32,"No")
M39: Point biserial r (CORREL) | N39: =CORREL(J4:J32,K4:K32) | O39: =CORREL(J4:J32,K4:K32) | P39: Pearson r of a continuous variable with a 0/1 variable
M40: t for r | N40: =N39*SQRT((N35-2)/(1-N39^2)) | O40: =N39*SQRT((N35-2)/(1-N39^2)) | P40: t = r sqrt((n - 2) / (1 - r^2))
M41: p, two tailed | N41: =_xlfn.T.DIST.2T(ABS(N40),N35-2) | O41: =T.DIST.2T(ABS(N40),N35-2) | P41: df = n - 2
M42: r 95% CI lower (Fisher z) | N42: =TANH(ATANH(N39)-_xlfn.NORM.S.INV(0.975)/SQRT(N35-3)) | O42: =TANH(ATANH(N39)-NORM.S.INV(0.975)/SQRT(N35-3))
M43: r 95% CI upper (Fisher z) | N43: =TANH(ATANH(N39)+_xlfn.NORM.S.INV(0.975)/SQRT(N35-3)) | O43: =TANH(ATANH(N39)+NORM.S.INV(0.975)/SQRT(N35-3))

Sheet Check
A1: Live Excel results next to the values analysis.R produced (SIMULATED data). Status is OK when they agree within the tolerance.
A3: Quantity | B3: Excel (live formula) | C3: analysis.R | D3: Difference | E3: Tolerance | F3: Status
A4: H1 Product_TV dwell (%): mean Balls | B4: =ProductTV!J6 | C4: 21.243793 | D4: =B4-C4 | E4: 0.0001 | F4: =IF(ABS(D4)<=E4,"OK","CHECK")
A5: H1 Product_TV dwell (%): mean Paint | B5: =ProductTV!J8 | C5: 28.488966 | D5: =B5-C5 | E5: 0.0001 | F5: =IF(ABS(D5)<=E5,"OK","CHECK")
A6: H1 Product_TV dwell (%): mean difference | B6: =ProductTV!J11 | C6: 7.245172 | D6: =B6-C6 | E6: 0.0001 | F6: =IF(ABS(D6)<=E6,"OK","CHECK")
A7: H1 Product_TV dwell (%): SD of differences | B7: =ProductTV!J12 | C7: 7.396973 | D7: =B7-C7 | E7: 0.0001 | F7: =IF(ABS(D7)<=E7,"OK","CHECK")
A8: H1 Product_TV dwell (%): paired t | B8: =ProductTV!J14 | C8: 5.274651 | D8: =B8-C8 | E8: 0.0001 | F8: =IF(ABS(D8)<=E8,"OK","CHECK")
A9: H1 Product_TV dwell (%): df | B9: =ProductTV!J15 | C9: 28 | D9: =B9-C9 | E9: 1e-09 | F9: =IF(ABS(D9)<=E9,"OK","CHECK")
A10: H1 Product_TV dwell (%): p (T.TEST type 1) | B10: =ProductTV!J16 | C10: 1.309e-05 | D10: =B10-C10 | E10: 7.545e-09 | F10: =IF(ABS(D10)<=E10,"OK","CHECK")
A11: H1 Product_TV dwell (%): mean difference CI lower | B11: =ProductTV!J19 | C11: 4.431514 | D11: =B11-C11 | E11: 0.0001 | F11: =IF(ABS(D11)<=E11,"OK","CHECK")
A12: H1 Product_TV dwell (%): mean difference CI upper | B12: =ProductTV!J20 | C12: 10.05883 | D12: =B12-C12 | E12: 0.0001 | F12: =IF(ABS(D12)<=E12,"OK","CHECK")
A13: H1 Product_TV dwell (%): Cohen's d_z | B13: =ProductTV!J21 | C13: 0.979478 | D13: =B13-C13 | E13: 0.0001 | F13: =IF(ABS(D13)<=E13,"OK","CHECK")
A14: H1 Product_TV dwell (%): d_z CI lower (method differs) | B14: =ProductTV!J23 | C14: 0.528971 | D14: =B14-C14 | E14: 0.1 | F14: =IF(ABS(D14)<=E14,"OK","CHECK") | G14: Excel: large sample approximation; R: noncentral t
A15: H1 Product_TV dwell (%): d_z CI upper (method differs) | B15: =ProductTV!J24 | C15: 1.418147 | D15: =B15-C15 | E15: 0.1 | F15: =IF(ABS(D15)<=E15,"OK","CHECK") | G15: Excel: large sample approximation; R: noncentral t
A16: H2 Brand_Logo TTFF (ms): mean Balls | B16: =BrandLogo!H6 | C16: 906.76 | D16: =B16-C16 | E16: 0.0001 | F16: =IF(ABS(D16)<=E16,"OK","CHECK")
A17: H2 Brand_Logo TTFF (ms): mean Paint | B17: =BrandLogo!H8 | C17: 786.96 | D17: =B17-C17 | E17: 0.0001 | F17: =IF(ABS(D17)<=E17,"OK","CHECK")
A18: H2 Brand_Logo TTFF (ms): mean difference | B18: =BrandLogo!H11 | C18: -119.8 | D18: =B18-C18 | E18: 0.0001 | F18: =IF(ABS(D18)<=E18,"OK","CHECK")
A19: H2 Brand_Logo TTFF (ms): SD of differences | B19: =BrandLogo!H12 | C19: 330.6917 | D19: =B19-C19 | E19: 0.0001 | F19: =IF(ABS(D19)<=E19,"OK","CHECK")
A20: H2 Brand_Logo TTFF (ms): paired t | B20: =BrandLogo!H14 | C20: -1.811355 | D20: =B20-C20 | E20: 0.0001 | F20: =IF(ABS(D20)<=E20,"OK","CHECK")
A21: H2 Brand_Logo TTFF (ms): df | B21: =BrandLogo!H15 | C21: 24 | D21: =B21-C21 | E21: 1e-09 | F21: =IF(ABS(D21)<=E21,"OK","CHECK")
A22: H2 Brand_Logo TTFF (ms): p (T.TEST type 1) | B22: =BrandLogo!H16 | C22: 0.08262 | D22: =B22-C22 | E22: 4.1311e-05 | F22: =IF(ABS(D22)<=E22,"OK","CHECK")
A23: H2 Brand_Logo TTFF (ms): mean difference CI lower | B23: =BrandLogo!H19 | C23: -256.30282 | D23: =B23-C23 | E23: 0.0001 | F23: =IF(ABS(D23)<=E23,"OK","CHECK")
A24: H2 Brand_Logo TTFF (ms): mean difference CI upper | B24: =BrandLogo!H20 | C24: 16.702825 | D24: =B24-C24 | E24: 0.0001 | F24: =IF(ABS(D24)<=E24,"OK","CHECK")
A25: H2 Brand_Logo TTFF (ms): Cohen's d_z | B25: =BrandLogo!H21 | C25: -0.362271 | D25: =B25-C25 | E25: 0.0001 | F25: =IF(ABS(D25)<=E25,"OK","CHECK")
A26: H2 Brand_Logo TTFF (ms): d_z CI lower (method differs) | B26: =BrandLogo!H23 | C26: -0.76378 | D26: =B26-C26 | E26: 0.1 | F26: =IF(ABS(D26)<=E26,"OK","CHECK") | G26: Excel: large sample approximation; R: noncentral t
A27: H2 Brand_Logo TTFF (ms): d_z CI upper (method differs) | B27: =BrandLogo!H24 | C27: 0.046282 | D27: =B27-C27 | E27: 0.1 | F27: =IF(ABS(D27)<=E27,"OK","CHECK") | G27: Excel: large sample approximation; R: noncentral t
A28: H3 Liking: mean Balls | B28: =Survey!N5 | C28: 5.517241 | D28: =B28-C28 | E28: 0.0001 | F28: =IF(ABS(D28)<=E28,"OK","CHECK")
A29: H3 Liking: mean Paint | B29: =Survey!N7 | C29: 5 | D29: =B29-C29 | E29: 0.0001 | F29: =IF(ABS(D29)<=E29,"OK","CHECK")
A30: H3 Liking: mean difference | B30: =Survey!N10 | C30: -0.517241 | D30: =B30-C30 | E30: 0.0001 | F30: =IF(ABS(D30)<=E30,"OK","CHECK")
A31: H3 Liking: SD of differences | B31: =Survey!N11 | C31: 1.089583 | D31: =B31-C31 | E31: 0.0001 | F31: =IF(ABS(D31)<=E31,"OK","CHECK")
A32: H3 Liking: paired t | B32: =Survey!N13 | C32: -2.556417 | D32: =B32-C32 | E32: 0.0001 | F32: =IF(ABS(D32)<=E32,"OK","CHECK")
A33: H3 Liking: df | B33: =Survey!N14 | C33: 28 | D33: =B33-C33 | E33: 1e-09 | F33: =IF(ABS(D33)<=E33,"OK","CHECK")
A34: H3 Liking: p (T.TEST type 1) | B34: =Survey!N15 | C34: 0.01629 | D34: =B34-C34 | E34: 8.146e-06 | F34: =IF(ABS(D34)<=E34,"OK","CHECK")
A35: H3 Liking: mean difference CI lower | B35: =Survey!N18 | C35: -0.931697 | D35: =B35-C35 | E35: 0.0001 | F35: =IF(ABS(D35)<=E35,"OK","CHECK")
A36: H3 Liking: mean difference CI upper | B36: =Survey!N19 | C36: -0.102786 | D36: =B36-C36 | E36: 0.0001 | F36: =IF(ABS(D36)<=E36,"OK","CHECK")
A37: H3 Liking: Cohen's d_z | B37: =Survey!N20 | C37: -0.474715 | D37: =B37-C37 | E37: 0.0001 | F37: =IF(ABS(D37)<=E37,"OK","CHECK")
A38: H3 Liking: d_z CI lower (method differs) | B38: =Survey!N22 | C38: -0.855344 | D38: =B38-C38 | E38: 0.1 | F38: =IF(ABS(D38)<=E38,"OK","CHECK") | G38: Excel: large sample approximation; R: noncentral t
A39: H3 Liking: d_z CI upper (method differs) | B39: =Survey!N23 | C39: -0.086495 | D39: =B39-C39 | E39: 0.1 | F39: =IF(ABS(D39)<=E39,"OK","CHECK") | G39: Excel: large sample approximation; R: noncentral t
A40: Order effect: simple estimate versus lmer order_position | B40: =ProductTV!J32 | C40: 3.612405 | D40: =B40-C40 | E40: 0.001 | F40: =IF(ABS(D40)<=E40,"OK","CHECK") | G40: equal here; in general lmer weights groups differently
A41: Point biserial r (recall with total logo dwell) | B41: =Survey!N39 | C41: 0.416767 | D41: =B41-C41 | E41: 0.0001 | F41: =IF(ABS(D41)<=E41,"OK","CHECK")
A42: Point biserial: t | B42: =Survey!N40 | C42: 2.382346 | D42: =B42-C42 | E42: 0.001 | F42: =IF(ABS(D42)<=E42,"OK","CHECK")
A43: Point biserial: p | B43: =Survey!N41 | C43: 0.02451 | D43: =B43-C43 | E43: 1.2256e-05 | F43: =IF(ABS(D43)<=E43,"OK","CHECK")
A44: Point biserial: CI lower | B44: =Survey!N42 | C44: 0.059323 | D44: =B44-C44 | E44: 0.0001 | F44: =IF(ABS(D44)<=E44,"OK","CHECK")
A45: Point biserial: CI upper | B45: =Survey!N43 | C45: 0.679483 | D45: =B45-C45 | E45: 0.0001 | F45: =IF(ABS(D45)<=E45,"OK","CHECK")
A47: Rows with status CHECK | B47: =COUNTIF(F4:F45,"CHECK")
A48: Not reproducible in Excel: the Wilcoxon signed rank tests, the sensitivity analysis with never fixators set to 5000 ms, the exact binomial and McNemar tests, the mixed model with its ICC, and the noncentral t interval for d_z. See analysis_output.txt.
A50: analysis.R: paired tests (SIMULATED_test_results.csv)
A51: comparison | B51: n | C51: m_balls | D51: m_paint | E51: mean_diff | F51: sd_diff | G51: diff_ci_low | H51: diff_ci_high | I51: t | J51: df | K51: p | L51: dz | M51: dz_ci_low | N51: dz_ci_high | O51: wilcoxon_V | P51: wilcoxon_p
A52: H1 Product_TV Dwell time (%) | B52: 29 | C52: 21.243793 | D52: 28.488966 | E52: 7.245172 | F52: 7.396973 | G52: 4.431514 | H52: 10.05883 | I52: 5.274651 | J52: 28 | K52: 1.309e-05 | L52: 0.979478 | M52: 0.528971 | N52: 1.418147 | O52: 402 | P52: 6.93e-05
A53: H2 Brand_Logo TTFF AOI (ms), both observed | B53: 25 | C53: 906.76 | D53: 786.96 | E53: -119.8 | F53: 330.6917 | G53: -256.30282 | H53: 16.702825 | I53: -1.811355 | J53: 24 | K53: 0.08262 | L53: -0.362271 | M53: -0.76378 | N53: 0.046282 | O53: 88 | P53: 0.04647
A54: H2b Brand_Logo TTFF AOI (ms), never fixated = 5000 | B54: 29 | C54: 1189.2069 | D54: 1064.9655 | E54: -124.24138 | F54: 1635.9656 | G54: -746.52942 | H54: 498.04667 | I54: -0.40897 | J54: 28 | K54: 0.6857 | L54: -0.075944 | M54: -0.439765 | N54: 0.289224 | O54: 142 | P54: 0.1049
A55: H3 Liking (1 to 7) | B55: 29 | C55: 5.517241 | D55: 5 | E55: -0.517241 | F55: 1.089583 | G55: -0.931697 | H55: -0.102786 | I55: -2.556417 | J55: 28 | K55: 0.01629 | L55: -0.474715 | M55: -0.855344 | N55: -0.086495 | O55: 9 | P55: 0.01668
A57: analysis.R: mixed model, point biserial, exploratory (SIMULATED_model_results.csv)
A58: analysis | B58: term | C58: estimate | D58: se | E58: df | F58: statistic | G58: p | H58: ci_low | I58: ci_high
A59: Mixed model Product_TV dwell_pct | B59: Intercept (grand mean) | C59: 24.882536 | D59: 1.167179 | E59: 27 | F59: 21.318533 | G59: 2.007e-18 | H59: 22.487683 | I59: 27.277388
A60: Mixed model Product_TV dwell_pct | B60: Commercial (Paint minus Balls) | C60: 7.369738 | D60: 1.214753 | E60: 27 | F60: 6.066859 | G60: 1.774e-06 | H60: 4.87727 | I60: 9.862206
A61: Mixed model Product_TV dwell_pct | B61: Order position (second minus first) | C61: 3.612405 | D61: 1.214753 | E61: 27 | F61: 2.973776 | G61: 0.006127 | H61: 1.119937 | I61: 6.104873
A62: Mixed model Product_TV dwell_pct | B62: Commercial x order position | C62: 1.874143 | D62: 4.668714 | E62: 27 | F62: 0.401426 | G62: 0.6913 | H62: -7.705268 | I62: 11.453554
A63: Mixed model Product_TV dwell_pct | B63: ICC adjusted (fitted model) | C63: 0.573817 | D63: NA | E63: NA | F63: NA | G63: NA | H63: NA | I63: NA
A64: Mixed model Product_TV dwell_pct | B64: ICC unconditional (intercept only) | C64: 0.184922 | D64: NA | E64: NA | F64: NA | G64: NA | H64: NA | I64: NA
A65: Mixed model Product_TV dwell_pct | B65: Simple order effect estimate ((Group A - Group B) / 2) | C65: 3.612405 | D65: NA | E65: NA | F65: NA | G65: NA | H65: NA | I65: NA
A66: Point biserial: total Brand_Logo dwell (ms) with recall | B66: r_pb | C66: 0.416767 | D66: NA | E66: 27 | F66: 2.382346 | G66: 0.02451 | H66: 0.059323 | I66: 0.679483
A67: Exploratory: dwell difference with liking difference | B67: r | C67: 0.038142 | D67: NA | E67: 27 | F67: 0.198338 | G67: 0.8443 | H67: -0.333019 | I67: 0.399069
A69: analysis.R: descriptives (SIMULATED_descriptives_by_commercial_AOI.csv)
A70: aoi | B70: commercial | C70: aoi_active_ms | D70: n | E70: resp_ratio_pct | F70: n_ttff | G70: ttff_aoi_mean_ms | H70: ttff_aoi_sd_ms | I70: dwell_mean_pct | J70: dwell_sd_pct | K70: dwell_mean_ms | L70: fix_mean | M70: fix_sd | N70: fixdur_mean_ms
A71: Product_TV | B71: Balls | C71: 14000 | D71: 29 | E71: 100 | F71: 29 | G71: 1057.07 | H71: 475.44 | I71: 21.24 | J71: 6.62 | K71: 2974.14 | L71: 11.28 | M71: 5.27 | N71: 283.34
A72: Product_TV | B72: Paint | C72: 20000 | D72: 29 | E72: 100 | F72: 29 | G72: 952.93 | H72: 464.57 | I72: 28.49 | J72: 7.75 | K72: 5697.72 | L72: 19.28 | M72: 6.18 | N72: 303.41
A73: Brand_Logo | B73: Balls | C73: 5000 | D73: 29 | E73: 93.1 | F73: 27 | G73: 906.93 | H73: 249.81 | I73: 38.28 | J73: 17.31 | K73: 1913.79 | L73: 6.86 | M73: 3.48 | N73: 293.81
A74: Brand_Logo | B74: Paint | C74: 5000 | D74: 29 | E74: 93.1 | F74: 27 | G74: 773.48 | H74: 199.21 | I74: 38.72 | J74: 17.1 | K74: 1936.1 | L74: 6.45 | M74: 3.18 | N74: 316.26
A75: Tagline_Text | B75: Balls | C75: 4000 | D75: 29 | E75: 100 | F75: 29 | G75: 1321.66 | H75: 346.85 | I75: 29 | J75: 11.85 | K75: 1160.03 | L75: 4.69 | M75: 2.38 | N75: 260.1
A76: Tagline_Text | B76: Paint | C76: 4000 | D76: 29 | E76: 96.6 | F76: 28 | G76: 1325.32 | H76: 387.71 | I76: 30.63 | J76: 12.21 | K76: 1225.17 | L76: 4.48 | M76: 1.99 | N76: 282.75
A77: Hero_Element | B77: Balls | C77: 40000 | D77: 29 | E77: 100 | F77: 29 | G77: 708.28 | H77: 298.8 | I77: 53.73 | J77: 9.93 | K77: 21491.1 | L77: 74 | M77: 21.83 | N77: 304.03
A78: Hero_Element | B78: Paint | C78: 32000 | D78: 29 | E78: 100 | F78: 29 | G78: 711.14 | H78: 332.15 | I78: 44.9 | J78: 6.86 | K78: 14369.41 | L78: 50.76 | M78: 9.85 | N78: 288.93
